run_id,git_commit,code_sha256,manifest_sha256,configuration_sha256,clip_id,speaker_id,source_split,duration_seconds,seed,branch,is_watermarked,condition,attack_family,attack_setting,detector_threshold,frame_threshold,detection_score,mean_frame_probability,detected,expected_message,recovered_message,bit_errors,bit_accuracy,bit_error_rate,exact_message_recovery,watermark_snr_db,watermark_stoi,stoi,pesq,quality_snr_db,quality_applicability,output_duration_seconds,num_samples,output_peak,clipping_fraction,prelimit_clipping_fraction,embed_runtime_ms,attack_runtime_ms,detect_runtime_ms,status,error_message,attack_metadata,output_sha256
20260905T233538.930635Z,b4f3de4a4f74b8742b201c9e0941cfe5166082fc,0ea442119cfa4d9f99e7b3b3ca6f55ddcdc1e56bc504ecce6b0481de96d1a73b,85a65f1f57cd5918e3529a1210a45ad78cb20cab8a6db637589aecc38e333336,15cd64de2c8ddb012c7001ab2b9d14b9009c3f6c85d26ac718ef884459e419c7,2961-961-0021,2961,test-clean,4.94,20260905,positive,1,clean,clean,"{""family"": ""clean"", ""id"": ""clean""}",0.5,0.5,1.0,0.9999923706054688,1,0001110110001111,0001110110001111,0,1.0,0.0,1,23.700740552559118,0.9988012086919792,0.9988012086919792,NA,23.700740552559118,aligned_to_original,4.94,79040,0.4376334846019745,0.0,0.0,4980.586345074698,0.3197590121999383,114.63869397994131,ok,,"{""clipping_fraction"": 0.0, ""duration_seconds"": 4.94, ""family"": ""clean"", ""id"": ""clean"", ""input_samples"": 79040, ""output_peak"": 0.4376334846019745, ""output_samples"": 79040, ""pre_limiter_peak"": 0.4376334846019745, ""sample_aligned"": true, ""sample_rate"": 16000, ""seed"": 3631222599593739694}",c35e6335348b5cf1a0d721564645b455fc392f9a92805ba1eb1dba7d8fde7ce0
20260905T233538.930635Z,b4f3de4a4f74b8742b201c9e0941cfe5166082fc,0ea442119cfa4d9f99e7b3b3ca6f55ddcdc1e56bc504ecce6b0481de96d1a73b,85a65f1f57cd5918e3529a1210a45ad78cb20cab8a6db637589aecc38e333336,15cd64de2c8ddb012c7001ab2b9d14b9009c3f6c85d26ac718ef884459e419c7,2961-961-0021,2961,test-clean,4.94,20260905,negative,0,clean,clean,"{""family"": ""clean"", ""id"": ""clean""}",0.5,0.5,0.0,0.0008825351251289248,0,0001110110001111,0100110110000100,NA,NA,NA,NA,NA,NA,0.9999999999999998,NA,inf,aligned_to_original,4.94,79040,0.430023193359375,0.0,0.0,NA,0.3184169763699174,68.02359805442393,ok,,"{""clipping_fraction"": 0.0, ""duration_seconds"": 4.94, ""family"": ""clean"", ""id"": ""clean"", ""input_samples"": 79040, ""output_peak"": 0.430023193359375, ""output_samples"": 79040, ""pre_limiter_peak"": 0.430023193359375, ""sample_aligned"": true, ""sample_rate"": 16000, ""seed"": 3631222599593739694}",808191215a829143689c1fd32b11722a16d5bac7ce1ece341d45d3408f1f095e
20260905T233538.930635Z,b4f3de4a4f74b8742b201c9e0941cfe5166082fc,0ea442119cfa4d9f99e7b3b3ca6f55ddcdc1e56bc504ecce6b0481de96d1a73b,85a65f1f57cd5918e3529a1210a45ad78cb20cab8a6db637589aecc38e333336,15cd64de2c8ddb012c7001ab2b9d14b9009c3f6c85d26ac718ef884459e419c7,2961-961-0021,2961,test-clean,4.94,20260905,positive,1,mp3_128,mp3,"{""bitrate_kbps"": 128, ""family"": ""mp3"", ""id"": ""mp3_128""}",0.5,0.5,1.0,0.9999918937683105,1,0001110110001111,0001110110001111,0,1.0,0.0,1,23.700740552559118,0.9988012086919792,NA,NA,NA,NA: MP3 codec delay/alignment not independently verified,4.94,79040,0.4157027304172516,0.0,0.0,4980.586345074698,25.206735939718783,69.91080299485475,ok,,"{""alignment_reason"": ""MP3 codec delay/alignment not independently verified"", ""bitrate_kbps"": 128, ""clipping_fraction"": 0.0, ""codec"": ""libmp3lame"", ""duration_seconds"": 4.94, ""family"": ""mp3"", ""id"": ""mp3_128"", ""input_samples"": 79040, ""output_peak"": 0.4157027304172516, ""output_samples"": 79040, ""pre_limiter_peak"": 0.4157027304172516, ""sample_aligned"": false, ""sample_rate"": 16000, ""seed"": 3592504028331641121}",09bccdb1fbd44f82a78c6f0484011118664d01f2433bae6b35a5c5de000584da
20260905T233538.930635Z,b4f3de4a4f74b8742b201c9e0941cfe5166082fc,0ea442119cfa4d9f99e7b3b3ca6f55ddcdc1e56bc504ecce6b0481de96d1a73b,85a65f1f57cd5918e3529a1210a45ad78cb20cab8a6db637589aecc38e333336,15cd64de2c8ddb012c7001ab2b9d14b9009c3f6c85d26ac718ef884459e419c7,2961-961-0021,2961,test-clean,4.94,20260905,negative,0,mp3_128,mp3,"{""bitrate_kbps"": 128, ""family"": ""mp3"", ""id"": ""mp3_128""}",0.5,0.5,0.0,0.0008574228268116713,0,0001110110001111,0100110110000100,NA,NA,NA,NA,NA,NA,NA,NA,NA,NA: MP3 codec delay/alignment not independently verified,4.94,79040,0.408852219581604,0.0,0.0,NA,22.61775406077504,70.57243201415986,ok,,"{""alignment_reason"": ""MP3 codec delay/alignment not independently verified"", ""bitrate_kbps"": 128, ""clipping_fraction"": 0.0, ""codec"": ""libmp3lame"", ""duration_seconds"": 4.94, ""family"": ""mp3"", ""id"": ""mp3_128"", ""input_samples"": 79040, ""output_peak"": 0.408852219581604, ""output_samples"": 79040, ""pre_limiter_peak"": 0.408852219581604, ""sample_aligned"": false, ""sample_rate"": 16000, ""seed"": 3592504028331641121}",4d675d4cfa7ff179ca5960ca310d538b6e03ba3ee0784447b95d927f6adec893
20260905T233538.930635Z,b4f3de4a4f74b8742b201c9e0941cfe5166082fc,0ea442119cfa4d9f99e7b3b3ca6f55ddcdc1e56bc504ecce6b0481de96d1a73b,85a65f1f57cd5918e3529a1210a45ad78cb20cab8a6db637589aecc38e333336,15cd64de2c8ddb012c7001ab2b9d14b9009c3f6c85d26ac718ef884459e419c7,2961-961-0021,2961,test-clean,4.94,20260905,positive,1,mp3_64,mp3,"{""bitrate_kbps"": 64, ""family"": ""mp3"", ""id"": ""mp3_64""}",0.5,0.5,1.0,0.9999915957450867,1,0001110110001111,0001110110001111,0,1.0,0.0,1,23.700740552559118,0.9988012086919792,NA,NA,NA,NA: MP3 codec delay/alignment not independently verified,4.94,79040,0.419128954410553,0.0,0.0,4980.586345074698,22.647981997579336,70.24764490779489,ok,,"{""alignment_reason"": ""MP3 codec delay/alignment not independently verified"", ""bitrate_kbps"": 64, ""clipping_fraction"": 0.0, ""codec"": ""libmp3lame"", ""duration_seconds"": 4.94, ""family"": ""mp3"", ""id"": ""mp3_64"", ""input_samples"": 79040, ""output_peak"": 0.419128954410553, ""output_samples"": 79040, ""pre_limiter_peak"": 0.419128954410553, ""sample_aligned"": false, ""sample_rate"": 16000, ""seed"": 2406233633930404726}",ed973366d9e6c6671623e57521b5bb2dead2913706c1da04586f893c16ec06d5
20260905T233538.930635Z,b4f3de4a4f74b8742b201c9e0941cfe5166082fc,0ea442119cfa4d9f99e7b3b3ca6f55ddcdc1e56bc504ecce6b0481de96d1a73b,85a65f1f57cd5918e3529a1210a45ad78cb20cab8a6db637589aecc38e333336,15cd64de2c8ddb012c7001ab2b9d14b9009c3f6c85d26ac718ef884459e419c7,2961-961-0021,2961,test-clean,4.94,20260905,negative,0,mp3_64,mp3,"{""bitrate_kbps"": 64, ""family"": ""mp3"", ""id"": ""mp3_64""}",0.5,0.5,0.0,0.0008110132184810936,0,0001110110001111,0100110110000100,NA,NA,NA,NA,NA,NA,NA,NA,NA,NA: MP3 codec delay/alignment not independently verified,4.94,79040,0.40483608841896057,0.0,0.0,NA,22.685762960463762,86.44892601296306,ok,,"{""alignment_reason"": ""MP3 codec delay/alignment not independently verified"", ""bitrate_kbps"": 64, ""clipping_fraction"": 0.0, ""codec"": ""libmp3lame"", ""duration_seconds"": 4.94, ""family"": ""mp3"", ""id"": ""mp3_64"", ""input_samples"": 79040, ""output_peak"": 0.40483608841896057, ""output_samples"": 79040, ""pre_limiter_peak"": 0.40483608841896057, ""sample_aligned"": false, ""sample_rate"": 16000, ""seed"": 2406233633930404726}",add6364de915be9e3259066300c6994b33b210326892d6f1f9e79db226d97670
20260905T233538.930635Z,b4f3de4a4f74b8742b201c9e0941cfe5166082fc,0ea442119cfa4d9f99e7b3b3ca6f55ddcdc1e56bc504ecce6b0481de96d1a73b,85a65f1f57cd5918e3529a1210a45ad78cb20cab8a6db637589aecc38e333336,15cd64de2c8ddb012c7001ab2b9d14b9009c3f6c85d26ac718ef884459e419c7,2961-961-0021,2961,test-clean,4.94,20260905,positive,1,noise_30,noise,"{""family"": ""noise"", ""id"": ""noise_30"", ""snr_db"": 30}",0.5,0.5,0.8494433164596558,0.8578625321388245,1,0001110110001111,0001110110001111,0,1.0,0.0,1,23.700740552559118,0.9988012086919792,0.9977178387915394,NA,22.795639837350322,aligned_to_original,4.94,79040,0.43722838163375854,0.0,0.0,4980.586345074698,1.8082839669659734,68.22354800533503,ok,,"{""clipping_fraction"": 0.0, ""duration_seconds"": 4.94, ""family"": ""noise"", ""id"": ""noise_30"", ""input_samples"": 79040, ""noise_snr_db"": 30.000000003939004, ""noise_snr_db_pre_clipping"": 30.0, ""output_peak"": 0.43722838163375854, ""output_samples"": 79040, ""pre_limiter_peak"": 0.43722838056327507, ""sample_aligned"": true, ""sample_rate"": 16000, ""seed"": 2492718827592896228, ""snr_db"": 30}",3cedb1c5e6fda39dabf26b9c5e24525d8067bfc8ef384f7b27458ecd22b3093b
20260905T233538.930635Z,b4f3de4a4f74b8742b201c9e0941cfe5166082fc,0ea442119cfa4d9f99e7b3b3ca6f55ddcdc1e56bc504ecce6b0481de96d1a73b,85a65f1f57cd5918e3529a1210a45ad78cb20cab8a6db637589aecc38e333336,15cd64de2c8ddb012c7001ab2b9d14b9009c3f6c85d26ac718ef884459e419c7,2961-961-0021,2961,test-clean,4.94,20260905,negative,0,noise_30,noise,"{""family"": ""noise"", ""id"": ""noise_30"", ""snr_db"": 30}",0.5,0.5,0.0,0.0036724295932799578,0,0001110110001111,0101111110000101,NA,NA,NA,NA,NA,NA,0.9988892084241615,NA,29.999999995924505,aligned_to_original,4.94,79040,0.4296170175075531,0.0,0.0,NA,1.6354250255972147,67.73984699975699,ok,,"{""clipping_fraction"": 0.0, ""duration_seconds"": 4.94, ""family"": ""noise"", ""id"": ""noise_30"", ""input_samples"": 79040, ""noise_snr_db"": 29.999999995924505, ""noise_snr_db_pre_clipping"": 30.0, ""output_peak"": 0.4296170175075531, ""output_samples"": 79040, ""pre_limiter_peak"": 0.42961700807649233, ""sample_aligned"": true, ""sample_rate"": 16000, ""seed"": 2492718827592896228, ""snr_db"": 30}",05466274f7d555c639a25b4423e0bc6c3a9d53c9749be7d50ecc1c73853e9490
20260905T233538.930635Z,b4f3de4a4f74b8742b201c9e0941cfe5166082fc,0ea442119cfa4d9f99e7b3b3ca6f55ddcdc1e56bc504ecce6b0481de96d1a73b,85a65f1f57cd5918e3529a1210a45ad78cb20cab8a6db637589aecc38e333336,15cd64de2c8ddb012c7001ab2b9d14b9009c3f6c85d26ac718ef884459e419c7,2961-961-0021,2961,test-clean,4.94,20260905,positive,1,noise_20,noise,"{""family"": ""noise"", ""id"": ""noise_20"", ""snr_db"": 20}",0.5,0.5,0.44395244121551514,0.4511745572090149,0,0001110110001111,0001110110001111,0,1.0,0.0,1,23.700740552559118,0.9988012086919792,0.9881192764557712,NA,18.483652460921057,aligned_to_original,4.94,79040,0.4381563067436218,0.0,0.0,4980.586345074698,1.6495520249009132,68.28413298353553,ok,,"{""clipping_fraction"": 0.0, ""duration_seconds"": 4.94, ""family"": ""noise"", ""id"": ""noise_20"", ""input_samples"": 79040, ""noise_snr_db"": 20.000000012884975, ""noise_snr_db_pre_clipping"": 19.999999999999996, ""output_peak"": 0.4381563067436218, ""output_samples"": 79040, ""pre_limiter_peak"": 0.4381563110761658, ""sample_aligned"": true, ""sample_rate"": 16000, ""seed"": 15380465336371480071, ""snr_db"": 20}",287da8888e9b8a05ae886d3f68b038516da3b4ea83dd98d791efcf699ace1e30
20260905T233538.930635Z,b4f3de4a4f74b8742b201c9e0941cfe5166082fc,0ea442119cfa4d9f99e7b3b3ca6f55ddcdc1e56bc504ecce6b0481de96d1a73b,85a65f1f57cd5918e3529a1210a45ad78cb20cab8a6db637589aecc38e333336,15cd64de2c8ddb012c7001ab2b9d14b9009c3f6c85d26ac718ef884459e419c7,2961-961-0021,2961,test-clean,4.94,20260905,negative,0,noise_20,noise,"{""family"": ""noise"", ""id"": ""noise_20"", ""snr_db"": 20}",0.5,0.5,0.0,0.0027832710184156895,0,0001110110001111,0110111110100101,NA,NA,NA,NA,NA,NA,0.9892305472756436,NA,19.999999998211962,aligned_to_original,4.94,79040,0.43054741621017456,0.0,0.0,NA,1.6397139988839626,68.45622102264315,ok,,"{""clipping_fraction"": 0.0, ""duration_seconds"": 4.94, ""family"": ""noise"", ""id"": ""noise_20"", ""input_samples"": 79040, ""noise_snr_db"": 19.999999998211962, ""noise_snr_db_pre_clipping"": 19.999999999999996, ""output_peak"": 0.43054741621017456, ""output_samples"": 79040, ""pre_limiter_peak"": 0.4305474152851789, ""sample_aligned"": true, ""sample_rate"": 16000, ""seed"": 15380465336371480071, ""snr_db"": 20}",863bab24f0014b85f6dc59e1f5d533dce043730493155dcf9ed08834a182152a
20260905T233538.930635Z,b4f3de4a4f74b8742b201c9e0941cfe5166082fc,0ea442119cfa4d9f99e7b3b3ca6f55ddcdc1e56bc504ecce6b0481de96d1a73b,85a65f1f57cd5918e3529a1210a45ad78cb20cab8a6db637589aecc38e333336,15cd64de2c8ddb012c7001ab2b9d14b9009c3f6c85d26ac718ef884459e419c7,2961-961-0021,2961,test-clean,4.94,20260905,positive,1,resample_12000,resample,"{""family"": ""resample"", ""id"": ""resample_12000"", ""intermediate_sr"": 12000}",0.5,0.5,1.0,0.9999923706054688,1,0001110110001111,0001110110001111,0,1.0,0.0,1,23.700740552559118,0.9988012086919792,0.9988013198840674,NA,16.45794607653858,aligned_to_original,4.94,79040,0.43830743432044983,0.0,0.0,4980.586345074698,2.5507690152153373,68.23633296880871,ok,,"{""clipping_fraction"": 0.0, ""duration_seconds"": 4.94, ""family"": ""resample"", ""id"": ""resample_12000"", ""input_samples"": 79040, ""intermediate_sr"": 12000, ""output_peak"": 0.43830743432044983, ""output_samples"": 79040, ""pre_limiter_peak"": 0.43830743432044983, ""resampler"": ""scipy.signal.resample_poly"", ""resampler_window"": [""kaiser"", 5.0], ""sample_aligned"": true, ""sample_rate"": 16000, ""seed"": 16338892454108910143}",af022fec7f8ca799b3e859746be59874ecf22f7ef05a65e318266f92553a32e1
20260905T233538.930635Z,b4f3de4a4f74b8742b201c9e0941cfe5166082fc,0ea442119cfa4d9f99e7b3b3ca6f55ddcdc1e56bc504ecce6b0481de96d1a73b,85a65f1f57cd5918e3529a1210a45ad78cb20cab8a6db637589aecc38e333336,15cd64de2c8ddb012c7001ab2b9d14b9009c3f6c85d26ac718ef884459e419c7,2961-961-0021,2961,test-clean,4.94,20260905,negative,0,resample_12000,resample,"{""family"": ""resample"", ""id"": ""resample_12000"", ""intermediate_sr"": 12000}",0.5,0.5,0.0,0.0008746822131797671,0,0001110110001111,0100110110000100,NA,NA,NA,NA,NA,NA,0.9999999052147621,NA,17.36603437446601,aligned_to_original,4.94,79040,0.43068990111351013,0.0,0.0,NA,2.543605980463326,68.30736808478832,ok,,"{""clipping_fraction"": 0.0, ""duration_seconds"": 4.94, ""family"": ""resample"", ""id"": ""resample_12000"", ""input_samples"": 79040, ""intermediate_sr"": 12000, ""output_peak"": 0.43068990111351013, ""output_samples"": 79040, ""pre_limiter_peak"": 0.43068990111351013, ""resampler"": ""scipy.signal.resample_poly"", ""resampler_window"": [""kaiser"", 5.0], ""sample_aligned"": true, ""sample_rate"": 16000, ""seed"": 16338892454108910143}",5e8d178ee0fb343c34397e4ad75131c9ca4223feaf42ae57cc81009c6ef1b776
20260905T233538.930635Z,b4f3de4a4f74b8742b201c9e0941cfe5166082fc,0ea442119cfa4d9f99e7b3b3ca6f55ddcdc1e56bc504ecce6b0481de96d1a73b,85a65f1f57cd5918e3529a1210a45ad78cb20cab8a6db637589aecc38e333336,15cd64de2c8ddb012c7001ab2b9d14b9009c3f6c85d26ac718ef884459e419c7,2961-961-0021,2961,test-clean,4.94,20260905,positive,1,resample_8000,resample,"{""family"": ""resample"", ""id"": ""resample_8000"", ""intermediate_sr"": 8000}",0.5,0.5,1.0,0.9999926090240479,1,0001110110001111,0001110110001111,0,1.0,0.0,1,23.700740552559118,0.9988012086919792,0.9975297814823031,NA,13.208303891991184,aligned_to_original,4.94,79040,0.43763020634651184,0.0,0.0,4980.586345074698,2.563543035648763,68.7506819376722,ok,,"{""clipping_fraction"": 0.0, ""duration_seconds"": 4.94, ""family"": ""resample"", ""id"": ""resample_8000"", ""input_samples"": 79040, ""intermediate_sr"": 8000, ""output_peak"": 0.43763020634651184, ""output_samples"": 79040, ""pre_limiter_peak"": 0.43763020634651184, ""resampler"": ""scipy.signal.resample_poly"", ""resampler_window"": [""kaiser"", 5.0], ""sample_aligned"": true, ""sample_rate"": 16000, ""seed"": 11126862167474857859}",61039697bb639c06e44c85ee03b66113d2d87c30579b1c188616b9822b501f0b
20260905T233538.930635Z,b4f3de4a4f74b8742b201c9e0941cfe5166082fc,0ea442119cfa4d9f99e7b3b3ca6f55ddcdc1e56bc504ecce6b0481de96d1a73b,85a65f1f57cd5918e3529a1210a45ad78cb20cab8a6db637589aecc38e333336,15cd64de2c8ddb012c7001ab2b9d14b9009c3f6c85d26ac718ef884459e419c7,2961-961-0021,2961,test-clean,4.94,20260905,negative,0,resample_8000,resample,"{""family"": ""resample"", ""id"": ""resample_8000"", ""intermediate_sr"": 8000}",0.5,0.5,0.0,0.0003306339494884014,0,0001110110001111,0100110110100100,NA,NA,NA,NA,NA,NA,0.998728894364617,NA,13.614185504329527,aligned_to_original,4.94,79040,0.4300186336040497,0.0,0.0,NA,2.557310974225402,67.26973096374422,ok,,"{""clipping_fraction"": 0.0, ""duration_seconds"": 4.94, ""family"": ""resample"", ""id"": ""resample_8000"", ""input_samples"": 79040, ""intermediate_sr"": 8000, ""output_peak"": 0.4300186336040497, ""output_samples"": 79040, ""pre_limiter_peak"": 0.4300186336040497, ""resampler"": ""scipy.signal.resample_poly"", ""resampler_window"": [""kaiser"", 5.0], ""sample_aligned"": true, ""sample_rate"": 16000, ""seed"": 11126862167474857859}",345da18afe1e4de6abaca58e690118156c970c4ae81ffef89c7a028515be60cf
20260905T233538.930635Z,b4f3de4a4f74b8742b201c9e0941cfe5166082fc,0ea442119cfa4d9f99e7b3b3ca6f55ddcdc1e56bc504ecce6b0481de96d1a73b,85a65f1f57cd5918e3529a1210a45ad78cb20cab8a6db637589aecc38e333336,15cd64de2c8ddb012c7001ab2b9d14b9009c3f6c85d26ac718ef884459e419c7,2961-961-0021,2961,test-clean,4.94,20260905,positive,1,pitch_minus2,pitch,"{""family"": ""pitch"", ""id"": ""pitch_minus2"", ""semitones"": -2}",0.5,0.5,0.0,0.0014633121900260448,0,0001110110001111,0100111110100100,7,0.5625,0.4375,0,23.700740552559118,0.9988012086919792,NA,NA,NA,NA: Pitch shifting changes sample phase and content,4.94,79040,0.15711766481399536,0.0,0.0,4980.586345074698,1143.3108169585466,67.18232401181012,ok,,"{""alignment_reason"": ""Pitch shifting changes sample phase and content"", ""clipping_fraction"": 0.0, ""duration_seconds"": 4.94, ""family"": ""pitch"", ""hop_length"": 512, ""id"": ""pitch_minus2"", ""implementation"": ""librosa"", ""input_samples"": 79040, ""n_fft"": 2048, ""output_peak"": 0.15711766481399536, ""output_samples"": 79040, ""pre_limiter_peak"": 0.15711766481399536, ""res_type"": ""soxr_hq"", ""sample_aligned"": false, ""sample_rate"": 16000, ""seed"": 13952085225445274868, ""semitones"": -2}",15cd6a25fcee286c711a972fca87a85ff1f6086205a51fe025569fb7f84059e7
20260905T233538.930635Z,b4f3de4a4f74b8742b201c9e0941cfe5166082fc,0ea442119cfa4d9f99e7b3b3ca6f55ddcdc1e56bc504ecce6b0481de96d1a73b,85a65f1f57cd5918e3529a1210a45ad78cb20cab8a6db637589aecc38e333336,15cd64de2c8ddb012c7001ab2b9d14b9009c3f6c85d26ac718ef884459e419c7,2961-961-0021,2961,test-clean,4.94,20260905,negative,0,pitch_minus2,pitch,"{""family"": ""pitch"", ""id"": ""pitch_minus2"", ""semitones"": -2}",0.5,0.5,0.0,0.0009765294962562621,0,0001110110001111,0110110110100101,NA,NA,NA,NA,NA,NA,NA,NA,NA,NA: Pitch shifting changes sample phase and content,4.94,79040,0.15902166068553925,0.0,0.0,NA,17.285245936363935,67.81747401691973,ok,,"{""alignment_reason"": ""Pitch shifting changes sample phase and content"", ""clipping_fraction"": 0.0, ""duration_seconds"": 4.94, ""family"": ""pitch"", ""hop_length"": 512, ""id"": ""pitch_minus2"", ""implementation"": ""librosa"", ""input_samples"": 79040, ""n_fft"": 2048, ""output_peak"": 0.15902166068553925, ""output_samples"": 79040, ""pre_limiter_peak"": 0.15902166068553925, ""res_type"": ""soxr_hq"", ""sample_aligned"": false, ""sample_rate"": 16000, ""seed"": 13952085225445274868, ""semitones"": -2}",963babf15902785faaae6f8433fc913f0aa34b867daab2dd20f587f118ad3df4
20260905T233538.930635Z,b4f3de4a4f74b8742b201c9e0941cfe5166082fc,0ea442119cfa4d9f99e7b3b3ca6f55ddcdc1e56bc504ecce6b0481de96d1a73b,85a65f1f57cd5918e3529a1210a45ad78cb20cab8a6db637589aecc38e333336,15cd64de2c8ddb012c7001ab2b9d14b9009c3f6c85d26ac718ef884459e419c7,2961-961-0021,2961,test-clean,4.94,20260905,positive,1,pitch_plus2,pitch,"{""family"": ""pitch"", ""id"": ""pitch_plus2"", ""semitones"": 2}",0.5,0.5,0.0,0.007967108860611916,0,0001110110001111,0100110110100101,5,0.6875,0.3125,0,23.700740552559118,0.9988012086919792,NA,NA,NA,NA: Pitch shifting changes sample phase and content,4.94,79040,0.21944564580917358,0.0,0.0,4980.586345074698,19.922790001146495,67.3304449301213,ok,,"{""alignment_reason"": ""Pitch shifting changes sample phase and content"", ""clipping_fraction"": 0.0, ""duration_seconds"": 4.94, ""family"": ""pitch"", ""hop_length"": 512, ""id"": ""pitch_plus2"", ""implementation"": ""librosa"", ""input_samples"": 79040, ""n_fft"": 2048, ""output_peak"": 0.21944564580917358, ""output_samples"": 79040, ""pre_limiter_peak"": 0.21944564580917358, ""res_type"": ""soxr_hq"", ""sample_aligned"": false, ""sample_rate"": 16000, ""seed"": 7633922223807893396, ""semitones"": 2}",ec62df13a4f774dd6de1211ee7f7009a08f8d1f6585036dac411fce9bc3e9117
20260905T233538.930635Z,b4f3de4a4f74b8742b201c9e0941cfe5166082fc,0ea442119cfa4d9f99e7b3b3ca6f55ddcdc1e56bc504ecce6b0481de96d1a73b,85a65f1f57cd5918e3529a1210a45ad78cb20cab8a6db637589aecc38e333336,15cd64de2c8ddb012c7001ab2b9d14b9009c3f6c85d26ac718ef884459e419c7,2961-961-0021,2961,test-clean,4.94,20260905,negative,0,pitch_plus2,pitch,"{""family"": ""pitch"", ""id"": ""pitch_plus2"", ""semitones"": 2}",0.5,0.5,0.0,0.001373589620925486,0,0001110110001111,0100111110100101,NA,NA,NA,NA,NA,NA,NA,NA,NA,NA: Pitch shifting changes sample phase and content,4.94,79040,0.1983308494091034,0.0,0.0,NA,19.81618709396571,66.16011599544436,ok,,"{""alignment_reason"": ""Pitch shifting changes sample phase and content"", ""clipping_fraction"": 0.0, ""duration_seconds"": 4.94, ""family"": ""pitch"", ""hop_length"": 512, ""id"": ""pitch_plus2"", ""implementation"": ""librosa"", ""input_samples"": 79040, ""n_fft"": 2048, ""output_peak"": 0.1983308494091034, ""output_samples"": 79040, ""pre_limiter_peak"": 0.1983308494091034, ""res_type"": ""soxr_hq"", ""sample_aligned"": false, ""sample_rate"": 16000, ""seed"": 7633922223807893396, ""semitones"": 2}",5e37f9b47fa8055561f31fcb6d5ae7c75e6605d039448fa2ccbe2c4b18c910b6
20260905T233538.930635Z,b4f3de4a4f74b8742b201c9e0941cfe5166082fc,0ea442119cfa4d9f99e7b3b3ca6f55ddcdc1e56bc504ecce6b0481de96d1a73b,85a65f1f57cd5918e3529a1210a45ad78cb20cab8a6db637589aecc38e333336,15cd64de2c8ddb012c7001ab2b9d14b9009c3f6c85d26ac718ef884459e419c7,2961-961-0021,2961,test-clean,4.94,20260905,positive,1,stretch_09,stretch,"{""family"": ""stretch"", ""id"": ""stretch_09"", ""rate"": 0.9}",0.5,0.5,0.1560315191745758,0.1801830232143402,0,0001110110001111,0001110110001111,0,1.0,0.0,1,23.700740552559118,0.9988012086919792,NA,NA,NA,NA: Time stretching changes the temporal coordinate,5.488875,87822,0.1867445856332779,0.0,0.0,4980.586345074698,19.119589938782156,147.56827906239778,ok,,"{""alignment_reason"": ""Time stretching changes the temporal coordinate"", ""clipping_fraction"": 0.0, ""duration_seconds"": 5.488875, ""family"": ""stretch"", ""hop_length"": 512, ""id"": ""stretch_09"", ""implementation"": ""librosa"", ""input_samples"": 79040, ""n_fft"": 2048, ""output_peak"": 0.1867445856332779, ""output_samples"": 87822, ""pre_limiter_peak"": 0.1867445856332779, ""rate"": 0.9, ""sample_aligned"": false, ""sample_rate"": 16000, ""seed"": 13699632866025454554}",95b99c1d08c18cf8ae61ee0836321c94c16e036c6b1e343b618fe41923cd8bcb
20260905T233538.930635Z,b4f3de4a4f74b8742b201c9e0941cfe5166082fc,0ea442119cfa4d9f99e7b3b3ca6f55ddcdc1e56bc504ecce6b0481de96d1a73b,85a65f1f57cd5918e3529a1210a45ad78cb20cab8a6db637589aecc38e333336,15cd64de2c8ddb012c7001ab2b9d14b9009c3f6c85d26ac718ef884459e419c7,2961-961-0021,2961,test-clean,4.94,20260905,negative,0,stretch_09,stretch,"{""family"": ""stretch"", ""id"": ""stretch_09"", ""rate"": 0.9}",0.5,0.5,0.0,0.002779722213745117,0,0001110110001111,0100111110100001,NA,NA,NA,NA,NA,NA,NA,NA,NA,NA: Time stretching changes the temporal coordinate,5.488875,87822,0.19344311952590942,0.0,0.0,NA,19.08318989444524,75.92806301545352,ok,,"{""alignment_reason"": ""Time stretching changes the temporal coordinate"", ""clipping_fraction"": 0.0, ""duration_seconds"": 5.488875, ""family"": ""stretch"", ""hop_length"": 512, ""id"": ""stretch_09"", ""implementation"": ""librosa"", ""input_samples"": 79040, ""n_fft"": 2048, ""output_peak"": 0.19344311952590942, ""output_samples"": 87822, ""pre_limiter_peak"": 0.19344311952590942, ""rate"": 0.9, ""sample_aligned"": false, ""sample_rate"": 16000, ""seed"": 13699632866025454554}",aabcf1020822027b5fe1928200e7d0bdda26ca1690fbd0c73f4c39a33aa74e91
20260905T233538.930635Z,b4f3de4a4f74b8742b201c9e0941cfe5166082fc,0ea442119cfa4d9f99e7b3b3ca6f55ddcdc1e56bc504ecce6b0481de96d1a73b,85a65f1f57cd5918e3529a1210a45ad78cb20cab8a6db637589aecc38e333336,15cd64de2c8ddb012c7001ab2b9d14b9009c3f6c85d26ac718ef884459e419c7,2961-961-0021,2961,test-clean,4.94,20260905,positive,1,stretch_11,stretch,"{""family"": ""stretch"", ""id"": ""stretch_11"", ""rate"": 1.1}",0.5,0.5,0.16768492758274078,0.19620539247989655,0,0001110110001111,0001110110001111,0,1.0,0.0,1,23.700740552559118,0.9988012086919792,NA,NA,NA,NA: Time stretching changes the temporal coordinate,4.4909375,71855,0.1752958595752716,0.0,0.0,4980.586345074698,16.203726059757173,115.4968369519338,ok,,"{""alignment_reason"": ""Time stretching changes the temporal coordinate"", ""clipping_fraction"": 0.0, ""duration_seconds"": 4.4909375, ""family"": ""stretch"", ""hop_length"": 512, ""id"": ""stretch_11"", ""implementation"": ""librosa"", ""input_samples"": 79040, ""n_fft"": 2048, ""output_peak"": 0.1752958595752716, ""output_samples"": 71855, ""pre_limiter_peak"": 0.1752958595752716, ""rate"": 1.1, ""sample_aligned"": false, ""sample_rate"": 16000, ""seed"": 13075466028920222027}",92071a933823dd8610724706930771dd3e582b743a4e89f2746262457c8b219b
20260905T233538.930635Z,b4f3de4a4f74b8742b201c9e0941cfe5166082fc,0ea442119cfa4d9f99e7b3b3ca6f55ddcdc1e56bc504ecce6b0481de96d1a73b,85a65f1f57cd5918e3529a1210a45ad78cb20cab8a6db637589aecc38e333336,15cd64de2c8ddb012c7001ab2b9d14b9009c3f6c85d26ac718ef884459e419c7,2961-961-0021,2961,test-clean,4.94,20260905,negative,0,stretch_11,stretch,"{""family"": ""stretch"", ""id"": ""stretch_11"", ""rate"": 1.1}",0.5,0.5,0.0,0.010668953880667686,0,0001110110001111,0101111110000101,NA,NA,NA,NA,NA,NA,NA,NA,NA,NA: Time stretching changes the temporal coordinate,4.4909375,71855,0.19664235413074493,0.0,0.0,NA,15.983668039552867,63.17926896736026,ok,,"{""alignment_reason"": ""Time stretching changes the temporal coordinate"", ""clipping_fraction"": 0.0, ""duration_seconds"": 4.4909375, ""family"": ""stretch"", ""hop_length"": 512, ""id"": ""stretch_11"", ""implementation"": ""librosa"", ""input_samples"": 79040, ""n_fft"": 2048, ""output_peak"": 0.19664235413074493, ""output_samples"": 71855, ""pre_limiter_peak"": 0.19664235413074493, ""rate"": 1.1, ""sample_aligned"": false, ""sample_rate"": 16000, ""seed"": 13075466028920222027}",2e9ee9164b7f2a6c0ef7984815c651f0401df511409cc024d119a7670ef5687e
20260905T233538.930635Z,b4f3de4a4f74b8742b201c9e0941cfe5166082fc,0ea442119cfa4d9f99e7b3b3ca6f55ddcdc1e56bc504ecce6b0481de96d1a73b,85a65f1f57cd5918e3529a1210a45ad78cb20cab8a6db637589aecc38e333336,15cd64de2c8ddb012c7001ab2b9d14b9009c3f6c85d26ac718ef884459e419c7,2961-961-0021,2961,test-clean,4.94,20260905,positive,1,crop_10,crop,"{""family"": ""crop"", ""fraction"": 0.1, ""id"": ""crop_10""}",0.5,0.5,0.7421699166297913,0.7280409336090088,1,0001110110001111,0011011111101110,6,0.625,0.375,0,23.700740552559118,0.9988012086919792,NA,NA,NA,NA: Contiguous crop changes length and may shift time origin,4.446,71136,0.4376334846019745,0.0,0.0,4980.586345074698,0.34378503914922476,100.90174502693117,ok,,"{""alignment_reason"": ""Contiguous crop changes length and may shift time origin"", ""clipping_fraction"": 0.0, ""crop_end_sample"": 74997, ""crop_start_sample"": 3861, ""duration_seconds"": 4.446, ""family"": ""crop"", ""fraction"": 0.1, ""id"": ""crop_10"", ""input_samples"": 79040, ""output_peak"": 0.4376334846019745, ""output_samples"": 71136, ""pre_limiter_peak"": 0.4376334846019745, ""removed_fraction_actual"": 0.09999999999999998, ""sample_aligned"": false, ""sample_rate"": 16000, ""seed"": 12258137672815935328}",fccf2fbb8b0e4744dee6690ccdf992da488baaf75ff0606164d6600c4cc0691a
20260905T233538.930635Z,b4f3de4a4f74b8742b201c9e0941cfe5166082fc,0ea442119cfa4d9f99e7b3b3ca6f55ddcdc1e56bc504ecce6b0481de96d1a73b,85a65f1f57cd5918e3529a1210a45ad78cb20cab8a6db637589aecc38e333336,15cd64de2c8ddb012c7001ab2b9d14b9009c3f6c85d26ac718ef884459e419c7,2961-961-0021,2961,test-clean,4.94,20260905,negative,0,crop_10,crop,"{""family"": ""crop"", ""fraction"": 0.1, ""id"": ""crop_10""}",0.5,0.5,0.0,0.0008529890910722315,0,0001110110001111,0100111110000100,NA,NA,NA,NA,NA,NA,NA,NA,NA,NA: Contiguous crop changes length and may shift time origin,4.446,71136,0.430023193359375,0.0,0.0,NA,0.3402580041438341,57.58074298501015,ok,,"{""alignment_reason"": ""Contiguous crop changes length and may shift time origin"", ""clipping_fraction"": 0.0, ""crop_end_sample"": 74997, ""crop_start_sample"": 3861, ""duration_seconds"": 4.446, ""family"": ""crop"", ""fraction"": 0.1, ""id"": ""crop_10"", ""input_samples"": 79040, ""output_peak"": 0.430023193359375, ""output_samples"": 71136, ""pre_limiter_peak"": 0.430023193359375, ""removed_fraction_actual"": 0.09999999999999998, ""sample_aligned"": false, ""sample_rate"": 16000, ""seed"": 12258137672815935328}",e35d83f1bf8a0f0461f7916bf769fe2768383aea20c5535aa14eebc02d544dc1
20260905T233538.930635Z,b4f3de4a4f74b8742b201c9e0941cfe5166082fc,0ea442119cfa4d9f99e7b3b3ca6f55ddcdc1e56bc504ecce6b0481de96d1a73b,85a65f1f57cd5918e3529a1210a45ad78cb20cab8a6db637589aecc38e333336,15cd64de2c8ddb012c7001ab2b9d14b9009c3f6c85d26ac718ef884459e419c7,2961-961-0021,2961,test-clean,4.94,20260905,positive,1,crop_25,crop,"{""family"": ""crop"", ""fraction"": 0.25, ""id"": ""crop_25""}",0.5,0.5,0.26717275381088257,0.2937088906764984,0,0001110110001111,0000010010111001,7,0.5625,0.4375,0,23.700740552559118,0.9988012086919792,NA,NA,NA,NA: Contiguous crop changes length and may shift time origin,3.705,59280,0.2696218192577362,0.0,0.0,4980.586345074698,0.3418609267100692,90.4718260280788,ok,,"{""alignment_reason"": ""Contiguous crop changes length and may shift time origin"", ""clipping_fraction"": 0.0, ""crop_end_sample"": 73707, ""crop_start_sample"": 14427, ""duration_seconds"": 3.705, ""family"": ""crop"", ""fraction"": 0.25, ""id"": ""crop_25"", ""input_samples"": 79040, ""output_peak"": 0.2696218192577362, ""output_samples"": 59280, ""pre_limiter_peak"": 0.2696218192577362, ""removed_fraction_actual"": 0.25, ""sample_aligned"": false, ""sample_rate"": 16000, ""seed"": 819548014897387392}",d8df0578e3d813c863aaa82dfa89d47c8ed667defe937b7d6e1f2947bdf033d8
20260905T233538.930635Z,b4f3de4a4f74b8742b201c9e0941cfe5166082fc,0ea442119cfa4d9f99e7b3b3ca6f55ddcdc1e56bc504ecce6b0481de96d1a73b,85a65f1f57cd5918e3529a1210a45ad78cb20cab8a6db637589aecc38e333336,15cd64de2c8ddb012c7001ab2b9d14b9009c3f6c85d26ac718ef884459e419c7,2961-961-0021,2961,test-clean,4.94,20260905,negative,0,crop_25,crop,"{""family"": ""crop"", ""fraction"": 0.25, ""id"": ""crop_25""}",0.5,0.5,0.0,0.0005339685594663024,0,0001110110001111,0100111110100100,NA,NA,NA,NA,NA,NA,NA,NA,NA,NA: Contiguous crop changes length and may shift time origin,3.705,59280,0.266021728515625,0.0,0.0,NA,0.3251089947298169,50.139489001594484,ok,,"{""alignment_reason"": ""Contiguous crop changes length and may shift time origin"", ""clipping_fraction"": 0.0, ""crop_end_sample"": 73707, ""crop_start_sample"": 14427, ""duration_seconds"": 3.705, ""family"": ""crop"", ""fraction"": 0.25, ""id"": ""crop_25"", ""input_samples"": 79040, ""output_peak"": 0.266021728515625, ""output_samples"": 59280, ""pre_limiter_peak"": 0.266021728515625, ""removed_fraction_actual"": 0.25, ""sample_aligned"": false, ""sample_rate"": 16000, ""seed"": 819548014897387392}",e70db1f63a9f1cfa9661704c4db29d95cbbee99d13fb488b539356482c2a6be9
20260905T233538.930635Z,b4f3de4a4f74b8742b201c9e0941cfe5166082fc,0ea442119cfa4d9f99e7b3b3ca6f55ddcdc1e56bc504ecce6b0481de96d1a73b,85a65f1f57cd5918e3529a1210a45ad78cb20cab8a6db637589aecc38e333336,15cd64de2c8ddb012c7001ab2b9d14b9009c3f6c85d26ac718ef884459e419c7,672-122797-0044,672,test-clean,3.74,20260905,positive,1,clean,clean,"{""family"": ""clean"", ""id"": ""clean""}",0.5,0.5,1.0,0.9999905824661255,1,0000011101000100,0000011101000100,0,1.0,0.0,1,30.574417734383022,0.9916448560744788,0.9916448560744788,NA,30.574417734383022,aligned_to_original,3.74,59840,0.2912736237049103,0.0,0.0,4164.141754969023,0.2660970203578472,220.3743370482698,ok,,"{""clipping_fraction"": 0.0, ""duration_seconds"": 3.74, ""family"": ""clean"", ""id"": ""clean"", ""input_samples"": 59840, ""output_peak"": 0.2912736237049103, ""output_samples"": 59840, ""pre_limiter_peak"": 0.2912736237049103, ""sample_aligned"": true, ""sample_rate"": 16000, ""seed"": 2598804353462705702}",0bc0f451b33befe945e9e34e6d4d9b8c5beff1ab08c400cc252f60aa08a662ea
20260905T233538.930635Z,b4f3de4a4f74b8742b201c9e0941cfe5166082fc,0ea442119cfa4d9f99e7b3b3ca6f55ddcdc1e56bc504ecce6b0481de96d1a73b,85a65f1f57cd5918e3529a1210a45ad78cb20cab8a6db637589aecc38e333336,15cd64de2c8ddb012c7001ab2b9d14b9009c3f6c85d26ac718ef884459e419c7,672-122797-0044,672,test-clean,3.74,20260905,negative,0,clean,clean,"{""family"": ""clean"", ""id"": ""clean""}",0.5,0.5,0.0,0.0008667021756991744,0,0000011101000100,0101110110110100,NA,NA,NA,NA,NA,NA,0.9999999999999989,NA,inf,aligned_to_original,3.74,59840,0.291778564453125,0.0,0.0,NA,0.25467504747211933,59.95151703245938,ok,,"{""clipping_fraction"": 0.0, ""duration_seconds"": 3.74, ""family"": ""clean"", ""id"": ""clean"", ""input_samples"": 59840, ""output_peak"": 0.291778564453125, ""output_samples"": 59840, ""pre_limiter_peak"": 0.291778564453125, ""sample_aligned"": true, ""sample_rate"": 16000, ""seed"": 2598804353462705702}",91ccd5d317df4e0ef2e9c356c4e56d5cd86286976b50858f9ffa08eb513b65c5
20260905T233538.930635Z,b4f3de4a4f74b8742b201c9e0941cfe5166082fc,0ea442119cfa4d9f99e7b3b3ca6f55ddcdc1e56bc504ecce6b0481de96d1a73b,85a65f1f57cd5918e3529a1210a45ad78cb20cab8a6db637589aecc38e333336,15cd64de2c8ddb012c7001ab2b9d14b9009c3f6c85d26ac718ef884459e419c7,672-122797-0044,672,test-clean,3.74,20260905,positive,1,mp3_128,mp3,"{""bitrate_kbps"": 128, ""family"": ""mp3"", ""id"": ""mp3_128""}",0.5,0.5,1.0,0.9999901652336121,1,0000011101000100,0000011101000100,0,1.0,0.0,1,30.574417734383022,0.9916448560744788,NA,NA,NA,NA: MP3 codec delay/alignment not independently verified,3.74,59840,0.27676913142204285,0.0,0.0,4164.141754969023,19.29722703061998,60.64644199796021,ok,,"{""alignment_reason"": ""MP3 codec delay/alignment not independently verified"", ""bitrate_kbps"": 128, ""clipping_fraction"": 0.0, ""codec"": ""libmp3lame"", ""duration_seconds"": 3.74, ""family"": ""mp3"", ""id"": ""mp3_128"", ""input_samples"": 59840, ""output_peak"": 0.27676913142204285, ""output_samples"": 59840, ""pre_limiter_peak"": 0.27676913142204285, ""sample_aligned"": false, ""sample_rate"": 16000, ""seed"": 12491038478542574937}",fc4f51cb53fe32eb305a2618154efcb52105b16665df5e55a0274f9bb8032b54
20260905T233538.930635Z,b4f3de4a4f74b8742b201c9e0941cfe5166082fc,0ea442119cfa4d9f99e7b3b3ca6f55ddcdc1e56bc504ecce6b0481de96d1a73b,85a65f1f57cd5918e3529a1210a45ad78cb20cab8a6db637589aecc38e333336,15cd64de2c8ddb012c7001ab2b9d14b9009c3f6c85d26ac718ef884459e419c7,672-122797-0044,672,test-clean,3.74,20260905,negative,0,mp3_128,mp3,"{""bitrate_kbps"": 128, ""family"": ""mp3"", ""id"": ""mp3_128""}",0.5,0.5,0.0,0.0011024627601727843,0,0000011101000100,0101110110110100,NA,NA,NA,NA,NA,NA,NA,NA,NA,NA: MP3 codec delay/alignment not independently verified,3.74,59840,0.2770635187625885,0.0,0.0,NA,18.77345098182559,61.912392964586616,ok,,"{""alignment_reason"": ""MP3 codec delay/alignment not independently verified"", ""bitrate_kbps"": 128, ""clipping_fraction"": 0.0, ""codec"": ""libmp3lame"", ""duration_seconds"": 3.74, ""family"": ""mp3"", ""id"": ""mp3_128"", ""input_samples"": 59840, ""output_peak"": 0.2770635187625885, ""output_samples"": 59840, ""pre_limiter_peak"": 0.2770635187625885, ""sample_aligned"": false, ""sample_rate"": 16000, ""seed"": 12491038478542574937}",9cb9a9b07e5015d2ce2484c26a498a0b34c731fd0709ddd7b38ff0d1942111d8
20260905T233538.930635Z,b4f3de4a4f74b8742b201c9e0941cfe5166082fc,0ea442119cfa4d9f99e7b3b3ca6f55ddcdc1e56bc504ecce6b0481de96d1a73b,85a65f1f57cd5918e3529a1210a45ad78cb20cab8a6db637589aecc38e333336,15cd64de2c8ddb012c7001ab2b9d14b9009c3f6c85d26ac718ef884459e419c7,672-122797-0044,672,test-clean,3.74,20260905,positive,1,mp3_64,mp3,"{""bitrate_kbps"": 64, ""family"": ""mp3"", ""id"": ""mp3_64""}",0.5,0.5,1.0,0.9999904632568359,1,0000011101000100,0000011101000100,0,1.0,0.0,1,30.574417734383022,0.9916448560744788,NA,NA,NA,NA: MP3 codec delay/alignment not independently verified,3.74,59840,0.278310090303421,0.0,0.0,4164.141754969023,18.920882022939622,61.559660942293704,ok,,"{""alignment_reason"": ""MP3 codec delay/alignment not independently verified"", ""bitrate_kbps"": 64, ""clipping_fraction"": 0.0, ""codec"": ""libmp3lame"", ""duration_seconds"": 3.74, ""family"": ""mp3"", ""id"": ""mp3_64"", ""input_samples"": 59840, ""output_peak"": 0.278310090303421, ""output_samples"": 59840, ""pre_limiter_peak"": 0.278310090303421, ""sample_aligned"": false, ""sample_rate"": 16000, ""seed"": 15262715769872957342}",fae2cbffabe46a1b76968a507d30c5d527dc65f6f096ffcaec04f159e1562de8
20260905T233538.930635Z,b4f3de4a4f74b8742b201c9e0941cfe5166082fc,0ea442119cfa4d9f99e7b3b3ca6f55ddcdc1e56bc504ecce6b0481de96d1a73b,85a65f1f57cd5918e3529a1210a45ad78cb20cab8a6db637589aecc38e333336,15cd64de2c8ddb012c7001ab2b9d14b9009c3f6c85d26ac718ef884459e419c7,672-122797-0044,672,test-clean,3.74,20260905,negative,0,mp3_64,mp3,"{""bitrate_kbps"": 64, ""family"": ""mp3"", ""id"": ""mp3_64""}",0.5,0.5,0.0,0.0013678091345354915,0,0000011101000100,0101110110110100,NA,NA,NA,NA,NA,NA,NA,NA,NA,NA: MP3 codec delay/alignment not independently verified,3.74,59840,0.27693551778793335,0.0,0.0,NA,18.415459082461894,60.552212060429156,ok,,"{""alignment_reason"": ""MP3 codec delay/alignment not independently verified"", ""bitrate_kbps"": 64, ""clipping_fraction"": 0.0, ""codec"": ""libmp3lame"", ""duration_seconds"": 3.74, ""family"": ""mp3"", ""id"": ""mp3_64"", ""input_samples"": 59840, ""output_peak"": 0.27693551778793335, ""output_samples"": 59840, ""pre_limiter_peak"": 0.27693551778793335, ""sample_aligned"": false, ""sample_rate"": 16000, ""seed"": 15262715769872957342}",d7051b8d69968305dad3c04d9392f2dafd30bb19ba6c77f918261dfc0a440a50
20260905T233538.930635Z,b4f3de4a4f74b8742b201c9e0941cfe5166082fc,0ea442119cfa4d9f99e7b3b3ca6f55ddcdc1e56bc504ecce6b0481de96d1a73b,85a65f1f57cd5918e3529a1210a45ad78cb20cab8a6db637589aecc38e333336,15cd64de2c8ddb012c7001ab2b9d14b9009c3f6c85d26ac718ef884459e419c7,672-122797-0044,672,test-clean,3.74,20260905,positive,1,noise_30,noise,"{""family"": ""noise"", ""id"": ""noise_30"", ""snr_db"": 30}",0.5,0.5,0.9223596453666687,0.8993895053863525,1,0000011101000100,0000011101000100,0,1.0,0.0,1,30.574417734383022,0.9916448560744788,0.9540974256526418,NA,27.256136904623954,aligned_to_original,3.74,59840,0.29189032316207886,0.0,0.0,4164.141754969023,1.45587301813066,58.37346101179719,ok,,"{""clipping_fraction"": 0.0, ""duration_seconds"": 3.74, ""family"": ""noise"", ""id"": ""noise_30"", ""input_samples"": 59840, ""noise_snr_db"": 30.0000000066329, ""noise_snr_db_pre_clipping"": 30.0, ""output_peak"": 0.29189032316207886, ""output_samples"": 59840, ""pre_limiter_peak"": 0.2918903300695329, ""sample_aligned"": true, ""sample_rate"": 16000, ""seed"": 4033907227134086415, ""snr_db"": 30}",eba69338a73e9cda6ff9148f3e8504a6c36ebf27a84b8fcb42870dcd74a6a29c
20260905T233538.930635Z,b4f3de4a4f74b8742b201c9e0941cfe5166082fc,0ea442119cfa4d9f99e7b3b3ca6f55ddcdc1e56bc504ecce6b0481de96d1a73b,85a65f1f57cd5918e3529a1210a45ad78cb20cab8a6db637589aecc38e333336,15cd64de2c8ddb012c7001ab2b9d14b9009c3f6c85d26ac718ef884459e419c7,672-122797-0044,672,test-clean,3.74,20260905,negative,0,noise_30,noise,"{""family"": ""noise"", ""id"": ""noise_30"", ""snr_db"": 30}",0.5,0.5,0.0,0.0004885459202341735,0,0000011101000100,0101110110110100,NA,NA,NA,NA,NA,NA,0.9611392360389096,NA,30.000000026253414,aligned_to_original,3.74,59840,0.2923954129219055,0.0,0.0,NA,1.3025410007685423,59.98466000892222,ok,,"{""clipping_fraction"": 0.0, ""duration_seconds"": 3.74, ""family"": ""noise"", ""id"": ""noise_30"", ""input_samples"": 59840, ""noise_snr_db"": 30.000000026253414, ""noise_snr_db_pre_clipping"": 30.0, ""output_peak"": 0.2923954129219055, ""output_samples"": 59840, ""pre_limiter_peak"": 0.2923954101468936, ""sample_aligned"": true, ""sample_rate"": 16000, ""seed"": 4033907227134086415, ""snr_db"": 30}",15e3b182effc8a50b722b99442f37f106b14ff927fc73bd0b214eb81d21a72de
20260905T233538.930635Z,b4f3de4a4f74b8742b201c9e0941cfe5166082fc,0ea442119cfa4d9f99e7b3b3ca6f55ddcdc1e56bc504ecce6b0481de96d1a73b,85a65f1f57cd5918e3529a1210a45ad78cb20cab8a6db637589aecc38e333336,15cd64de2c8ddb012c7001ab2b9d14b9009c3f6c85d26ac718ef884459e419c7,672-122797-0044,672,test-clean,3.74,20260905,positive,1,noise_20,noise,"{""family"": ""noise"", ""id"": ""noise_20"", ""snr_db"": 20}",0.5,0.5,0.44486966729164124,0.4456896185874939,0,0000011101000100,0000011101000100,0,1.0,0.0,1,30.574417734383022,0.9916448560744788,0.8823519924918847,NA,19.638499492071514,aligned_to_original,3.74,59840,0.2878054678440094,0.0,0.0,4164.141754969023,1.3711720239371061,58.93601302523166,ok,,"{""clipping_fraction"": 0.0, ""duration_seconds"": 3.74, ""family"": ""noise"", ""id"": ""noise_20"", ""input_samples"": 59840, ""noise_snr_db"": 19.999999997691774, ""noise_snr_db_pre_clipping"": 20.0, ""output_peak"": 0.2878054678440094, ""output_samples"": 59840, ""pre_limiter_peak"": 0.2878054708659369, ""sample_aligned"": true, ""sample_rate"": 16000, ""seed"": 9657658358935134618, ""snr_db"": 20}",80298e2525b9fd6e7af5cd3ebc5f1f6ca860e18cb9891557c5a6adb9b50e1081
20260905T233538.930635Z,b4f3de4a4f74b8742b201c9e0941cfe5166082fc,0ea442119cfa4d9f99e7b3b3ca6f55ddcdc1e56bc504ecce6b0481de96d1a73b,85a65f1f57cd5918e3529a1210a45ad78cb20cab8a6db637589aecc38e333336,15cd64de2c8ddb012c7001ab2b9d14b9009c3f6c85d26ac718ef884459e419c7,672-122797-0044,672,test-clean,3.74,20260905,negative,0,noise_20,noise,"{""family"": ""noise"", ""id"": ""noise_20"", ""snr_db"": 20}",0.5,0.5,0.0010026737581938505,0.005963501054793596,0,0000011101000100,0100111110110101,NA,NA,NA,NA,NA,NA,0.8881231841422352,NA,20.00000000078462,aligned_to_original,3.74,59840,0.28830963373184204,0.0,0.0,NA,1.2976119760423899,59.53152698930353,ok,,"{""clipping_fraction"": 0.0, ""duration_seconds"": 3.74, ""family"": ""noise"", ""id"": ""noise_20"", ""input_samples"": 59840, ""noise_snr_db"": 20.00000000078462, ""noise_snr_db_pre_clipping"": 20.0, ""output_peak"": 0.28830963373184204, ""output_samples"": 59840, ""pre_limiter_peak"": 0.2883096280730682, ""sample_aligned"": true, ""sample_rate"": 16000, ""seed"": 9657658358935134618, ""snr_db"": 20}",7af71c4625ad4e4be79670b74bce6b3c6d572acc62618cf86b8a71a1c56b8c44
20260905T233538.930635Z,b4f3de4a4f74b8742b201c9e0941cfe5166082fc,0ea442119cfa4d9f99e7b3b3ca6f55ddcdc1e56bc504ecce6b0481de96d1a73b,85a65f1f57cd5918e3529a1210a45ad78cb20cab8a6db637589aecc38e333336,15cd64de2c8ddb012c7001ab2b9d14b9009c3f6c85d26ac718ef884459e419c7,672-122797-0044,672,test-clean,3.74,20260905,positive,1,resample_12000,resample,"{""family"": ""resample"", ""id"": ""resample_12000"", ""intermediate_sr"": 12000}",0.5,0.5,1.0,0.9999905824661255,1,0000011101000100,0000011101000100,0,1.0,0.0,1,30.574417734383022,0.9916448560744788,0.9916474368571083,NA,20.42331495448383,aligned_to_original,3.74,59840,0.2912819981575012,0.0,0.0,4164.141754969023,2.0267199724912643,59.804357937537134,ok,,"{""clipping_fraction"": 0.0, ""duration_seconds"": 3.74, ""family"": ""resample"", ""id"": ""resample_12000"", ""input_samples"": 59840, ""intermediate_sr"": 12000, ""output_peak"": 0.2912819981575012, ""output_samples"": 59840, ""pre_limiter_peak"": 0.2912819981575012, ""resampler"": ""scipy.signal.resample_poly"", ""resampler_window"": [""kaiser"", 5.0], ""sample_aligned"": true, ""sample_rate"": 16000, ""seed"": 286816677055424138}",efa214c65fc81f4035971296ca51de4c2164a4b5e639773633d44c030a4f3b5f
20260905T233538.930635Z,b4f3de4a4f74b8742b201c9e0941cfe5166082fc,0ea442119cfa4d9f99e7b3b3ca6f55ddcdc1e56bc504ecce6b0481de96d1a73b,85a65f1f57cd5918e3529a1210a45ad78cb20cab8a6db637589aecc38e333336,15cd64de2c8ddb012c7001ab2b9d14b9009c3f6c85d26ac718ef884459e419c7,672-122797-0044,672,test-clean,3.74,20260905,negative,0,resample_12000,resample,"{""family"": ""resample"", ""id"": ""resample_12000"", ""intermediate_sr"": 12000}",0.5,0.5,0.0,0.0008599705761298537,0,0000011101000100,0101110110110100,NA,NA,NA,NA,NA,NA,0.9999997383467645,NA,20.864203077211833,aligned_to_original,3.74,59840,0.2917883098125458,0.0,0.0,NA,2.0196769619360566,59.321025968529284,ok,,"{""clipping_fraction"": 0.0, ""duration_seconds"": 3.74, ""family"": ""resample"", ""id"": ""resample_12000"", ""input_samples"": 59840, ""intermediate_sr"": 12000, ""output_peak"": 0.2917883098125458, ""output_samples"": 59840, ""pre_limiter_peak"": 0.2917883098125458, ""resampler"": ""scipy.signal.resample_poly"", ""resampler_window"": [""kaiser"", 5.0], ""sample_aligned"": true, ""sample_rate"": 16000, ""seed"": 286816677055424138}",6604db1a82110e61e8b050c5dc7c9504e60f0c9dfff7154fb234e0d87d92868a
20260905T233538.930635Z,b4f3de4a4f74b8742b201c9e0941cfe5166082fc,0ea442119cfa4d9f99e7b3b3ca6f55ddcdc1e56bc504ecce6b0481de96d1a73b,85a65f1f57cd5918e3529a1210a45ad78cb20cab8a6db637589aecc38e333336,15cd64de2c8ddb012c7001ab2b9d14b9009c3f6c85d26ac718ef884459e419c7,672-122797-0044,672,test-clean,3.74,20260905,positive,1,resample_8000,resample,"{""family"": ""resample"", ""id"": ""resample_8000"", ""intermediate_sr"": 8000}",0.5,0.5,1.0,0.9999903440475464,1,0000011101000100,0000011101000100,0,1.0,0.0,1,30.574417734383022,0.9916448560744788,0.9903773851046952,NA,12.883151651197668,aligned_to_original,3.74,59840,0.27955925464630127,0.0,0.0,4164.141754969023,2.0098480163142085,59.96747792232782,ok,,"{""clipping_fraction"": 0.0, ""duration_seconds"": 3.74, ""family"": ""resample"", ""id"": ""resample_8000"", ""input_samples"": 59840, ""intermediate_sr"": 8000, ""output_peak"": 0.27955925464630127, ""output_samples"": 59840, ""pre_limiter_peak"": 0.27955925464630127, ""resampler"": ""scipy.signal.resample_poly"", ""resampler_window"": [""kaiser"", 5.0], ""sample_aligned"": true, ""sample_rate"": 16000, ""seed"": 5273384422793861021}",212c17359f2130573f2e3e9d2b09dd7952680dbc34d86b336d3b2f732e22bcc5
20260905T233538.930635Z,b4f3de4a4f74b8742b201c9e0941cfe5166082fc,0ea442119cfa4d9f99e7b3b3ca6f55ddcdc1e56bc504ecce6b0481de96d1a73b,85a65f1f57cd5918e3529a1210a45ad78cb20cab8a6db637589aecc38e333336,15cd64de2c8ddb012c7001ab2b9d14b9009c3f6c85d26ac718ef884459e419c7,672-122797-0044,672,test-clean,3.74,20260905,negative,0,resample_8000,resample,"{""family"": ""resample"", ""id"": ""resample_8000"", ""intermediate_sr"": 8000}",0.5,0.5,0.0,0.0007197165978141129,0,0000011101000100,0101110110110100,NA,NA,NA,NA,NA,NA,0.9987371062332836,NA,12.95773209187268,aligned_to_original,3.74,59840,0.2816774547100067,0.0,0.0,NA,2.0542630227282643,59.45453094318509,ok,,"{""clipping_fraction"": 0.0, ""duration_seconds"": 3.74, ""family"": ""resample"", ""id"": ""resample_8000"", ""input_samples"": 59840, ""intermediate_sr"": 8000, ""output_peak"": 0.2816774547100067, ""output_samples"": 59840, ""pre_limiter_peak"": 0.2816774547100067, ""resampler"": ""scipy.signal.resample_poly"", ""resampler_window"": [""kaiser"", 5.0], ""sample_aligned"": true, ""sample_rate"": 16000, ""seed"": 5273384422793861021}",af5ed53d18bcd2b6f5851b2ec20b17bb1e0d28505d88b4574ae26fa6fe34cd43
20260905T233538.930635Z,b4f3de4a4f74b8742b201c9e0941cfe5166082fc,0ea442119cfa4d9f99e7b3b3ca6f55ddcdc1e56bc504ecce6b0481de96d1a73b,85a65f1f57cd5918e3529a1210a45ad78cb20cab8a6db637589aecc38e333336,15cd64de2c8ddb012c7001ab2b9d14b9009c3f6c85d26ac718ef884459e419c7,672-122797-0044,672,test-clean,3.74,20260905,positive,1,pitch_minus2,pitch,"{""family"": ""pitch"", ""id"": ""pitch_minus2"", ""semitones"": -2}",0.5,0.5,0.0,0.0023972480557858944,0,0000011101000100,0100110110100101,7,0.5625,0.4375,0,30.574417734383022,0.9916448560744788,NA,NA,NA,NA: Pitch shifting changes sample phase and content,3.74,59840,0.19390499591827393,0.0,0.0,4164.141754969023,13.730093953199685,59.25909790676087,ok,,"{""alignment_reason"": ""Pitch shifting changes sample phase and content"", ""clipping_fraction"": 0.0, ""duration_seconds"": 3.74, ""family"": ""pitch"", ""hop_length"": 512, ""id"": ""pitch_minus2"", ""implementation"": ""librosa"", ""input_samples"": 59840, ""n_fft"": 2048, ""output_peak"": 0.19390499591827393, ""output_samples"": 59840, ""pre_limiter_peak"": 0.19390499591827393, ""res_type"": ""soxr_hq"", ""sample_aligned"": false, ""sample_rate"": 16000, ""seed"": 2582875790274137337, ""semitones"": -2}",cb125ed11119e9eaf98ab59bdb4d9fac2ea1a4c2ba98f294d95834a1c15133f9
20260905T233538.930635Z,b4f3de4a4f74b8742b201c9e0941cfe5166082fc,0ea442119cfa4d9f99e7b3b3ca6f55ddcdc1e56bc504ecce6b0481de96d1a73b,85a65f1f57cd5918e3529a1210a45ad78cb20cab8a6db637589aecc38e333336,15cd64de2c8ddb012c7001ab2b9d14b9009c3f6c85d26ac718ef884459e419c7,672-122797-0044,672,test-clean,3.74,20260905,negative,0,pitch_minus2,pitch,"{""family"": ""pitch"", ""id"": ""pitch_minus2"", ""semitones"": -2}",0.5,0.5,0.0,0.004253273364156485,0,0000011101000100,1100110110100100,NA,NA,NA,NA,NA,NA,NA,NA,NA,NA: Pitch shifting changes sample phase and content,3.74,59840,0.20269782841205597,0.0,0.0,NA,14.062026049941778,59.38901496119797,ok,,"{""alignment_reason"": ""Pitch shifting changes sample phase and content"", ""clipping_fraction"": 0.0, ""duration_seconds"": 3.74, ""family"": ""pitch"", ""hop_length"": 512, ""id"": ""pitch_minus2"", ""implementation"": ""librosa"", ""input_samples"": 59840, ""n_fft"": 2048, ""output_peak"": 0.20269782841205597, ""output_samples"": 59840, ""pre_limiter_peak"": 0.20269782841205597, ""res_type"": ""soxr_hq"", ""sample_aligned"": false, ""sample_rate"": 16000, ""seed"": 2582875790274137337, ""semitones"": -2}",0b57784b601ad7ad4fab936084bc1519254dbcb4533357c9c7079a78af96a5be
20260905T233538.930635Z,b4f3de4a4f74b8742b201c9e0941cfe5166082fc,0ea442119cfa4d9f99e7b3b3ca6f55ddcdc1e56bc504ecce6b0481de96d1a73b,85a65f1f57cd5918e3529a1210a45ad78cb20cab8a6db637589aecc38e333336,15cd64de2c8ddb012c7001ab2b9d14b9009c3f6c85d26ac718ef884459e419c7,672-122797-0044,672,test-clean,3.74,20260905,positive,1,pitch_plus2,pitch,"{""family"": ""pitch"", ""id"": ""pitch_plus2"", ""semitones"": 2}",0.5,0.5,0.0,0.00115012691821903,0,0000011101000100,0101110110100100,7,0.5625,0.4375,0,30.574417734383022,0.9916448560744788,NA,NA,NA,NA: Pitch shifting changes sample phase and content,3.74,59840,0.21233932673931122,0.0,0.0,4164.141754969023,16.18223392870277,59.890510980039835,ok,,"{""alignment_reason"": ""Pitch shifting changes sample phase and content"", ""clipping_fraction"": 0.0, ""duration_seconds"": 3.74, ""family"": ""pitch"", ""hop_length"": 512, ""id"": ""pitch_plus2"", ""implementation"": ""librosa"", ""input_samples"": 59840, ""n_fft"": 2048, ""output_peak"": 0.21233932673931122, ""output_samples"": 59840, ""pre_limiter_peak"": 0.21233932673931122, ""res_type"": ""soxr_hq"", ""sample_aligned"": false, ""sample_rate"": 16000, ""seed"": 4285927104172957954, ""semitones"": 2}",890d7d6239f1c23ef7bbb68234747ffaa18b61c05d654b93079d33bca8d69d3f
20260905T233538.930635Z,b4f3de4a4f74b8742b201c9e0941cfe5166082fc,0ea442119cfa4d9f99e7b3b3ca6f55ddcdc1e56bc504ecce6b0481de96d1a73b,85a65f1f57cd5918e3529a1210a45ad78cb20cab8a6db637589aecc38e333336,15cd64de2c8ddb012c7001ab2b9d14b9009c3f6c85d26ac718ef884459e419c7,672-122797-0044,672,test-clean,3.74,20260905,negative,0,pitch_plus2,pitch,"{""family"": ""pitch"", ""id"": ""pitch_plus2"", ""semitones"": 2}",0.5,0.5,0.0,0.00244117621332407,0,0000011101000100,0101111111100100,NA,NA,NA,NA,NA,NA,NA,NA,NA,NA: Pitch shifting changes sample phase and content,3.74,59840,0.17826201021671295,0.0,0.0,NA,16.14240894559771,59.15624205954373,ok,,"{""alignment_reason"": ""Pitch shifting changes sample phase and content"", ""clipping_fraction"": 0.0, ""duration_seconds"": 3.74, ""family"": ""pitch"", ""hop_length"": 512, ""id"": ""pitch_plus2"", ""implementation"": ""librosa"", ""input_samples"": 59840, ""n_fft"": 2048, ""output_peak"": 0.17826201021671295, ""output_samples"": 59840, ""pre_limiter_peak"": 0.17826201021671295, ""res_type"": ""soxr_hq"", ""sample_aligned"": false, ""sample_rate"": 16000, ""seed"": 4285927104172957954, ""semitones"": 2}",4c9dd136ce6fb03c18d38e3f159ea1004a4aa7a6524fcffd02e50554108a95c8
20260905T233538.930635Z,b4f3de4a4f74b8742b201c9e0941cfe5166082fc,0ea442119cfa4d9f99e7b3b3ca6f55ddcdc1e56bc504ecce6b0481de96d1a73b,85a65f1f57cd5918e3529a1210a45ad78cb20cab8a6db637589aecc38e333336,15cd64de2c8ddb012c7001ab2b9d14b9009c3f6c85d26ac718ef884459e419c7,672-122797-0044,672,test-clean,3.74,20260905,positive,1,stretch_09,stretch,"{""family"": ""stretch"", ""id"": ""stretch_09"", ""rate"": 0.9}",0.5,0.5,0.38382288813591003,0.40559282898902893,0,0000011101000100,0000011101000100,0,1.0,0.0,1,30.574417734383022,0.9916448560744788,NA,NA,NA,NA: Time stretching changes the temporal coordinate,4.1555625,66489,0.1821613907814026,0.0,0.0,4164.141754969023,15.028376947157085,99.11403397563845,ok,,"{""alignment_reason"": ""Time stretching changes the temporal coordinate"", ""clipping_fraction"": 0.0, ""duration_seconds"": 4.1555625, ""family"": ""stretch"", ""hop_length"": 512, ""id"": ""stretch_09"", ""implementation"": ""librosa"", ""input_samples"": 59840, ""n_fft"": 2048, ""output_peak"": 0.1821613907814026, ""output_samples"": 66489, ""pre_limiter_peak"": 0.1821613907814026, ""rate"": 0.9, ""sample_aligned"": false, ""sample_rate"": 16000, ""seed"": 3964602418282565553}",e9d0274705c77902af98c6bc022242c0184aff552fdb55df883dab10301131c0
20260905T233538.930635Z,b4f3de4a4f74b8742b201c9e0941cfe5166082fc,0ea442119cfa4d9f99e7b3b3ca6f55ddcdc1e56bc504ecce6b0481de96d1a73b,85a65f1f57cd5918e3529a1210a45ad78cb20cab8a6db637589aecc38e333336,15cd64de2c8ddb012c7001ab2b9d14b9009c3f6c85d26ac718ef884459e419c7,672-122797-0044,672,test-clean,3.74,20260905,negative,0,stretch_09,stretch,"{""family"": ""stretch"", ""id"": ""stretch_09"", ""rate"": 0.9}",0.5,0.5,0.0,0.0009248721762560308,0,0000011101000100,0101110110100100,NA,NA,NA,NA,NA,NA,NA,NA,NA,NA: Time stretching changes the temporal coordinate,4.1555625,66489,0.2299025058746338,0.0,0.0,NA,14.497866039164364,56.66031897999346,ok,,"{""alignment_reason"": ""Time stretching changes the temporal coordinate"", ""clipping_fraction"": 0.0, ""duration_seconds"": 4.1555625, ""family"": ""stretch"", ""hop_length"": 512, ""id"": ""stretch_09"", ""implementation"": ""librosa"", ""input_samples"": 59840, ""n_fft"": 2048, ""output_peak"": 0.2299025058746338, ""output_samples"": 66489, ""pre_limiter_peak"": 0.2299025058746338, ""rate"": 0.9, ""sample_aligned"": false, ""sample_rate"": 16000, ""seed"": 3964602418282565553}",b559e9e6b2e005da791d68e509b4a7b64a49a9d5c3bcd029051b7c833c496323
20260905T233538.930635Z,b4f3de4a4f74b8742b201c9e0941cfe5166082fc,0ea442119cfa4d9f99e7b3b3ca6f55ddcdc1e56bc504ecce6b0481de96d1a73b,85a65f1f57cd5918e3529a1210a45ad78cb20cab8a6db637589aecc38e333336,15cd64de2c8ddb012c7001ab2b9d14b9009c3f6c85d26ac718ef884459e419c7,672-122797-0044,672,test-clean,3.74,20260905,positive,1,stretch_11,stretch,"{""family"": ""stretch"", ""id"": ""stretch_11"", ""rate"": 1.1}",0.5,0.5,0.5140625238418579,0.5356760621070862,1,0000011101000100,0000011101000100,0,1.0,0.0,1,30.574417734383022,0.9916448560744788,NA,NA,NA,NA: Time stretching changes the temporal coordinate,3.4,54400,0.1701829433441162,0.0,0.0,4164.141754969023,12.467719032429159,150.5337100243196,ok,,"{""alignment_reason"": ""Time stretching changes the temporal coordinate"", ""clipping_fraction"": 0.0, ""duration_seconds"": 3.4, ""family"": ""stretch"", ""hop_length"": 512, ""id"": ""stretch_11"", ""implementation"": ""librosa"", ""input_samples"": 59840, ""n_fft"": 2048, ""output_peak"": 0.1701829433441162, ""output_samples"": 54400, ""pre_limiter_peak"": 0.1701829433441162, ""rate"": 1.1, ""sample_aligned"": false, ""sample_rate"": 16000, ""seed"": 10413372752732584827}",98d24757b3bcb6679ce7926a9b577c3125d9a5c235fd57a86a0c7fefc4cc13a7
20260905T233538.930635Z,b4f3de4a4f74b8742b201c9e0941cfe5166082fc,0ea442119cfa4d9f99e7b3b3ca6f55ddcdc1e56bc504ecce6b0481de96d1a73b,85a65f1f57cd5918e3529a1210a45ad78cb20cab8a6db637589aecc38e333336,15cd64de2c8ddb012c7001ab2b9d14b9009c3f6c85d26ac718ef884459e419c7,672-122797-0044,672,test-clean,3.74,20260905,negative,0,stretch_11,stretch,"{""family"": ""stretch"", ""id"": ""stretch_11"", ""rate"": 1.1}",0.5,0.5,0.0,0.00022129574790596962,0,0000011101000100,0111110110110100,NA,NA,NA,NA,NA,NA,NA,NA,NA,NA: Time stretching changes the temporal coordinate,3.4,54400,0.2027558833360672,0.0,0.0,NA,13.082440011203289,49.43876201286912,ok,,"{""alignment_reason"": ""Time stretching changes the temporal coordinate"", ""clipping_fraction"": 0.0, ""duration_seconds"": 3.4, ""family"": ""stretch"", ""hop_length"": 512, ""id"": ""stretch_11"", ""implementation"": ""librosa"", ""input_samples"": 59840, ""n_fft"": 2048, ""output_peak"": 0.2027558833360672, ""output_samples"": 54400, ""pre_limiter_peak"": 0.2027558833360672, ""rate"": 1.1, ""sample_aligned"": false, ""sample_rate"": 16000, ""seed"": 10413372752732584827}",5f88ddee96defd05386666f8ace6c410e8d6f2c64e19091dd402fb6af517662b
20260905T233538.930635Z,b4f3de4a4f74b8742b201c9e0941cfe5166082fc,0ea442119cfa4d9f99e7b3b3ca6f55ddcdc1e56bc504ecce6b0481de96d1a73b,85a65f1f57cd5918e3529a1210a45ad78cb20cab8a6db637589aecc38e333336,15cd64de2c8ddb012c7001ab2b9d14b9009c3f6c85d26ac718ef884459e419c7,672-122797-0044,672,test-clean,3.74,20260905,positive,1,crop_10,crop,"{""family"": ""crop"", ""fraction"": 0.1, ""id"": ""crop_10""}",0.5,0.5,0.9482137560844421,0.9503031373023987,1,0000011101000100,0100111101011100,4,0.75,0.25,0,30.574417734383022,0.9916448560744788,NA,NA,NA,NA: Contiguous crop changes length and may shift time origin,3.366,53856,0.2912736237049103,0.0,0.0,4164.141754969023,0.2911949995905161,79.9056759569794,ok,,"{""alignment_reason"": ""Contiguous crop changes length and may shift time origin"", ""clipping_fraction"": 0.0, ""crop_end_sample"": 57982, ""crop_start_sample"": 4126, ""duration_seconds"": 3.366, ""family"": ""crop"", ""fraction"": 0.1, ""id"": ""crop_10"", ""input_samples"": 59840, ""output_peak"": 0.2912736237049103, ""output_samples"": 53856, ""pre_limiter_peak"": 0.2912736237049103, ""removed_fraction_actual"": 0.09999999999999998, ""sample_aligned"": false, ""sample_rate"": 16000, ""seed"": 16933758975597605697}",5a3763421f09227ce7b36747f286e28d8e2b50b2e1f20bc6575713ab9ba0471a
20260905T233538.930635Z,b4f3de4a4f74b8742b201c9e0941cfe5166082fc,0ea442119cfa4d9f99e7b3b3ca6f55ddcdc1e56bc504ecce6b0481de96d1a73b,85a65f1f57cd5918e3529a1210a45ad78cb20cab8a6db637589aecc38e333336,15cd64de2c8ddb012c7001ab2b9d14b9009c3f6c85d26ac718ef884459e419c7,672-122797-0044,672,test-clean,3.74,20260905,negative,0,crop_10,crop,"{""family"": ""crop"", ""fraction"": 0.1, ""id"": ""crop_10""}",0.5,0.5,0.0,0.00021653331350535154,0,0000011101000100,1111110110110101,NA,NA,NA,NA,NA,NA,NA,NA,NA,NA: Contiguous crop changes length and may shift time origin,3.366,53856,0.291778564453125,0.0,0.0,NA,0.3280850360170007,46.36859497986734,ok,,"{""alignment_reason"": ""Contiguous crop changes length and may shift time origin"", ""clipping_fraction"": 0.0, ""crop_end_sample"": 57982, ""crop_start_sample"": 4126, ""duration_seconds"": 3.366, ""family"": ""crop"", ""fraction"": 0.1, ""id"": ""crop_10"", ""input_samples"": 59840, ""output_peak"": 0.291778564453125, ""output_samples"": 53856, ""pre_limiter_peak"": 0.291778564453125, ""removed_fraction_actual"": 0.09999999999999998, ""sample_aligned"": false, ""sample_rate"": 16000, ""seed"": 16933758975597605697}",9c52c8ce9cf2c362960cd271fd76a1da5adc898d62a6a1bfb961c34374616b14
20260905T233538.930635Z,b4f3de4a4f74b8742b201c9e0941cfe5166082fc,0ea442119cfa4d9f99e7b3b3ca6f55ddcdc1e56bc504ecce6b0481de96d1a73b,85a65f1f57cd5918e3529a1210a45ad78cb20cab8a6db637589aecc38e333336,15cd64de2c8ddb012c7001ab2b9d14b9009c3f6c85d26ac718ef884459e419c7,672-122797-0044,672,test-clean,3.74,20260905,positive,1,crop_25,crop,"{""family"": ""crop"", ""fraction"": 0.25, ""id"": ""crop_25""}",0.5,0.5,0.8202540278434753,0.8066765069961548,1,0000011101000100,0010001111000010,5,0.6875,0.3125,0,30.574417734383022,0.9916448560744788,NA,NA,NA,NA: Contiguous crop changes length and may shift time origin,2.805,44880,0.2912736237049103,0.0,0.0,4164.141754969023,0.29852904845029116,48.26681991107762,ok,,"{""alignment_reason"": ""Contiguous crop changes length and may shift time origin"", ""clipping_fraction"": 0.0, ""crop_end_sample"": 45889, ""crop_start_sample"": 1009, ""duration_seconds"": 2.805, ""family"": ""crop"", ""fraction"": 0.25, ""id"": ""crop_25"", ""input_samples"": 59840, ""output_peak"": 0.2912736237049103, ""output_samples"": 44880, ""pre_limiter_peak"": 0.2912736237049103, ""removed_fraction_actual"": 0.25, ""sample_aligned"": false, ""sample_rate"": 16000, ""seed"": 3073486972645986847}",42317b53ad3a2a890647cf05718bc0819521ce45ed1a57282462b765e7bdedaa
20260905T233538.930635Z,b4f3de4a4f74b8742b201c9e0941cfe5166082fc,0ea442119cfa4d9f99e7b3b3ca6f55ddcdc1e56bc504ecce6b0481de96d1a73b,85a65f1f57cd5918e3529a1210a45ad78cb20cab8a6db637589aecc38e333336,15cd64de2c8ddb012c7001ab2b9d14b9009c3f6c85d26ac718ef884459e419c7,672-122797-0044,672,test-clean,3.74,20260905,negative,0,crop_25,crop,"{""family"": ""crop"", ""fraction"": 0.25, ""id"": ""crop_25""}",0.5,0.5,0.000668449210934341,0.006331074982881546,0,0000011101000100,0110110110110100,NA,NA,NA,NA,NA,NA,NA,NA,NA,NA: Contiguous crop changes length and may shift time origin,2.805,44880,0.291778564453125,0.0,0.0,NA,0.2930189948529005,43.64619799889624,ok,,"{""alignment_reason"": ""Contiguous crop changes length and may shift time origin"", ""clipping_fraction"": 0.0, ""crop_end_sample"": 45889, ""crop_start_sample"": 1009, ""duration_seconds"": 2.805, ""family"": ""crop"", ""fraction"": 0.25, ""id"": ""crop_25"", ""input_samples"": 59840, ""output_peak"": 0.291778564453125, ""output_samples"": 44880, ""pre_limiter_peak"": 0.291778564453125, ""removed_fraction_actual"": 0.25, ""sample_aligned"": false, ""sample_rate"": 16000, ""seed"": 3073486972645986847}",e054d190c654ea363adbca456b5e42efcc6477c54178e2ace1dd29a1b40f5966
20260905T233538.930635Z,b4f3de4a4f74b8742b201c9e0941cfe5166082fc,0ea442119cfa4d9f99e7b3b3ca6f55ddcdc1e56bc504ecce6b0481de96d1a73b,85a65f1f57cd5918e3529a1210a45ad78cb20cab8a6db637589aecc38e333336,15cd64de2c8ddb012c7001ab2b9d14b9009c3f6c85d26ac718ef884459e419c7,4446-2275-0009,4446,test-clean,2.09,20260905,positive,1,clean,clean,"{""family"": ""clean"", ""id"": ""clean""}",0.5,0.5,1.0,0.9999621510505676,1,1101110011111010,1101110011111010,0,1.0,0.0,1,23.646962300682432,0.9994939086673706,0.9994939086673706,NA,23.646962300682432,aligned_to_original,2.09,33440,0.541685938835144,0.0,0.0,584.9972859723493,0.20825699903070927,38.72913203667849,ok,,"{""clipping_fraction"": 0.0, ""duration_seconds"": 2.09, ""family"": ""clean"", ""id"": ""clean"", ""input_samples"": 33440, ""output_peak"": 0.541685938835144, ""output_samples"": 33440, ""pre_limiter_peak"": 0.541685938835144, ""sample_aligned"": true, ""sample_rate"": 16000, ""seed"": 15606044982431263052}",421889ec51df8952c53284dc34cb2439e335aa8abb004c2f2589b8ed5b25957d
20260905T233538.930635Z,b4f3de4a4f74b8742b201c9e0941cfe5166082fc,0ea442119cfa4d9f99e7b3b3ca6f55ddcdc1e56bc504ecce6b0481de96d1a73b,85a65f1f57cd5918e3529a1210a45ad78cb20cab8a6db637589aecc38e333336,15cd64de2c8ddb012c7001ab2b9d14b9009c3f6c85d26ac718ef884459e419c7,4446-2275-0009,4446,test-clean,2.09,20260905,negative,0,clean,clean,"{""family"": ""clean"", ""id"": ""clean""}",0.5,0.5,0.0,0.002929536858573556,0,1101110011111010,0110110100100101,NA,NA,NA,NA,NA,NA,1.0,NA,inf,aligned_to_original,2.09,33440,0.535675048828125,0.0,0.0,NA,0.20883698016405106,37.971249083057046,ok,,"{""clipping_fraction"": 0.0, ""duration_seconds"": 2.09, ""family"": ""clean"", ""id"": ""clean"", ""input_samples"": 33440, ""output_peak"": 0.535675048828125, ""output_samples"": 33440, ""pre_limiter_peak"": 0.535675048828125, ""sample_aligned"": true, ""sample_rate"": 16000, ""seed"": 15606044982431263052}",d2b19e15218a7643f18c1e022d9f0a8cb35ae06a0b4ee319776dea6f32d04601
20260905T233538.930635Z,b4f3de4a4f74b8742b201c9e0941cfe5166082fc,0ea442119cfa4d9f99e7b3b3ca6f55ddcdc1e56bc504ecce6b0481de96d1a73b,85a65f1f57cd5918e3529a1210a45ad78cb20cab8a6db637589aecc38e333336,15cd64de2c8ddb012c7001ab2b9d14b9009c3f6c85d26ac718ef884459e419c7,4446-2275-0009,4446,test-clean,2.09,20260905,positive,1,mp3_128,mp3,"{""bitrate_kbps"": 128, ""family"": ""mp3"", ""id"": ""mp3_128""}",0.5,0.5,1.0,0.9999621510505676,1,1101110011111010,1101110011111010,0,1.0,0.0,1,23.646962300682432,0.9994939086673706,NA,NA,NA,NA: MP3 codec delay/alignment not independently verified,2.0909375,33455,0.5106167197227478,0.0,0.0,584.9972859723493,17.603921936824918,42.48771199490875,ok,,"{""alignment_reason"": ""MP3 codec delay/alignment not independently verified"", ""bitrate_kbps"": 128, ""clipping_fraction"": 0.0, ""codec"": ""libmp3lame"", ""duration_seconds"": 2.0909375, ""family"": ""mp3"", ""id"": ""mp3_128"", ""input_samples"": 33440, ""output_peak"": 0.5106167197227478, ""output_samples"": 33455, ""pre_limiter_peak"": 0.5106167197227478, ""sample_aligned"": false, ""sample_rate"": 16000, ""seed"": 7767949968518817454}",cb512d4ff386221b2a447cc7c9d8ed26b9f9a02b4a0f391bd09313c73c2e89c8
20260905T233538.930635Z,b4f3de4a4f74b8742b201c9e0941cfe5166082fc,0ea442119cfa4d9f99e7b3b3ca6f55ddcdc1e56bc504ecce6b0481de96d1a73b,85a65f1f57cd5918e3529a1210a45ad78cb20cab8a6db637589aecc38e333336,15cd64de2c8ddb012c7001ab2b9d14b9009c3f6c85d26ac718ef884459e419c7,4446-2275-0009,4446,test-clean,2.09,20260905,negative,0,mp3_128,mp3,"{""bitrate_kbps"": 128, ""family"": ""mp3"", ""id"": ""mp3_128""}",0.5,0.5,0.0,0.002524779411032796,0,1101110011111010,0110110110100101,NA,NA,NA,NA,NA,NA,NA,NA,NA,NA: MP3 codec delay/alignment not independently verified,2.0909375,33455,0.5106695890426636,0.0,0.0,NA,17.44293502997607,41.4676780346781,ok,,"{""alignment_reason"": ""MP3 codec delay/alignment not independently verified"", ""bitrate_kbps"": 128, ""clipping_fraction"": 0.0, ""codec"": ""libmp3lame"", ""duration_seconds"": 2.0909375, ""family"": ""mp3"", ""id"": ""mp3_128"", ""input_samples"": 33440, ""output_peak"": 0.5106695890426636, ""output_samples"": 33455, ""pre_limiter_peak"": 0.5106695890426636, ""sample_aligned"": false, ""sample_rate"": 16000, ""seed"": 7767949968518817454}",4c62a2f6860419a73b5c2d28da7b77e361e34d5f100715aaa23834b3cb25cd6a
20260905T233538.930635Z,b4f3de4a4f74b8742b201c9e0941cfe5166082fc,0ea442119cfa4d9f99e7b3b3ca6f55ddcdc1e56bc504ecce6b0481de96d1a73b,85a65f1f57cd5918e3529a1210a45ad78cb20cab8a6db637589aecc38e333336,15cd64de2c8ddb012c7001ab2b9d14b9009c3f6c85d26ac718ef884459e419c7,4446-2275-0009,4446,test-clean,2.09,20260905,positive,1,mp3_64,mp3,"{""bitrate_kbps"": 64, ""family"": ""mp3"", ""id"": ""mp3_64""}",0.5,0.5,1.0,0.9998799562454224,1,1101110011111010,1101110011111010,0,1.0,0.0,1,23.646962300682432,0.9994939086673706,NA,NA,NA,NA: MP3 codec delay/alignment not independently verified,2.0909375,33455,0.5094637274742126,0.0,0.0,584.9972859723493,15.318788937292993,41.055172914639115,ok,,"{""alignment_reason"": ""MP3 codec delay/alignment not independently verified"", ""bitrate_kbps"": 64, ""clipping_fraction"": 0.0, ""codec"": ""libmp3lame"", ""duration_seconds"": 2.0909375, ""family"": ""mp3"", ""id"": ""mp3_64"", ""input_samples"": 33440, ""output_peak"": 0.5094637274742126, ""output_samples"": 33455, ""pre_limiter_peak"": 0.5094637274742126, ""sample_aligned"": false, ""sample_rate"": 16000, ""seed"": 8707187364813234346}",6159c22fe7460a376dcf5799d29fea891532dbeb4454bc495cc5813ae432bf69
20260905T233538.930635Z,b4f3de4a4f74b8742b201c9e0941cfe5166082fc,0ea442119cfa4d9f99e7b3b3ca6f55ddcdc1e56bc504ecce6b0481de96d1a73b,85a65f1f57cd5918e3529a1210a45ad78cb20cab8a6db637589aecc38e333336,15cd64de2c8ddb012c7001ab2b9d14b9009c3f6c85d26ac718ef884459e419c7,4446-2275-0009,4446,test-clean,2.09,20260905,negative,0,mp3_64,mp3,"{""bitrate_kbps"": 64, ""family"": ""mp3"", ""id"": ""mp3_64""}",0.5,0.5,0.0,0.0012116284342482686,0,1101110011111010,1110110100100100,NA,NA,NA,NA,NA,NA,NA,NA,NA,NA: MP3 codec delay/alignment not independently verified,2.0909375,33455,0.5112623572349548,0.0,0.0,NA,18.188936985097826,41.19125194847584,ok,,"{""alignment_reason"": ""MP3 codec delay/alignment not independently verified"", ""bitrate_kbps"": 64, ""clipping_fraction"": 0.0, ""codec"": ""libmp3lame"", ""duration_seconds"": 2.0909375, ""family"": ""mp3"", ""id"": ""mp3_64"", ""input_samples"": 33440, ""output_peak"": 0.5112623572349548, ""output_samples"": 33455, ""pre_limiter_peak"": 0.5112623572349548, ""sample_aligned"": false, ""sample_rate"": 16000, ""seed"": 8707187364813234346}",cd35cabf4b0f595ef54fe5139257e60d116bf0f4cd441df1631df7532ea026f7
20260905T233538.930635Z,b4f3de4a4f74b8742b201c9e0941cfe5166082fc,0ea442119cfa4d9f99e7b3b3ca6f55ddcdc1e56bc504ecce6b0481de96d1a73b,85a65f1f57cd5918e3529a1210a45ad78cb20cab8a6db637589aecc38e333336,15cd64de2c8ddb012c7001ab2b9d14b9009c3f6c85d26ac718ef884459e419c7,4446-2275-0009,4446,test-clean,2.09,20260905,positive,1,noise_30,noise,"{""family"": ""noise"", ""id"": ""noise_30"", ""snr_db"": 30}",0.5,0.5,0.8277512192726135,0.8249742388725281,1,1101110011111010,1101110011111010,0,1.0,0.0,1,23.646962300682432,0.9994939086673706,0.9992524029576931,NA,22.74646395220847,aligned_to_original,2.09,33440,0.5399486422538757,0.0,0.0,584.9972859723493,0.9457920677959919,37.475374061614275,ok,,"{""clipping_fraction"": 0.0, ""duration_seconds"": 2.09, ""family"": ""noise"", ""id"": ""noise_30"", ""input_samples"": 33440, ""noise_snr_db"": 29.999999993401666, ""noise_snr_db_pre_clipping"": 30.0, ""output_peak"": 0.5399486422538757, ""output_samples"": 33440, ""pre_limiter_peak"": 0.5399486621319588, ""sample_aligned"": true, ""sample_rate"": 16000, ""seed"": 2649606966302881241, ""snr_db"": 30}",ac4de65712697fa171f7b94a5f245dbcd5954dcc33782bd9db110244c4c7ff75
20260905T233538.930635Z,b4f3de4a4f74b8742b201c9e0941cfe5166082fc,0ea442119cfa4d9f99e7b3b3ca6f55ddcdc1e56bc504ecce6b0481de96d1a73b,85a65f1f57cd5918e3529a1210a45ad78cb20cab8a6db637589aecc38e333336,15cd64de2c8ddb012c7001ab2b9d14b9009c3f6c85d26ac718ef884459e419c7,4446-2275-0009,4446,test-clean,2.09,20260905,negative,0,noise_30,noise,"{""family"": ""noise"", ""id"": ""noise_30"", ""snr_db"": 30}",0.5,0.5,0.0038875597529113293,0.004792061168700457,0,1101110011111010,0110111100100101,NA,NA,NA,NA,NA,NA,0.9997803685466591,NA,29.999999971087817,aligned_to_original,2.09,33440,0.5366109013557434,0.0,0.0,NA,0.826715026050806,37.86057804245502,ok,,"{""clipping_fraction"": 0.0, ""duration_seconds"": 2.09, ""family"": ""noise"", ""id"": ""noise_30"", ""input_samples"": 33440, ""noise_snr_db"": 29.999999971087817, ""noise_snr_db_pre_clipping"": 30.0, ""output_peak"": 0.5366109013557434, ""output_samples"": 33440, ""pre_limiter_peak"": 0.5366108884494684, ""sample_aligned"": true, ""sample_rate"": 16000, ""seed"": 2649606966302881241, ""snr_db"": 30}",4a940df6e75f15e0d330a800e081c1e4a82f9f4b84ef7d74b3f5678211926d1d
20260905T233538.930635Z,b4f3de4a4f74b8742b201c9e0941cfe5166082fc,0ea442119cfa4d9f99e7b3b3ca6f55ddcdc1e56bc504ecce6b0481de96d1a73b,85a65f1f57cd5918e3529a1210a45ad78cb20cab8a6db637589aecc38e333336,15cd64de2c8ddb012c7001ab2b9d14b9009c3f6c85d26ac718ef884459e419c7,4446-2275-0009,4446,test-clean,2.09,20260905,positive,1,noise_20,noise,"{""family"": ""noise"", ""id"": ""noise_20"", ""snr_db"": 20}",0.5,0.5,0.6746710538864136,0.6525687575340271,1,1101110011111010,1101110011111011,1,0.9375,0.0625,0,23.646962300682432,0.9994939086673706,0.9974740115023862,NA,18.48487142125415,aligned_to_original,2.09,33440,0.5485557913780212,0.0,0.0,584.9972859723493,0.8236489957198501,37.777508958242834,ok,,"{""clipping_fraction"": 0.0, ""duration_seconds"": 2.09, ""family"": ""noise"", ""id"": ""noise_20"", ""input_samples"": 33440, ""noise_snr_db"": 20.000000007528627, ""noise_snr_db_pre_clipping"": 19.999999999999996, ""output_peak"": 0.5485557913780212, ""output_samples"": 33440, ""pre_limiter_peak"": 0.5485557983794288, ""sample_aligned"": true, ""sample_rate"": 16000, ""seed"": 14888441500013458231, ""snr_db"": 20}",69c89a4d02ed540b48c42017255ec1bda512e481f3579c5fb70b703c62edc55a
20260905T233538.930635Z,b4f3de4a4f74b8742b201c9e0941cfe5166082fc,0ea442119cfa4d9f99e7b3b3ca6f55ddcdc1e56bc504ecce6b0481de96d1a73b,85a65f1f57cd5918e3529a1210a45ad78cb20cab8a6db637589aecc38e333336,15cd64de2c8ddb012c7001ab2b9d14b9009c3f6c85d26ac718ef884459e419c7,4446-2275-0009,4446,test-clean,2.09,20260905,negative,0,noise_20,noise,"{""family"": ""noise"", ""id"": ""noise_20"", ""snr_db"": 20}",0.5,0.5,0.0,9.260067599825561e-05,0,1101110011111010,1110110110110101,NA,NA,NA,NA,NA,NA,0.9980037639069494,NA,20.000000016512768,aligned_to_original,2.09,33440,0.5429853200912476,0.0,0.0,NA,0.8153929375112057,37.65975509304553,ok,,"{""clipping_fraction"": 0.0, ""duration_seconds"": 2.09, ""family"": ""noise"", ""id"": ""noise_20"", ""input_samples"": 33440, ""noise_snr_db"": 20.000000016512768, ""noise_snr_db_pre_clipping"": 20.0, ""output_peak"": 0.5429853200912476, ""output_samples"": 33440, ""pre_limiter_peak"": 0.542985344683899, ""sample_aligned"": true, ""sample_rate"": 16000, ""seed"": 14888441500013458231, ""snr_db"": 20}",511ac6950f80982fdf3c0fbdef8cc99e88440fa3a3bb5e388e3c1d6d78e35bfa
20260905T233538.930635Z,b4f3de4a4f74b8742b201c9e0941cfe5166082fc,0ea442119cfa4d9f99e7b3b3ca6f55ddcdc1e56bc504ecce6b0481de96d1a73b,85a65f1f57cd5918e3529a1210a45ad78cb20cab8a6db637589aecc38e333336,15cd64de2c8ddb012c7001ab2b9d14b9009c3f6c85d26ac718ef884459e419c7,4446-2275-0009,4446,test-clean,2.09,20260905,positive,1,resample_12000,resample,"{""family"": ""resample"", ""id"": ""resample_12000"", ""intermediate_sr"": 12000}",0.5,0.5,1.0,0.9999616742134094,1,1101110011111010,1101110011111010,0,1.0,0.0,1,23.646962300682432,0.9994939086673706,0.9994939405364945,NA,17.89797956861278,aligned_to_original,2.09,33440,0.5584728121757507,0.0,0.0,584.9972859723493,1.3235309161245823,37.89150598458946,ok,,"{""clipping_fraction"": 0.0, ""duration_seconds"": 2.09, ""family"": ""resample"", ""id"": ""resample_12000"", ""input_samples"": 33440, ""intermediate_sr"": 12000, ""output_peak"": 0.5584728121757507, ""output_samples"": 33440, ""pre_limiter_peak"": 0.5584728121757507, ""resampler"": ""scipy.signal.resample_poly"", ""resampler_window"": [""kaiser"", 5.0], ""sample_aligned"": true, ""sample_rate"": 16000, ""seed"": 3090249096393910847}",7fe1fdc25c518340b335b99da891306a5fd19ff02e0aeca621bae68d2cfdfb32
20260905T233538.930635Z,b4f3de4a4f74b8742b201c9e0941cfe5166082fc,0ea442119cfa4d9f99e7b3b3ca6f55ddcdc1e56bc504ecce6b0481de96d1a73b,85a65f1f57cd5918e3529a1210a45ad78cb20cab8a6db637589aecc38e333336,15cd64de2c8ddb012c7001ab2b9d14b9009c3f6c85d26ac718ef884459e419c7,4446-2275-0009,4446,test-clean,2.09,20260905,negative,0,resample_12000,resample,"{""family"": ""resample"", ""id"": ""resample_12000"", ""intermediate_sr"": 12000}",0.5,0.5,0.0,0.0029987019952386618,0,1101110011111010,0110110100100101,NA,NA,NA,NA,NA,NA,0.9999999268082989,NA,19.241352729333677,aligned_to_original,2.09,33440,0.5827621817588806,0.0,0.0,NA,1.302890945225954,38.00448193214834,ok,,"{""clipping_fraction"": 0.0, ""duration_seconds"": 2.09, ""family"": ""resample"", ""id"": ""resample_12000"", ""input_samples"": 33440, ""intermediate_sr"": 12000, ""output_peak"": 0.5827621817588806, ""output_samples"": 33440, ""pre_limiter_peak"": 0.5827621817588806, ""resampler"": ""scipy.signal.resample_poly"", ""resampler_window"": [""kaiser"", 5.0], ""sample_aligned"": true, ""sample_rate"": 16000, ""seed"": 3090249096393910847}",850f88832f58df525eda8514693e29c93ffd8b769b0552907d2289f6f8dec453
20260905T233538.930635Z,b4f3de4a4f74b8742b201c9e0941cfe5166082fc,0ea442119cfa4d9f99e7b3b3ca6f55ddcdc1e56bc504ecce6b0481de96d1a73b,85a65f1f57cd5918e3529a1210a45ad78cb20cab8a6db637589aecc38e333336,15cd64de2c8ddb012c7001ab2b9d14b9009c3f6c85d26ac718ef884459e419c7,4446-2275-0009,4446,test-clean,2.09,20260905,positive,1,resample_8000,resample,"{""family"": ""resample"", ""id"": ""resample_8000"", ""intermediate_sr"": 8000}",0.5,0.5,1.0,0.9999573826789856,1,1101110011111010,1101110011111010,0,1.0,0.0,1,23.646962300682432,0.9994939086673706,0.9964858970358361,NA,11.777259794284902,aligned_to_original,2.09,33440,0.594304084777832,0.0,0.0,584.9972859723493,1.3261860003694892,37.667158991098404,ok,,"{""clipping_fraction"": 0.0, ""duration_seconds"": 2.09, ""family"": ""resample"", ""id"": ""resample_8000"", ""input_samples"": 33440, ""intermediate_sr"": 8000, ""output_peak"": 0.594304084777832, ""output_samples"": 33440, ""pre_limiter_peak"": 0.594304084777832, ""resampler"": ""scipy.signal.resample_poly"", ""resampler_window"": [""kaiser"", 5.0], ""sample_aligned"": true, ""sample_rate"": 16000, ""seed"": 6145461932466707148}",507ff1c96f724b7223856181f7525811842d61a0cf570f20a3b10d31b76e7516
20260905T233538.930635Z,b4f3de4a4f74b8742b201c9e0941cfe5166082fc,0ea442119cfa4d9f99e7b3b3ca6f55ddcdc1e56bc504ecce6b0481de96d1a73b,85a65f1f57cd5918e3529a1210a45ad78cb20cab8a6db637589aecc38e333336,15cd64de2c8ddb012c7001ab2b9d14b9009c3f6c85d26ac718ef884459e419c7,4446-2275-0009,4446,test-clean,2.09,20260905,negative,0,resample_8000,resample,"{""family"": ""resample"", ""id"": ""resample_8000"", ""intermediate_sr"": 8000}",0.5,0.5,0.0,0.0010352351237088442,0,1101110011111010,0110110110100100,NA,NA,NA,NA,NA,NA,0.996992518242422,NA,12.068974108426126,aligned_to_original,2.09,33440,0.613624095916748,0.0,0.0,NA,1.305876998230815,37.60178398806602,ok,,"{""clipping_fraction"": 0.0, ""duration_seconds"": 2.09, ""family"": ""resample"", ""id"": ""resample_8000"", ""input_samples"": 33440, ""intermediate_sr"": 8000, ""output_peak"": 0.613624095916748, ""output_samples"": 33440, ""pre_limiter_peak"": 0.613624095916748, ""resampler"": ""scipy.signal.resample_poly"", ""resampler_window"": [""kaiser"", 5.0], ""sample_aligned"": true, ""sample_rate"": 16000, ""seed"": 6145461932466707148}",efb090f8e0fe27c3b2a259d78035530e6bc3941bd890e894fa6dbd67305987ed
20260905T233538.930635Z,b4f3de4a4f74b8742b201c9e0941cfe5166082fc,0ea442119cfa4d9f99e7b3b3ca6f55ddcdc1e56bc504ecce6b0481de96d1a73b,85a65f1f57cd5918e3529a1210a45ad78cb20cab8a6db637589aecc38e333336,15cd64de2c8ddb012c7001ab2b9d14b9009c3f6c85d26ac718ef884459e419c7,4446-2275-0009,4446,test-clean,2.09,20260905,positive,1,pitch_minus2,pitch,"{""family"": ""pitch"", ""id"": ""pitch_minus2"", ""semitones"": -2}",0.5,0.5,0.0,0.004240936134010553,0,1101110011111010,0110110110000100,10,0.375,0.625,0,23.646962300682432,0.9994939086673706,NA,NA,NA,NA: Pitch shifting changes sample phase and content,2.09,33440,0.2729993462562561,0.0,0.0,584.9972859723493,8.388428948819637,38.199022063054144,ok,,"{""alignment_reason"": ""Pitch shifting changes sample phase and content"", ""clipping_fraction"": 0.0, ""duration_seconds"": 2.09, ""family"": ""pitch"", ""hop_length"": 512, ""id"": ""pitch_minus2"", ""implementation"": ""librosa"", ""input_samples"": 33440, ""n_fft"": 2048, ""output_peak"": 0.2729993462562561, ""output_samples"": 33440, ""pre_limiter_peak"": 0.2729993462562561, ""res_type"": ""soxr_hq"", ""sample_aligned"": false, ""sample_rate"": 16000, ""seed"": 18052825084911339056, ""semitones"": -2}",22a2fe00ad4087203dad5bfb2fa7f0bb97fb44d37ce0d28ed30a56db9baa4bbe
20260905T233538.930635Z,b4f3de4a4f74b8742b201c9e0941cfe5166082fc,0ea442119cfa4d9f99e7b3b3ca6f55ddcdc1e56bc504ecce6b0481de96d1a73b,85a65f1f57cd5918e3529a1210a45ad78cb20cab8a6db637589aecc38e333336,15cd64de2c8ddb012c7001ab2b9d14b9009c3f6c85d26ac718ef884459e419c7,4446-2275-0009,4446,test-clean,2.09,20260905,negative,0,pitch_minus2,pitch,"{""family"": ""pitch"", ""id"": ""pitch_minus2"", ""semitones"": -2}",0.5,0.5,0.0,0.00355867063626647,0,1101110011111010,1111101111100101,NA,NA,NA,NA,NA,NA,NA,NA,NA,NA: Pitch shifting changes sample phase and content,2.09,33440,0.30610865354537964,0.0,0.0,NA,8.629446965642273,37.61450806632638,ok,,"{""alignment_reason"": ""Pitch shifting changes sample phase and content"", ""clipping_fraction"": 0.0, ""duration_seconds"": 2.09, ""family"": ""pitch"", ""hop_length"": 512, ""id"": ""pitch_minus2"", ""implementation"": ""librosa"", ""input_samples"": 33440, ""n_fft"": 2048, ""output_peak"": 0.30610865354537964, ""output_samples"": 33440, ""pre_limiter_peak"": 0.30610865354537964, ""res_type"": ""soxr_hq"", ""sample_aligned"": false, ""sample_rate"": 16000, ""seed"": 18052825084911339056, ""semitones"": -2}",04cb63efebf2bd59c4852c14e312654c991335cdb1015dff78dd05b6beb9afd2
20260905T233538.930635Z,b4f3de4a4f74b8742b201c9e0941cfe5166082fc,0ea442119cfa4d9f99e7b3b3ca6f55ddcdc1e56bc504ecce6b0481de96d1a73b,85a65f1f57cd5918e3529a1210a45ad78cb20cab8a6db637589aecc38e333336,15cd64de2c8ddb012c7001ab2b9d14b9009c3f6c85d26ac718ef884459e419c7,4446-2275-0009,4446,test-clean,2.09,20260905,positive,1,pitch_plus2,pitch,"{""family"": ""pitch"", ""id"": ""pitch_plus2"", ""semitones"": 2}",0.5,0.5,0.0,0.0004169118183199316,0,1101110011111010,1110110110100100,8,0.5,0.5,0,23.646962300682432,0.9994939086673706,NA,NA,NA,NA: Pitch shifting changes sample phase and content,2.09,33440,0.3375227451324463,0.0,0.0,584.9972859723493,9.716338012367487,37.785263964906335,ok,,"{""alignment_reason"": ""Pitch shifting changes sample phase and content"", ""clipping_fraction"": 0.0, ""duration_seconds"": 2.09, ""family"": ""pitch"", ""hop_length"": 512, ""id"": ""pitch_plus2"", ""implementation"": ""librosa"", ""input_samples"": 33440, ""n_fft"": 2048, ""output_peak"": 0.3375227451324463, ""output_samples"": 33440, ""pre_limiter_peak"": 0.3375227451324463, ""res_type"": ""soxr_hq"", ""sample_aligned"": false, ""sample_rate"": 16000, ""seed"": 14962181820118614287, ""semitones"": 2}",f1f17d4336513a92aaa7daf66677c230fb638f2337303d0bdcba29c7000639a3
20260905T233538.930635Z,b4f3de4a4f74b8742b201c9e0941cfe5166082fc,0ea442119cfa4d9f99e7b3b3ca6f55ddcdc1e56bc504ecce6b0481de96d1a73b,85a65f1f57cd5918e3529a1210a45ad78cb20cab8a6db637589aecc38e333336,15cd64de2c8ddb012c7001ab2b9d14b9009c3f6c85d26ac718ef884459e419c7,4446-2275-0009,4446,test-clean,2.09,20260905,negative,0,pitch_plus2,pitch,"{""family"": ""pitch"", ""id"": ""pitch_plus2"", ""semitones"": 2}",0.5,0.5,0.0,0.002888207323849201,0,1101110011111010,1100110110100110,NA,NA,NA,NA,NA,NA,NA,NA,NA,NA: Pitch shifting changes sample phase and content,2.09,33440,0.397835910320282,0.0,0.0,NA,9.719835012219846,37.790413945913315,ok,,"{""alignment_reason"": ""Pitch shifting changes sample phase and content"", ""clipping_fraction"": 0.0, ""duration_seconds"": 2.09, ""family"": ""pitch"", ""hop_length"": 512, ""id"": ""pitch_plus2"", ""implementation"": ""librosa"", ""input_samples"": 33440, ""n_fft"": 2048, ""output_peak"": 0.397835910320282, ""output_samples"": 33440, ""pre_limiter_peak"": 0.397835910320282, ""res_type"": ""soxr_hq"", ""sample_aligned"": false, ""sample_rate"": 16000, ""seed"": 14962181820118614287, ""semitones"": 2}",8d93df0247c1e3b80c9c94064ab0e98ee62940f1c39a25d2a5fad871b87dc296
20260905T233538.930635Z,b4f3de4a4f74b8742b201c9e0941cfe5166082fc,0ea442119cfa4d9f99e7b3b3ca6f55ddcdc1e56bc504ecce6b0481de96d1a73b,85a65f1f57cd5918e3529a1210a45ad78cb20cab8a6db637589aecc38e333336,15cd64de2c8ddb012c7001ab2b9d14b9009c3f6c85d26ac718ef884459e419c7,4446-2275-0009,4446,test-clean,2.09,20260905,positive,1,stretch_09,stretch,"{""family"": ""stretch"", ""id"": ""stretch_09"", ""rate"": 0.9}",0.5,0.5,0.21926471590995789,0.23741428554058075,0,1101110011111010,1101110011111010,0,1.0,0.0,1,23.646962300682432,0.9994939086673706,NA,NA,NA,NA: Time stretching changes the temporal coordinate,2.32225,37156,0.3307333290576935,0.0,0.0,584.9972859723493,9.024147992022336,43.028310989029706,ok,,"{""alignment_reason"": ""Time stretching changes the temporal coordinate"", ""clipping_fraction"": 0.0, ""duration_seconds"": 2.32225, ""family"": ""stretch"", ""hop_length"": 512, ""id"": ""stretch_09"", ""implementation"": ""librosa"", ""input_samples"": 33440, ""n_fft"": 2048, ""output_peak"": 0.3307333290576935, ""output_samples"": 37156, ""pre_limiter_peak"": 0.3307333290576935, ""rate"": 0.9, ""sample_aligned"": false, ""sample_rate"": 16000, ""seed"": 16918814069626712147}",811361b84f9585b1e565d23fc6da0505bcdb22cbd7e7acaf28757820b241da8d
20260905T233538.930635Z,b4f3de4a4f74b8742b201c9e0941cfe5166082fc,0ea442119cfa4d9f99e7b3b3ca6f55ddcdc1e56bc504ecce6b0481de96d1a73b,85a65f1f57cd5918e3529a1210a45ad78cb20cab8a6db637589aecc38e333336,15cd64de2c8ddb012c7001ab2b9d14b9009c3f6c85d26ac718ef884459e419c7,4446-2275-0009,4446,test-clean,2.09,20260905,negative,0,stretch_09,stretch,"{""family"": ""stretch"", ""id"": ""stretch_09"", ""rate"": 0.9}",0.5,0.5,0.0,0.000937210803385824,0,1101110011111010,0110111110100100,NA,NA,NA,NA,NA,NA,NA,NA,NA,NA: Time stretching changes the temporal coordinate,2.32225,37156,0.3300230801105499,0.0,0.0,NA,9.3410819536075,38.669698988087475,ok,,"{""alignment_reason"": ""Time stretching changes the temporal coordinate"", ""clipping_fraction"": 0.0, ""duration_seconds"": 2.32225, ""family"": ""stretch"", ""hop_length"": 512, ""id"": ""stretch_09"", ""implementation"": ""librosa"", ""input_samples"": 33440, ""n_fft"": 2048, ""output_peak"": 0.3300230801105499, ""output_samples"": 37156, ""pre_limiter_peak"": 0.3300230801105499, ""rate"": 0.9, ""sample_aligned"": false, ""sample_rate"": 16000, ""seed"": 16918814069626712147}",df3e3d3d8abc52a8992b11ec3d23d27941a063202965d087bd80792014f40b29
20260905T233538.930635Z,b4f3de4a4f74b8742b201c9e0941cfe5166082fc,0ea442119cfa4d9f99e7b3b3ca6f55ddcdc1e56bc504ecce6b0481de96d1a73b,85a65f1f57cd5918e3529a1210a45ad78cb20cab8a6db637589aecc38e333336,15cd64de2c8ddb012c7001ab2b9d14b9009c3f6c85d26ac718ef884459e419c7,4446-2275-0009,4446,test-clean,2.09,20260905,positive,1,stretch_11,stretch,"{""family"": ""stretch"", ""id"": ""stretch_11"", ""rate"": 1.1}",0.5,0.5,0.24934209883213043,0.27545592188835144,0,1101110011111010,1101110011111010,0,1.0,0.0,1,23.646962300682432,0.9994939086673706,NA,NA,NA,NA: Time stretching changes the temporal coordinate,1.9,30400,0.29414525628089905,0.0,0.0,584.9972859723493,7.98476894851774,34.84536299947649,ok,,"{""alignment_reason"": ""Time stretching changes the temporal coordinate"", ""clipping_fraction"": 0.0, ""duration_seconds"": 1.9, ""family"": ""stretch"", ""hop_length"": 512, ""id"": ""stretch_11"", ""implementation"": ""librosa"", ""input_samples"": 33440, ""n_fft"": 2048, ""output_peak"": 0.29414525628089905, ""output_samples"": 30400, ""pre_limiter_peak"": 0.29414525628089905, ""rate"": 1.1, ""sample_aligned"": false, ""sample_rate"": 16000, ""seed"": 13320541168498932253}",4d9a16585c5f0d950c7280ee5dc1b8d562f045d8d09f601e68dd29a5c6e0b584
20260905T233538.930635Z,b4f3de4a4f74b8742b201c9e0941cfe5166082fc,0ea442119cfa4d9f99e7b3b3ca6f55ddcdc1e56bc504ecce6b0481de96d1a73b,85a65f1f57cd5918e3529a1210a45ad78cb20cab8a6db637589aecc38e333336,15cd64de2c8ddb012c7001ab2b9d14b9009c3f6c85d26ac718ef884459e419c7,4446-2275-0009,4446,test-clean,2.09,20260905,negative,0,stretch_11,stretch,"{""family"": ""stretch"", ""id"": ""stretch_11"", ""rate"": 1.1}",0.5,0.5,0.0,0.0012330873869359493,0,1101110011111010,1100110110100100,NA,NA,NA,NA,NA,NA,NA,NA,NA,NA: Time stretching changes the temporal coordinate,1.9,30400,0.28452059626579285,0.0,0.0,NA,7.476531085558236,31.84518904890865,ok,,"{""alignment_reason"": ""Time stretching changes the temporal coordinate"", ""clipping_fraction"": 0.0, ""duration_seconds"": 1.9, ""family"": ""stretch"", ""hop_length"": 512, ""id"": ""stretch_11"", ""implementation"": ""librosa"", ""input_samples"": 33440, ""n_fft"": 2048, ""output_peak"": 0.28452059626579285, ""output_samples"": 30400, ""pre_limiter_peak"": 0.28452059626579285, ""rate"": 1.1, ""sample_aligned"": false, ""sample_rate"": 16000, ""seed"": 13320541168498932253}",a92461f86c0100bc43ee562e12f1c9934e782d4aafd63327a0810e3bcfb5c291
20260905T233538.930635Z,b4f3de4a4f74b8742b201c9e0941cfe5166082fc,0ea442119cfa4d9f99e7b3b3ca6f55ddcdc1e56bc504ecce6b0481de96d1a73b,85a65f1f57cd5918e3529a1210a45ad78cb20cab8a6db637589aecc38e333336,15cd64de2c8ddb012c7001ab2b9d14b9009c3f6c85d26ac718ef884459e419c7,4446-2275-0009,4446,test-clean,2.09,20260905,positive,1,crop_10,crop,"{""family"": ""crop"", ""fraction"": 0.1, ""id"": ""crop_10""}",0.5,0.5,0.3066188097000122,0.3345324695110321,0,1101110011111010,1110100111110011,6,0.625,0.375,0,23.646962300682432,0.9994939086673706,NA,NA,NA,NA: Contiguous crop changes length and may shift time origin,1.881,30096,0.541685938835144,0.0,0.0,584.9972859723493,0.24948501959443092,34.871513955295086,ok,,"{""alignment_reason"": ""Contiguous crop changes length and may shift time origin"", ""clipping_fraction"": 0.0, ""crop_end_sample"": 32406, ""crop_start_sample"": 2310, ""duration_seconds"": 1.881, ""family"": ""crop"", ""fraction"": 0.1, ""id"": ""crop_10"", ""input_samples"": 33440, ""output_peak"": 0.541685938835144, ""output_samples"": 30096, ""pre_limiter_peak"": 0.541685938835144, ""removed_fraction_actual"": 0.09999999999999998, ""sample_aligned"": false, ""sample_rate"": 16000, ""seed"": 414640444941646015}",cba9574f22906fff199cd19aeb346e94c6ab79f514e8bc9cfb0fee3474ffaf00
20260905T233538.930635Z,b4f3de4a4f74b8742b201c9e0941cfe5166082fc,0ea442119cfa4d9f99e7b3b3ca6f55ddcdc1e56bc504ecce6b0481de96d1a73b,85a65f1f57cd5918e3529a1210a45ad78cb20cab8a6db637589aecc38e333336,15cd64de2c8ddb012c7001ab2b9d14b9009c3f6c85d26ac718ef884459e419c7,4446-2275-0009,4446,test-clean,2.09,20260905,negative,0,crop_10,crop,"{""family"": ""crop"", ""fraction"": 0.1, ""id"": ""crop_10""}",0.5,0.5,0.0,9.397650137543678e-05,0,1101110011111010,1110110100100100,NA,NA,NA,NA,NA,NA,NA,NA,NA,NA: Contiguous crop changes length and may shift time origin,1.881,30096,0.535675048828125,0.0,0.0,NA,0.25082693900913,32.297009020112455,ok,,"{""alignment_reason"": ""Contiguous crop changes length and may shift time origin"", ""clipping_fraction"": 0.0, ""crop_end_sample"": 32406, ""crop_start_sample"": 2310, ""duration_seconds"": 1.881, ""family"": ""crop"", ""fraction"": 0.1, ""id"": ""crop_10"", ""input_samples"": 33440, ""output_peak"": 0.535675048828125, ""output_samples"": 30096, ""pre_limiter_peak"": 0.535675048828125, ""removed_fraction_actual"": 0.09999999999999998, ""sample_aligned"": false, ""sample_rate"": 16000, ""seed"": 414640444941646015}",a8189eb2d7d1eaadcb8e7b592fd961b513ffb41cab4f2ca059af1966f327d3fe
20260905T233538.930635Z,b4f3de4a4f74b8742b201c9e0941cfe5166082fc,0ea442119cfa4d9f99e7b3b3ca6f55ddcdc1e56bc504ecce6b0481de96d1a73b,85a65f1f57cd5918e3529a1210a45ad78cb20cab8a6db637589aecc38e333336,15cd64de2c8ddb012c7001ab2b9d14b9009c3f6c85d26ac718ef884459e419c7,4446-2275-0009,4446,test-clean,2.09,20260905,positive,1,crop_25,crop,"{""family"": ""crop"", ""fraction"": 0.25, ""id"": ""crop_25""}",0.5,0.5,1.0,0.9988207221031189,1,1101110011111010,1101110111110010,2,0.875,0.125,0,23.646962300682432,0.9994939086673706,NA,NA,NA,NA: Contiguous crop changes length and may shift time origin,1.5675,25080,0.541685938835144,0.0,0.0,584.9972859723493,0.2470009494572878,31.35429392568767,ok,,"{""alignment_reason"": ""Contiguous crop changes length and may shift time origin"", ""clipping_fraction"": 0.0, ""crop_end_sample"": 25661, ""crop_start_sample"": 581, ""duration_seconds"": 1.5675, ""family"": ""crop"", ""fraction"": 0.25, ""id"": ""crop_25"", ""input_samples"": 33440, ""output_peak"": 0.541685938835144, ""output_samples"": 25080, ""pre_limiter_peak"": 0.541685938835144, ""removed_fraction_actual"": 0.25, ""sample_aligned"": false, ""sample_rate"": 16000, ""seed"": 6285872742243967275}",1a396d5ec681f6bf032003533815990520895ac62269556bde9d0c6916be7933
20260905T233538.930635Z,b4f3de4a4f74b8742b201c9e0941cfe5166082fc,0ea442119cfa4d9f99e7b3b3ca6f55ddcdc1e56bc504ecce6b0481de96d1a73b,85a65f1f57cd5918e3529a1210a45ad78cb20cab8a6db637589aecc38e333336,15cd64de2c8ddb012c7001ab2b9d14b9009c3f6c85d26ac718ef884459e419c7,4446-2275-0009,4446,test-clean,2.09,20260905,negative,0,crop_25,crop,"{""family"": ""crop"", ""fraction"": 0.25, ""id"": ""crop_25""}",0.5,0.5,0.0,0.0002716669114306569,0,1101110011111010,0110111110100100,NA,NA,NA,NA,NA,NA,NA,NA,NA,NA: Contiguous crop changes length and may shift time origin,1.5675,25080,0.535675048828125,0.0,0.0,NA,0.23385602980852127,27.746642008423805,ok,,"{""alignment_reason"": ""Contiguous crop changes length and may shift time origin"", ""clipping_fraction"": 0.0, ""crop_end_sample"": 25661, ""crop_start_sample"": 581, ""duration_seconds"": 1.5675, ""family"": ""crop"", ""fraction"": 0.25, ""id"": ""crop_25"", ""input_samples"": 33440, ""output_peak"": 0.535675048828125, ""output_samples"": 25080, ""pre_limiter_peak"": 0.535675048828125, ""removed_fraction_actual"": 0.25, ""sample_aligned"": false, ""sample_rate"": 16000, ""seed"": 6285872742243967275}",ff93f83a19ac41d9f63254674408f61a00d80575a47c3ee0bcd073ed8c75878e
20260905T233538.930635Z,b4f3de4a4f74b8742b201c9e0941cfe5166082fc,0ea442119cfa4d9f99e7b3b3ca6f55ddcdc1e56bc504ecce6b0481de96d1a73b,85a65f1f57cd5918e3529a1210a45ad78cb20cab8a6db637589aecc38e333336,15cd64de2c8ddb012c7001ab2b9d14b9009c3f6c85d26ac718ef884459e419c7,8455-210777-0039,8455,test-clean,5.59,20260905,positive,1,clean,clean,"{""family"": ""clean"", ""id"": ""clean""}",0.5,0.5,1.0,0.9999870657920837,1,1001101010011111,1001101010011111,0,1.0,0.0,1,28.313930316552323,0.9993049516174446,0.9993049516174446,NA,28.313930316552323,aligned_to_original,5.59,89440,0.8384315371513367,0.0,0.0,1604.303770000115,0.34589890856295824,123.52913804352283,ok,,"{""clipping_fraction"": 0.0, ""duration_seconds"": 5.59, ""family"": ""clean"", ""id"": ""clean"", ""input_samples"": 89440, ""output_peak"": 0.8384315371513367, ""output_samples"": 89440, ""pre_limiter_peak"": 0.8384315371513367, ""sample_aligned"": true, ""sample_rate"": 16000, ""seed"": 14030532042462729547}",783ac1e9525eae8ddd09bb2797dd699e24870fd3c82abd8dbd1ac795c40fa00a
20260905T233538.930635Z,b4f3de4a4f74b8742b201c9e0941cfe5166082fc,0ea442119cfa4d9f99e7b3b3ca6f55ddcdc1e56bc504ecce6b0481de96d1a73b,85a65f1f57cd5918e3529a1210a45ad78cb20cab8a6db637589aecc38e333336,15cd64de2c8ddb012c7001ab2b9d14b9009c3f6c85d26ac718ef884459e419c7,8455-210777-0039,8455,test-clean,5.59,20260905,negative,0,clean,clean,"{""family"": ""clean"", ""id"": ""clean""}",0.5,0.5,0.0,0.0013551920419558883,0,1001101010011111,0000110110100100,NA,NA,NA,NA,NA,NA,0.9999999999999996,NA,inf,aligned_to_original,5.59,89440,0.830963134765625,0.0,0.0,NA,0.32111199107021093,72.23200798034668,ok,,"{""clipping_fraction"": 0.0, ""duration_seconds"": 5.59, ""family"": ""clean"", ""id"": ""clean"", ""input_samples"": 89440, ""output_peak"": 0.830963134765625, ""output_samples"": 89440, ""pre_limiter_peak"": 0.830963134765625, ""sample_aligned"": true, ""sample_rate"": 16000, ""seed"": 14030532042462729547}",6200c5fc8b81c7813502f34c741a9fdf8cf7eef29adf679d9a825bc5fbacfa8c
20260905T233538.930635Z,b4f3de4a4f74b8742b201c9e0941cfe5166082fc,0ea442119cfa4d9f99e7b3b3ca6f55ddcdc1e56bc504ecce6b0481de96d1a73b,85a65f1f57cd5918e3529a1210a45ad78cb20cab8a6db637589aecc38e333336,15cd64de2c8ddb012c7001ab2b9d14b9009c3f6c85d26ac718ef884459e419c7,8455-210777-0039,8455,test-clean,5.59,20260905,positive,1,mp3_128,mp3,"{""bitrate_kbps"": 128, ""family"": ""mp3"", ""id"": ""mp3_128""}",0.5,0.5,1.0,0.9999872446060181,1,1001101010011111,1001101010011111,0,1.0,0.0,1,28.313930316552323,0.9993049516174446,NA,NA,NA,NA: MP3 codec delay/alignment not independently verified,5.59,89440,0.7971426248550415,0.0,0.0,1604.303770000115,24.60477699059993,72.41937390062958,ok,,"{""alignment_reason"": ""MP3 codec delay/alignment not independently verified"", ""bitrate_kbps"": 128, ""clipping_fraction"": 0.0, ""codec"": ""libmp3lame"", ""duration_seconds"": 5.59, ""family"": ""mp3"", ""id"": ""mp3_128"", ""input_samples"": 89440, ""output_peak"": 0.7971426248550415, ""output_samples"": 89440, ""pre_limiter_peak"": 0.7971426248550415, ""sample_aligned"": false, ""sample_rate"": 16000, ""seed"": 10156303352834099358}",f9394d9511d3ebaee46e0b1712f11d5da0f21e7dd8e642df31ba9e70f5ccfa65
20260905T233538.930635Z,b4f3de4a4f74b8742b201c9e0941cfe5166082fc,0ea442119cfa4d9f99e7b3b3ca6f55ddcdc1e56bc504ecce6b0481de96d1a73b,85a65f1f57cd5918e3529a1210a45ad78cb20cab8a6db637589aecc38e333336,15cd64de2c8ddb012c7001ab2b9d14b9009c3f6c85d26ac718ef884459e419c7,8455-210777-0039,8455,test-clean,5.59,20260905,negative,0,mp3_128,mp3,"{""bitrate_kbps"": 128, ""family"": ""mp3"", ""id"": ""mp3_128""}",0.5,0.5,0.0,0.0011940568219870329,0,1001101010011111,0000110110100100,NA,NA,NA,NA,NA,NA,NA,NA,NA,NA: MP3 codec delay/alignment not independently verified,5.59,89440,0.7901462912559509,0.0,0.0,NA,23.147911997511983,76.75214798655361,ok,,"{""alignment_reason"": ""MP3 codec delay/alignment not independently verified"", ""bitrate_kbps"": 128, ""clipping_fraction"": 0.0, ""codec"": ""libmp3lame"", ""duration_seconds"": 5.59, ""family"": ""mp3"", ""id"": ""mp3_128"", ""input_samples"": 89440, ""output_peak"": 0.7901462912559509, ""output_samples"": 89440, ""pre_limiter_peak"": 0.7901462912559509, ""sample_aligned"": false, ""sample_rate"": 16000, ""seed"": 10156303352834099358}",787ffe9d260c33e0c5dab7bd3a76cffdbac6a392aa72cd93378c946e9a6c7030
20260905T233538.930635Z,b4f3de4a4f74b8742b201c9e0941cfe5166082fc,0ea442119cfa4d9f99e7b3b3ca6f55ddcdc1e56bc504ecce6b0481de96d1a73b,85a65f1f57cd5918e3529a1210a45ad78cb20cab8a6db637589aecc38e333336,15cd64de2c8ddb012c7001ab2b9d14b9009c3f6c85d26ac718ef884459e419c7,8455-210777-0039,8455,test-clean,5.59,20260905,positive,1,mp3_64,mp3,"{""bitrate_kbps"": 64, ""family"": ""mp3"", ""id"": ""mp3_64""}",0.5,0.5,1.0,0.9999662637710571,1,1001101010011111,1001101010011111,0,1.0,0.0,1,28.313930316552323,0.9993049516174446,NA,NA,NA,NA: MP3 codec delay/alignment not independently verified,5.59,89440,0.7979847192764282,0.0,0.0,1604.303770000115,26.030802982859313,73.38074594736099,ok,,"{""alignment_reason"": ""MP3 codec delay/alignment not independently verified"", ""bitrate_kbps"": 64, ""clipping_fraction"": 0.0, ""codec"": ""libmp3lame"", ""duration_seconds"": 5.59, ""family"": ""mp3"", ""id"": ""mp3_64"", ""input_samples"": 89440, ""output_peak"": 0.7979847192764282, ""output_samples"": 89440, ""pre_limiter_peak"": 0.7979847192764282, ""sample_aligned"": false, ""sample_rate"": 16000, ""seed"": 6796342547863828515}",a5af10a2dcfcddaa1a99cccb4614f90f7115c4e94b7044a3e7e6138fdd0847f4
20260905T233538.930635Z,b4f3de4a4f74b8742b201c9e0941cfe5166082fc,0ea442119cfa4d9f99e7b3b3ca6f55ddcdc1e56bc504ecce6b0481de96d1a73b,85a65f1f57cd5918e3529a1210a45ad78cb20cab8a6db637589aecc38e333336,15cd64de2c8ddb012c7001ab2b9d14b9009c3f6c85d26ac718ef884459e419c7,8455-210777-0039,8455,test-clean,5.59,20260905,negative,0,mp3_64,mp3,"{""bitrate_kbps"": 64, ""family"": ""mp3"", ""id"": ""mp3_64""}",0.5,0.5,0.0,0.001032368978485465,0,1001101010011111,0000110110100101,NA,NA,NA,NA,NA,NA,NA,NA,NA,NA: MP3 codec delay/alignment not independently verified,5.59,89440,0.7965860366821289,0.0,0.0,NA,24.685460957698524,72.22251908387989,ok,,"{""alignment_reason"": ""MP3 codec delay/alignment not independently verified"", ""bitrate_kbps"": 64, ""clipping_fraction"": 0.0, ""codec"": ""libmp3lame"", ""duration_seconds"": 5.59, ""family"": ""mp3"", ""id"": ""mp3_64"", ""input_samples"": 89440, ""output_peak"": 0.7965860366821289, ""output_samples"": 89440, ""pre_limiter_peak"": 0.7965860366821289, ""sample_aligned"": false, ""sample_rate"": 16000, ""seed"": 6796342547863828515}",8050910f6b21653d444e52680c1e8559292ab72d82eaa50ea27224013bd7f829
20260905T233538.930635Z,b4f3de4a4f74b8742b201c9e0941cfe5166082fc,0ea442119cfa4d9f99e7b3b3ca6f55ddcdc1e56bc504ecce6b0481de96d1a73b,85a65f1f57cd5918e3529a1210a45ad78cb20cab8a6db637589aecc38e333336,15cd64de2c8ddb012c7001ab2b9d14b9009c3f6c85d26ac718ef884459e419c7,8455-210777-0039,8455,test-clean,5.59,20260905,positive,1,noise_30,noise,"{""family"": ""noise"", ""id"": ""noise_30"", ""snr_db"": 30}",0.5,0.5,0.7294275760650635,0.7246580719947815,1,1001101010011111,1001101010011111,0,1.0,0.0,1,28.313930316552323,0.9993049516174446,0.9971010349257732,NA,26.05507731811737,aligned_to_original,5.59,89440,0.8395520448684692,0.0,0.0,1604.303770000115,1.9476200686767697,70.76811895240098,ok,,"{""clipping_fraction"": 0.0, ""duration_seconds"": 5.59, ""family"": ""noise"", ""id"": ""noise_30"", ""input_samples"": 89440, ""noise_snr_db"": 30.00000003380179, ""noise_snr_db_pre_clipping"": 30.0, ""output_peak"": 0.8395520448684692, ""output_samples"": 89440, ""pre_limiter_peak"": 0.8395520227846056, ""sample_aligned"": true, ""sample_rate"": 16000, ""seed"": 1482997524564653283, ""snr_db"": 30}",eb0de7c135882be8045127073d5af0aa4ba8c43d71690217220ce9c7bb3e272c
20260905T233538.930635Z,b4f3de4a4f74b8742b201c9e0941cfe5166082fc,0ea442119cfa4d9f99e7b3b3ca6f55ddcdc1e56bc504ecce6b0481de96d1a73b,85a65f1f57cd5918e3529a1210a45ad78cb20cab8a6db637589aecc38e333336,15cd64de2c8ddb012c7001ab2b9d14b9009c3f6c85d26ac718ef884459e419c7,8455-210777-0039,8455,test-clean,5.59,20260905,negative,0,noise_30,noise,"{""family"": ""noise"", ""id"": ""noise_30"", ""snr_db"": 30}",0.5,0.5,0.0,0.0040267352014780045,0,1001101010011111,0000110110100100,NA,NA,NA,NA,NA,NA,0.9976842439142084,NA,30.000000028068456,aligned_to_original,5.59,89440,0.8320838809013367,0.0,0.0,NA,1.8427189206704497,71.7999649932608,ok,,"{""clipping_fraction"": 0.0, ""duration_seconds"": 5.59, ""family"": ""noise"", ""id"": ""noise_30"", ""input_samples"": 89440, ""noise_snr_db"": 30.000000028068456, ""noise_snr_db_pre_clipping"": 30.0, ""output_peak"": 0.8320838809013367, ""output_samples"": 89440, ""pre_limiter_peak"": 0.8320839046005445, ""sample_aligned"": true, ""sample_rate"": 16000, ""seed"": 1482997524564653283, ""snr_db"": 30}",8c35acbd4ad29c03fc6173c223dbbe31df49252f3bd28881ce5c3ca6210029dc
20260905T233538.930635Z,b4f3de4a4f74b8742b201c9e0941cfe5166082fc,0ea442119cfa4d9f99e7b3b3ca6f55ddcdc1e56bc504ecce6b0481de96d1a73b,85a65f1f57cd5918e3529a1210a45ad78cb20cab8a6db637589aecc38e333336,15cd64de2c8ddb012c7001ab2b9d14b9009c3f6c85d26ac718ef884459e419c7,8455-210777-0039,8455,test-clean,5.59,20260905,positive,1,noise_20,noise,"{""family"": ""noise"", ""id"": ""noise_20"", ""snr_db"": 20}",0.5,0.5,0.29311269521713257,0.30025872588157654,0,1001101010011111,1001101110011111,1,0.9375,0.0625,0,28.313930316552323,0.9993049516174446,0.9805204017366859,NA,19.428004991454493,aligned_to_original,5.59,89440,0.8370662331581116,0.0,0.0,1604.303770000115,1.8382020061835647,72.38656200934201,ok,,"{""clipping_fraction"": 0.0, ""duration_seconds"": 5.59, ""family"": ""noise"", ""id"": ""noise_20"", ""input_samples"": 89440, ""noise_snr_db"": 19.999999981267578, ""noise_snr_db_pre_clipping"": 20.0, ""output_peak"": 0.8370662331581116, ""output_samples"": 89440, ""pre_limiter_peak"": 0.8370662379082707, ""sample_aligned"": true, ""sample_rate"": 16000, ""seed"": 5566499134433227625, ""snr_db"": 20}",eda6c74c34bae145232c99f3b84fb5b9b0addd35777772af2a153f67a88aa52e
20260905T233538.930635Z,b4f3de4a4f74b8742b201c9e0941cfe5166082fc,0ea442119cfa4d9f99e7b3b3ca6f55ddcdc1e56bc504ecce6b0481de96d1a73b,85a65f1f57cd5918e3529a1210a45ad78cb20cab8a6db637589aecc38e333336,15cd64de2c8ddb012c7001ab2b9d14b9009c3f6c85d26ac718ef884459e419c7,8455-210777-0039,8455,test-clean,5.59,20260905,negative,0,noise_20,noise,"{""family"": ""noise"", ""id"": ""noise_20"", ""snr_db"": 20}",0.5,0.5,0.0,0.00125661282800138,0,1001101010011111,0100110110110101,NA,NA,NA,NA,NA,NA,0.9808036199447661,NA,20.000000002816233,aligned_to_original,5.59,89440,0.8295974731445312,0.0,0.0,NA,1.83691899292171,72.3885049810633,ok,,"{""clipping_fraction"": 0.0, ""duration_seconds"": 5.59, ""family"": ""noise"", ""id"": ""noise_20"", ""input_samples"": 89440, ""noise_snr_db"": 20.000000002816233, ""noise_snr_db_pre_clipping"": 19.999999999999996, ""output_peak"": 0.8295974731445312, ""output_samples"": 89440, ""pre_limiter_peak"": 0.8295974892260187, ""sample_aligned"": true, ""sample_rate"": 16000, ""seed"": 5566499134433227625, ""snr_db"": 20}",b3c3d0d57bf75d7352d2cd907eaecd16bdae0af8027f9de01a7ecbe675760887
20260905T233538.930635Z,b4f3de4a4f74b8742b201c9e0941cfe5166082fc,0ea442119cfa4d9f99e7b3b3ca6f55ddcdc1e56bc504ecce6b0481de96d1a73b,85a65f1f57cd5918e3529a1210a45ad78cb20cab8a6db637589aecc38e333336,15cd64de2c8ddb012c7001ab2b9d14b9009c3f6c85d26ac718ef884459e419c7,8455-210777-0039,8455,test-clean,5.59,20260905,positive,1,resample_12000,resample,"{""family"": ""resample"", ""id"": ""resample_12000"", ""intermediate_sr"": 12000}",0.5,0.5,1.0,0.9999870657920837,1,1001101010011111,1001101010011111,0,1.0,0.0,1,28.313930316552323,0.9993049516174446,0.9993049375415157,NA,23.69110101729826,aligned_to_original,5.59,89440,0.8398243188858032,0.0,0.0,1604.303770000115,2.783893025480211,72.2419359954074,ok,,"{""clipping_fraction"": 0.0, ""duration_seconds"": 5.59, ""family"": ""resample"", ""id"": ""resample_12000"", ""input_samples"": 89440, ""intermediate_sr"": 12000, ""output_peak"": 0.8398243188858032, ""output_samples"": 89440, ""pre_limiter_peak"": 0.8398243188858032, ""resampler"": ""scipy.signal.resample_poly"", ""resampler_window"": [""kaiser"", 5.0], ""sample_aligned"": true, ""sample_rate"": 16000, ""seed"": 17812696321309487074}",b51284deb20860e1cf810bdd007c40a6adaab0029fa1bd1544588416bcd505e9
20260905T233538.930635Z,b4f3de4a4f74b8742b201c9e0941cfe5166082fc,0ea442119cfa4d9f99e7b3b3ca6f55ddcdc1e56bc504ecce6b0481de96d1a73b,85a65f1f57cd5918e3529a1210a45ad78cb20cab8a6db637589aecc38e333336,15cd64de2c8ddb012c7001ab2b9d14b9009c3f6c85d26ac718ef884459e419c7,8455-210777-0039,8455,test-clean,5.59,20260905,negative,0,resample_12000,resample,"{""family"": ""resample"", ""id"": ""resample_12000"", ""intermediate_sr"": 12000}",0.5,0.5,0.0,0.001363067072816193,0,1001101010011111,0000110110100100,NA,NA,NA,NA,NA,NA,0.9999997246393891,NA,25.52769801958268,aligned_to_original,5.59,89440,0.8323580622673035,0.0,0.0,NA,2.8083480428904295,72.2920810803771,ok,,"{""clipping_fraction"": 0.0, ""duration_seconds"": 5.59, ""family"": ""resample"", ""id"": ""resample_12000"", ""input_samples"": 89440, ""intermediate_sr"": 12000, ""output_peak"": 0.8323580622673035, ""output_samples"": 89440, ""pre_limiter_peak"": 0.8323580622673035, ""resampler"": ""scipy.signal.resample_poly"", ""resampler_window"": [""kaiser"", 5.0], ""sample_aligned"": true, ""sample_rate"": 16000, ""seed"": 17812696321309487074}",963556132bc6d4b17258aff615666ff51ed60f0d20df9286081a09d4fb8e73fa
20260905T233538.930635Z,b4f3de4a4f74b8742b201c9e0941cfe5166082fc,0ea442119cfa4d9f99e7b3b3ca6f55ddcdc1e56bc504ecce6b0481de96d1a73b,85a65f1f57cd5918e3529a1210a45ad78cb20cab8a6db637589aecc38e333336,15cd64de2c8ddb012c7001ab2b9d14b9009c3f6c85d26ac718ef884459e419c7,8455-210777-0039,8455,test-clean,5.59,20260905,positive,1,resample_8000,resample,"{""family"": ""resample"", ""id"": ""resample_8000"", ""intermediate_sr"": 8000}",0.5,0.5,1.0,0.9999866485595703,1,1001101010011111,1001101010011111,0,1.0,0.0,1,28.313930316552323,0.9993049516174446,0.9986114981617836,NA,20.619685635925364,aligned_to_original,5.59,89440,0.8439755439758301,0.0,0.0,1604.303770000115,2.8165639378130436,73.2324339915067,ok,,"{""clipping_fraction"": 0.0, ""duration_seconds"": 5.59, ""family"": ""resample"", ""id"": ""resample_8000"", ""input_samples"": 89440, ""intermediate_sr"": 8000, ""output_peak"": 0.8439755439758301, ""output_samples"": 89440, ""pre_limiter_peak"": 0.8439755439758301, ""resampler"": ""scipy.signal.resample_poly"", ""resampler_window"": [""kaiser"", 5.0], ""sample_aligned"": true, ""sample_rate"": 16000, ""seed"": 3923518914969472312}",65f2c25c700bebdd3e99fafe0622ca400921efe472089d70c88734cd41a867b2
20260905T233538.930635Z,b4f3de4a4f74b8742b201c9e0941cfe5166082fc,0ea442119cfa4d9f99e7b3b3ca6f55ddcdc1e56bc504ecce6b0481de96d1a73b,85a65f1f57cd5918e3529a1210a45ad78cb20cab8a6db637589aecc38e333336,15cd64de2c8ddb012c7001ab2b9d14b9009c3f6c85d26ac718ef884459e419c7,8455-210777-0039,8455,test-clean,5.59,20260905,negative,0,resample_8000,resample,"{""family"": ""resample"", ""id"": ""resample_8000"", ""intermediate_sr"": 8000}",0.5,0.5,0.0,0.0016650784527882934,0,1001101010011111,0000110110100100,NA,NA,NA,NA,NA,NA,0.9993067746307301,NA,21.430383351076514,aligned_to_original,5.59,89440,0.8365331292152405,0.0,0.0,NA,2.7986100176349282,76.19810092728585,ok,,"{""clipping_fraction"": 0.0, ""duration_seconds"": 5.59, ""family"": ""resample"", ""id"": ""resample_8000"", ""input_samples"": 89440, ""intermediate_sr"": 8000, ""output_peak"": 0.8365331292152405, ""output_samples"": 89440, ""pre_limiter_peak"": 0.8365331292152405, ""resampler"": ""scipy.signal.resample_poly"", ""resampler_window"": [""kaiser"", 5.0], ""sample_aligned"": true, ""sample_rate"": 16000, ""seed"": 3923518914969472312}",61dd715c6aa9c581d4702db06b7d5a03a4ed5c6ff4d50207e18b6047c2c308bc
20260905T233538.930635Z,b4f3de4a4f74b8742b201c9e0941cfe5166082fc,0ea442119cfa4d9f99e7b3b3ca6f55ddcdc1e56bc504ecce6b0481de96d1a73b,85a65f1f57cd5918e3529a1210a45ad78cb20cab8a6db637589aecc38e333336,15cd64de2c8ddb012c7001ab2b9d14b9009c3f6c85d26ac718ef884459e419c7,8455-210777-0039,8455,test-clean,5.59,20260905,positive,1,pitch_minus2,pitch,"{""family"": ""pitch"", ""id"": ""pitch_minus2"", ""semitones"": -2}",0.5,0.5,0.0,0.005429601296782494,0,1001101010011111,0100111110100000,11,0.3125,0.6875,0,28.313930316552323,0.9993049516174446,NA,NA,NA,NA: Pitch shifting changes sample phase and content,5.59,89440,0.5840203762054443,0.0,0.0,1604.303770000115,19.581408007070422,72.34854996204376,ok,,"{""alignment_reason"": ""Pitch shifting changes sample phase and content"", ""clipping_fraction"": 0.0, ""duration_seconds"": 5.59, ""family"": ""pitch"", ""hop_length"": 512, ""id"": ""pitch_minus2"", ""implementation"": ""librosa"", ""input_samples"": 89440, ""n_fft"": 2048, ""output_peak"": 0.5840203762054443, ""output_samples"": 89440, ""pre_limiter_peak"": 0.5840203762054443, ""res_type"": ""soxr_hq"", ""sample_aligned"": false, ""sample_rate"": 16000, ""seed"": 2986300951432473391, ""semitones"": -2}",8337d0cb36fb0e8620ca6cff6d084951f340d919b94bf22b5ba52f2a41861707
20260905T233538.930635Z,b4f3de4a4f74b8742b201c9e0941cfe5166082fc,0ea442119cfa4d9f99e7b3b3ca6f55ddcdc1e56bc504ecce6b0481de96d1a73b,85a65f1f57cd5918e3529a1210a45ad78cb20cab8a6db637589aecc38e333336,15cd64de2c8ddb012c7001ab2b9d14b9009c3f6c85d26ac718ef884459e419c7,8455-210777-0039,8455,test-clean,5.59,20260905,negative,0,pitch_minus2,pitch,"{""family"": ""pitch"", ""id"": ""pitch_minus2"", ""semitones"": -2}",0.5,0.5,0.0,0.0031323442235589027,0,1001101010011111,0100111110000100,NA,NA,NA,NA,NA,NA,NA,NA,NA,NA: Pitch shifting changes sample phase and content,5.59,89440,0.5783143639564514,0.0,0.0,NA,20.021636970341206,71.75499806180596,ok,,"{""alignment_reason"": ""Pitch shifting changes sample phase and content"", ""clipping_fraction"": 0.0, ""duration_seconds"": 5.59, ""family"": ""pitch"", ""hop_length"": 512, ""id"": ""pitch_minus2"", ""implementation"": ""librosa"", ""input_samples"": 89440, ""n_fft"": 2048, ""output_peak"": 0.5783143639564514, ""output_samples"": 89440, ""pre_limiter_peak"": 0.5783143639564514, ""res_type"": ""soxr_hq"", ""sample_aligned"": false, ""sample_rate"": 16000, ""seed"": 2986300951432473391, ""semitones"": -2}",d1c5274c8c61909beac64d8a405c4c815232acc8c99f1ec05fe2990d52996d10
20260905T233538.930635Z,b4f3de4a4f74b8742b201c9e0941cfe5166082fc,0ea442119cfa4d9f99e7b3b3ca6f55ddcdc1e56bc504ecce6b0481de96d1a73b,85a65f1f57cd5918e3529a1210a45ad78cb20cab8a6db637589aecc38e333336,15cd64de2c8ddb012c7001ab2b9d14b9009c3f6c85d26ac718ef884459e419c7,8455-210777-0039,8455,test-clean,5.59,20260905,positive,1,pitch_plus2,pitch,"{""family"": ""pitch"", ""id"": ""pitch_plus2"", ""semitones"": 2}",0.5,0.5,0.0,0.0054429820738732815,0,1001101010011111,0100111110100101,9,0.4375,0.5625,0,28.313930316552323,0.9993049516174446,NA,NA,NA,NA: Pitch shifting changes sample phase and content,5.59,89440,0.5930080413818359,0.0,0.0,1604.303770000115,23.455237038433552,73.82236700505018,ok,,"{""alignment_reason"": ""Pitch shifting changes sample phase and content"", ""clipping_fraction"": 0.0, ""duration_seconds"": 5.59, ""family"": ""pitch"", ""hop_length"": 512, ""id"": ""pitch_plus2"", ""implementation"": ""librosa"", ""input_samples"": 89440, ""n_fft"": 2048, ""output_peak"": 0.5930080413818359, ""output_samples"": 89440, ""pre_limiter_peak"": 0.5930080413818359, ""res_type"": ""soxr_hq"", ""sample_aligned"": false, ""sample_rate"": 16000, ""seed"": 4380486261126549500, ""semitones"": 2}",3e1916a5f2fce170d87d2c8bb659f6f241d270afc1f98a4c19d2db2a482e0e16
20260905T233538.930635Z,b4f3de4a4f74b8742b201c9e0941cfe5166082fc,0ea442119cfa4d9f99e7b3b3ca6f55ddcdc1e56bc504ecce6b0481de96d1a73b,85a65f1f57cd5918e3529a1210a45ad78cb20cab8a6db637589aecc38e333336,15cd64de2c8ddb012c7001ab2b9d14b9009c3f6c85d26ac718ef884459e419c7,8455-210777-0039,8455,test-clean,5.59,20260905,negative,0,pitch_plus2,pitch,"{""family"": ""pitch"", ""id"": ""pitch_plus2"", ""semitones"": 2}",0.5,0.5,0.0,0.002493654377758503,0,1001101010011111,0100110110100101,NA,NA,NA,NA,NA,NA,NA,NA,NA,NA: Pitch shifting changes sample phase and content,5.59,89440,0.610781192779541,0.0,0.0,NA,23.49493303336203,71.309519931674,ok,,"{""alignment_reason"": ""Pitch shifting changes sample phase and content"", ""clipping_fraction"": 0.0, ""duration_seconds"": 5.59, ""family"": ""pitch"", ""hop_length"": 512, ""id"": ""pitch_plus2"", ""implementation"": ""librosa"", ""input_samples"": 89440, ""n_fft"": 2048, ""output_peak"": 0.610781192779541, ""output_samples"": 89440, ""pre_limiter_peak"": 0.610781192779541, ""res_type"": ""soxr_hq"", ""sample_aligned"": false, ""sample_rate"": 16000, ""seed"": 4380486261126549500, ""semitones"": 2}",641c4cc16e623829746d49e2cff0039203ce1208297b2e239b4023d516018229
20260905T233538.930635Z,b4f3de4a4f74b8742b201c9e0941cfe5166082fc,0ea442119cfa4d9f99e7b3b3ca6f55ddcdc1e56bc504ecce6b0481de96d1a73b,85a65f1f57cd5918e3529a1210a45ad78cb20cab8a6db637589aecc38e333336,15cd64de2c8ddb012c7001ab2b9d14b9009c3f6c85d26ac718ef884459e419c7,8455-210777-0039,8455,test-clean,5.59,20260905,positive,1,stretch_09,stretch,"{""family"": ""stretch"", ""id"": ""stretch_09"", ""rate"": 0.9}",0.5,0.5,0.16945400834083557,0.2533130347728729,0,1001101010011111,1011101010011111,1,0.9375,0.0625,0,28.313930316552323,0.9993049516174446,NA,NA,NA,NA: Time stretching changes the temporal coordinate,6.211125,99378,0.6768561005592346,0.0,0.0,1604.303770000115,22.36794598866254,147.6051569916308,ok,,"{""alignment_reason"": ""Time stretching changes the temporal coordinate"", ""clipping_fraction"": 0.0, ""duration_seconds"": 6.211125, ""family"": ""stretch"", ""hop_length"": 512, ""id"": ""stretch_09"", ""implementation"": ""librosa"", ""input_samples"": 89440, ""n_fft"": 2048, ""output_peak"": 0.6768561005592346, ""output_samples"": 99378, ""pre_limiter_peak"": 0.6768561005592346, ""rate"": 0.9, ""sample_aligned"": false, ""sample_rate"": 16000, ""seed"": 2970744101919335226}",97a6ee0d184ee42841527d5dd62bcf09b156b070b348b76d8b24409eaf225f36
20260905T233538.930635Z,b4f3de4a4f74b8742b201c9e0941cfe5166082fc,0ea442119cfa4d9f99e7b3b3ca6f55ddcdc1e56bc504ecce6b0481de96d1a73b,85a65f1f57cd5918e3529a1210a45ad78cb20cab8a6db637589aecc38e333336,15cd64de2c8ddb012c7001ab2b9d14b9009c3f6c85d26ac718ef884459e419c7,8455-210777-0039,8455,test-clean,5.59,20260905,negative,0,stretch_09,stretch,"{""family"": ""stretch"", ""id"": ""stretch_09"", ""rate"": 0.9}",0.5,0.5,0.009036204777657986,0.028006333857774734,0,1001101010011111,0100111110100101,NA,NA,NA,NA,NA,NA,NA,NA,NA,NA: Time stretching changes the temporal coordinate,6.211125,99378,0.7861481308937073,0.0,0.0,NA,22.208472015336156,88.71582406572998,ok,,"{""alignment_reason"": ""Time stretching changes the temporal coordinate"", ""clipping_fraction"": 0.0, ""duration_seconds"": 6.211125, ""family"": ""stretch"", ""hop_length"": 512, ""id"": ""stretch_09"", ""implementation"": ""librosa"", ""input_samples"": 89440, ""n_fft"": 2048, ""output_peak"": 0.7861481308937073, ""output_samples"": 99378, ""pre_limiter_peak"": 0.7861481308937073, ""rate"": 0.9, ""sample_aligned"": false, ""sample_rate"": 16000, ""seed"": 2970744101919335226}",3c5685d5f5d13499ec0ba40aeb206bf22b464bd7fc8c5cd6885fa4791f7983cd
20260905T233538.930635Z,b4f3de4a4f74b8742b201c9e0941cfe5166082fc,0ea442119cfa4d9f99e7b3b3ca6f55ddcdc1e56bc504ecce6b0481de96d1a73b,85a65f1f57cd5918e3529a1210a45ad78cb20cab8a6db637589aecc38e333336,15cd64de2c8ddb012c7001ab2b9d14b9009c3f6c85d26ac718ef884459e419c7,8455-210777-0039,8455,test-clean,5.59,20260905,positive,1,stretch_11,stretch,"{""family"": ""stretch"", ""id"": ""stretch_11"", ""rate"": 1.1}",0.5,0.5,0.3657282590866089,0.3872070908546448,0,1001101010011111,1001101010011111,0,1.0,0.0,1,28.313930316552323,0.9993049516174446,NA,NA,NA,NA: Time stretching changes the temporal coordinate,5.0818125,81309,0.5009035468101501,0.0,0.0,1604.303770000115,18.16008100286126,115.52615300752223,ok,,"{""alignment_reason"": ""Time stretching changes the temporal coordinate"", ""clipping_fraction"": 0.0, ""duration_seconds"": 5.0818125, ""family"": ""stretch"", ""hop_length"": 512, ""id"": ""stretch_11"", ""implementation"": ""librosa"", ""input_samples"": 89440, ""n_fft"": 2048, ""output_peak"": 0.5009035468101501, ""output_samples"": 81309, ""pre_limiter_peak"": 0.5009035468101501, ""rate"": 1.1, ""sample_aligned"": false, ""sample_rate"": 16000, ""seed"": 13913414979141586550}",5c4c48cd1766914c6c430cc563016761bad6fd6d22a4bf1afff0acb62dec690b
20260905T233538.930635Z,b4f3de4a4f74b8742b201c9e0941cfe5166082fc,0ea442119cfa4d9f99e7b3b3ca6f55ddcdc1e56bc504ecce6b0481de96d1a73b,85a65f1f57cd5918e3529a1210a45ad78cb20cab8a6db637589aecc38e333336,15cd64de2c8ddb012c7001ab2b9d14b9009c3f6c85d26ac718ef884459e419c7,8455-210777-0039,8455,test-clean,5.59,20260905,negative,0,stretch_11,stretch,"{""family"": ""stretch"", ""id"": ""stretch_11"", ""rate"": 1.1}",0.5,0.5,0.0,0.00359934801235795,0,1001101010011111,0100010110100001,NA,NA,NA,NA,NA,NA,NA,NA,NA,NA: Time stretching changes the temporal coordinate,5.0818125,81309,0.546348512172699,0.0,0.0,NA,18.130194046534598,65.51178602967411,ok,,"{""alignment_reason"": ""Time stretching changes the temporal coordinate"", ""clipping_fraction"": 0.0, ""duration_seconds"": 5.0818125, ""family"": ""stretch"", ""hop_length"": 512, ""id"": ""stretch_11"", ""implementation"": ""librosa"", ""input_samples"": 89440, ""n_fft"": 2048, ""output_peak"": 0.546348512172699, ""output_samples"": 81309, ""pre_limiter_peak"": 0.546348512172699, ""rate"": 1.1, ""sample_aligned"": false, ""sample_rate"": 16000, ""seed"": 13913414979141586550}",c0f68b3319211187b029365222d6dff74c2bb7e7c60971b9d0b18200dd62881a
20260905T233538.930635Z,b4f3de4a4f74b8742b201c9e0941cfe5166082fc,0ea442119cfa4d9f99e7b3b3ca6f55ddcdc1e56bc504ecce6b0481de96d1a73b,85a65f1f57cd5918e3529a1210a45ad78cb20cab8a6db637589aecc38e333336,15cd64de2c8ddb012c7001ab2b9d14b9009c3f6c85d26ac718ef884459e419c7,8455-210777-0039,8455,test-clean,5.59,20260905,positive,1,crop_10,crop,"{""family"": ""crop"", ""fraction"": 0.1, ""id"": ""crop_10""}",0.5,0.5,0.944233238697052,0.9410089254379272,1,1001101010011111,1101111011010101,5,0.6875,0.3125,0,28.313930316552323,0.9993049516174446,NA,NA,NA,NA: Contiguous crop changes length and may shift time origin,5.031,80496,0.8384315371513367,0.0,0.0,1604.303770000115,0.3789019538089633,115.43872603215277,ok,,"{""alignment_reason"": ""Contiguous crop changes length and may shift time origin"", ""clipping_fraction"": 0.0, ""crop_end_sample"": 87012, ""crop_start_sample"": 6516, ""duration_seconds"": 5.031, ""family"": ""crop"", ""fraction"": 0.1, ""id"": ""crop_10"", ""input_samples"": 89440, ""output_peak"": 0.8384315371513367, ""output_samples"": 80496, ""pre_limiter_peak"": 0.8384315371513367, ""removed_fraction_actual"": 0.09999999999999998, ""sample_aligned"": false, ""sample_rate"": 16000, ""seed"": 1895052479165024129}",31cad71986d55e451dfc82c0babc1ee59f4038b57cdef64e916415b1800ec733
20260905T233538.930635Z,b4f3de4a4f74b8742b201c9e0941cfe5166082fc,0ea442119cfa4d9f99e7b3b3ca6f55ddcdc1e56bc504ecce6b0481de96d1a73b,85a65f1f57cd5918e3529a1210a45ad78cb20cab8a6db637589aecc38e333336,15cd64de2c8ddb012c7001ab2b9d14b9009c3f6c85d26ac718ef884459e419c7,8455-210777-0039,8455,test-clean,5.59,20260905,negative,0,crop_10,crop,"{""family"": ""crop"", ""fraction"": 0.1, ""id"": ""crop_10""}",0.5,0.5,0.0,0.003610328072682023,0,1001101010011111,0000110110100100,NA,NA,NA,NA,NA,NA,NA,NA,NA,NA: Contiguous crop changes length and may shift time origin,5.031,80496,0.830963134765625,0.0,0.0,NA,0.40147406980395317,65.68581704050303,ok,,"{""alignment_reason"": ""Contiguous crop changes length and may shift time origin"", ""clipping_fraction"": 0.0, ""crop_end_sample"": 87012, ""crop_start_sample"": 6516, ""duration_seconds"": 5.031, ""family"": ""crop"", ""fraction"": 0.1, ""id"": ""crop_10"", ""input_samples"": 89440, ""output_peak"": 0.830963134765625, ""output_samples"": 80496, ""pre_limiter_peak"": 0.830963134765625, ""removed_fraction_actual"": 0.09999999999999998, ""sample_aligned"": false, ""sample_rate"": 16000, ""seed"": 1895052479165024129}",c841895793350612c5cf8591b499c4fc1055905fd0376d9289d274e531301011
20260905T233538.930635Z,b4f3de4a4f74b8742b201c9e0941cfe5166082fc,0ea442119cfa4d9f99e7b3b3ca6f55ddcdc1e56bc504ecce6b0481de96d1a73b,85a65f1f57cd5918e3529a1210a45ad78cb20cab8a6db637589aecc38e333336,15cd64de2c8ddb012c7001ab2b9d14b9009c3f6c85d26ac718ef884459e419c7,8455-210777-0039,8455,test-clean,5.59,20260905,positive,1,crop_25,crop,"{""family"": ""crop"", ""fraction"": 0.25, ""id"": ""crop_25""}",0.5,0.5,0.9960494637489319,0.9872452020645142,1,1001101010011111,1001111110101111,4,0.75,0.25,0,28.313930316552323,0.9993049516174446,NA,NA,NA,NA: Contiguous crop changes length and may shift time origin,4.1925,67080,0.8384315371513367,0.0,0.0,1604.303770000115,0.35429501440376043,105.2870990242809,ok,,"{""alignment_reason"": ""Contiguous crop changes length and may shift time origin"", ""clipping_fraction"": 0.0, ""crop_end_sample"": 82135, ""crop_start_sample"": 15055, ""duration_seconds"": 4.1925, ""family"": ""crop"", ""fraction"": 0.25, ""id"": ""crop_25"", ""input_samples"": 89440, ""output_peak"": 0.8384315371513367, ""output_samples"": 67080, ""pre_limiter_peak"": 0.8384315371513367, ""removed_fraction_actual"": 0.25, ""sample_aligned"": false, ""sample_rate"": 16000, ""seed"": 12314831417540988845}",93696bad5cb10dc26dce67f28d2045eee9157232f1419cd81161ec8ea8971187
20260905T233538.930635Z,b4f3de4a4f74b8742b201c9e0941cfe5166082fc,0ea442119cfa4d9f99e7b3b3ca6f55ddcdc1e56bc504ecce6b0481de96d1a73b,85a65f1f57cd5918e3529a1210a45ad78cb20cab8a6db637589aecc38e333336,15cd64de2c8ddb012c7001ab2b9d14b9009c3f6c85d26ac718ef884459e419c7,8455-210777-0039,8455,test-clean,5.59,20260905,negative,0,crop_25,crop,"{""family"": ""crop"", ""fraction"": 0.25, ""id"": ""crop_25""}",0.5,0.5,0.0,0.0023384152445942163,0,1001101010011111,0100110110100100,NA,NA,NA,NA,NA,NA,NA,NA,NA,NA: Contiguous crop changes length and may shift time origin,4.1925,67080,0.830963134765625,0.0,0.0,NA,0.3711869940161705,56.6631609108299,ok,,"{""alignment_reason"": ""Contiguous crop changes length and may shift time origin"", ""clipping_fraction"": 0.0, ""crop_end_sample"": 82135, ""crop_start_sample"": 15055, ""duration_seconds"": 4.1925, ""family"": ""crop"", ""fraction"": 0.25, ""id"": ""crop_25"", ""input_samples"": 89440, ""output_peak"": 0.830963134765625, ""output_samples"": 67080, ""pre_limiter_peak"": 0.830963134765625, ""removed_fraction_actual"": 0.25, ""sample_aligned"": false, ""sample_rate"": 16000, ""seed"": 12314831417540988845}",ee5eada6b4c1141e8ac0ac6057165378626750c0d744dfc3c8a2857a9ef3dd68
20260905T233538.930635Z,b4f3de4a4f74b8742b201c9e0941cfe5166082fc,0ea442119cfa4d9f99e7b3b3ca6f55ddcdc1e56bc504ecce6b0481de96d1a73b,85a65f1f57cd5918e3529a1210a45ad78cb20cab8a6db637589aecc38e333336,15cd64de2c8ddb012c7001ab2b9d14b9009c3f6c85d26ac718ef884459e419c7,61-70968-0021,61,test-clean,2.69,20260905,positive,1,clean,clean,"{""family"": ""clean"", ""id"": ""clean""}",0.5,0.5,1.0,0.9999797344207764,1,1111010110010000,1111010110010000,0,1.0,0.0,1,26.938226708149628,0.9964893241418374,0.9964893241418374,NA,26.938226708149628,aligned_to_original,2.69,43040,0.6392315626144409,0.0,0.0,2844.7602490196005,0.2412500325590372,47.37386596389115,ok,,"{""clipping_fraction"": 0.0, ""duration_seconds"": 2.69, ""family"": ""clean"", ""id"": ""clean"", ""input_samples"": 43040, ""output_peak"": 0.6392315626144409, ""output_samples"": 43040, ""pre_limiter_peak"": 0.6392315626144409, ""sample_aligned"": true, ""sample_rate"": 16000, ""seed"": 10467900460363087028}",c4fe932503b00f9d7f34fbe23c7a40db4a26c962ee6686a18f12647684f144a6
20260905T233538.930635Z,b4f3de4a4f74b8742b201c9e0941cfe5166082fc,0ea442119cfa4d9f99e7b3b3ca6f55ddcdc1e56bc504ecce6b0481de96d1a73b,85a65f1f57cd5918e3529a1210a45ad78cb20cab8a6db637589aecc38e333336,15cd64de2c8ddb012c7001ab2b9d14b9009c3f6c85d26ac718ef884459e419c7,61-70968-0021,61,test-clean,2.69,20260905,negative,0,clean,clean,"{""family"": ""clean"", ""id"": ""clean""}",0.5,0.5,0.000882899621501565,0.017384754493832588,0,1111010110010000,0001110100100101,NA,NA,NA,NA,NA,NA,0.9999999999999994,NA,inf,aligned_to_original,2.69,43040,0.627471923828125,0.0,0.0,NA,0.23335497826337814,45.97813810687512,ok,,"{""clipping_fraction"": 0.0, ""duration_seconds"": 2.69, ""family"": ""clean"", ""id"": ""clean"", ""input_samples"": 43040, ""output_peak"": 0.627471923828125, ""output_samples"": 43040, ""pre_limiter_peak"": 0.627471923828125, ""sample_aligned"": true, ""sample_rate"": 16000, ""seed"": 10467900460363087028}",f08ee80d3b809df59418c531d8fad57fae22d22c3f9f55c5ef685764d0e53914
20260905T233538.930635Z,b4f3de4a4f74b8742b201c9e0941cfe5166082fc,0ea442119cfa4d9f99e7b3b3ca6f55ddcdc1e56bc504ecce6b0481de96d1a73b,85a65f1f57cd5918e3529a1210a45ad78cb20cab8a6db637589aecc38e333336,15cd64de2c8ddb012c7001ab2b9d14b9009c3f6c85d26ac718ef884459e419c7,61-70968-0021,61,test-clean,2.69,20260905,positive,1,mp3_128,mp3,"{""bitrate_kbps"": 128, ""family"": ""mp3"", ""id"": ""mp3_128""}",0.5,0.5,1.0,0.9999798536300659,1,1111010110010000,1111010110010000,0,1.0,0.0,1,26.938226708149628,0.9964893241418374,NA,NA,NA,NA: MP3 codec delay/alignment not independently verified,2.69,43040,0.6090002059936523,0.0,0.0,2844.7602490196005,16.408746014349163,47.29748994577676,ok,,"{""alignment_reason"": ""MP3 codec delay/alignment not independently verified"", ""bitrate_kbps"": 128, ""clipping_fraction"": 0.0, ""codec"": ""libmp3lame"", ""duration_seconds"": 2.69, ""family"": ""mp3"", ""id"": ""mp3_128"", ""input_samples"": 43040, ""output_peak"": 0.6090002059936523, ""output_samples"": 43040, ""pre_limiter_peak"": 0.6090002059936523, ""sample_aligned"": false, ""sample_rate"": 16000, ""seed"": 6819739085578146902}",1971956bbab8efaad46ed1b96409820c8f67d257cdc6f168c261b53898180b0c
20260905T233538.930635Z,b4f3de4a4f74b8742b201c9e0941cfe5166082fc,0ea442119cfa4d9f99e7b3b3ca6f55ddcdc1e56bc504ecce6b0481de96d1a73b,85a65f1f57cd5918e3529a1210a45ad78cb20cab8a6db637589aecc38e333336,15cd64de2c8ddb012c7001ab2b9d14b9009c3f6c85d26ac718ef884459e419c7,61-70968-0021,61,test-clean,2.69,20260905,negative,0,mp3_128,mp3,"{""bitrate_kbps"": 128, ""family"": ""mp3"", ""id"": ""mp3_128""}",0.5,0.5,0.0005343866068869829,0.015244226902723312,0,1111010110010000,0001110100100101,NA,NA,NA,NA,NA,NA,NA,NA,NA,NA: MP3 codec delay/alignment not independently verified,2.69,43040,0.5979565382003784,0.0,0.0,NA,17.67257205210626,49.34859799686819,ok,,"{""alignment_reason"": ""MP3 codec delay/alignment not independently verified"", ""bitrate_kbps"": 128, ""clipping_fraction"": 0.0, ""codec"": ""libmp3lame"", ""duration_seconds"": 2.69, ""family"": ""mp3"", ""id"": ""mp3_128"", ""input_samples"": 43040, ""output_peak"": 0.5979565382003784, ""output_samples"": 43040, ""pre_limiter_peak"": 0.5979565382003784, ""sample_aligned"": false, ""sample_rate"": 16000, ""seed"": 6819739085578146902}",64cc9d04db3a46ec19a6bd0432890d55a2451ea256e05b98ebc01c543c9ab8fc
20260905T233538.930635Z,b4f3de4a4f74b8742b201c9e0941cfe5166082fc,0ea442119cfa4d9f99e7b3b3ca6f55ddcdc1e56bc504ecce6b0481de96d1a73b,85a65f1f57cd5918e3529a1210a45ad78cb20cab8a6db637589aecc38e333336,15cd64de2c8ddb012c7001ab2b9d14b9009c3f6c85d26ac718ef884459e419c7,61-70968-0021,61,test-clean,2.69,20260905,positive,1,mp3_64,mp3,"{""bitrate_kbps"": 64, ""family"": ""mp3"", ""id"": ""mp3_64""}",0.5,0.5,1.0,0.9999759197235107,1,1111010110010000,1111010110010000,0,1.0,0.0,1,26.938226708149628,0.9964893241418374,NA,NA,NA,NA: MP3 codec delay/alignment not independently verified,2.69,43040,0.6047676205635071,0.0,0.0,2844.7602490196005,16.638243105262518,47.875331016257405,ok,,"{""alignment_reason"": ""MP3 codec delay/alignment not independently verified"", ""bitrate_kbps"": 64, ""clipping_fraction"": 0.0, ""codec"": ""libmp3lame"", ""duration_seconds"": 2.69, ""family"": ""mp3"", ""id"": ""mp3_64"", ""input_samples"": 43040, ""output_peak"": 0.6047676205635071, ""output_samples"": 43040, ""pre_limiter_peak"": 0.6047676205635071, ""sample_aligned"": false, ""sample_rate"": 16000, ""seed"": 1916727031353742590}",66a8ceae921003ec98167f937e5c5d179fbfc5743df2a113613529637030084d
20260905T233538.930635Z,b4f3de4a4f74b8742b201c9e0941cfe5166082fc,0ea442119cfa4d9f99e7b3b3ca6f55ddcdc1e56bc504ecce6b0481de96d1a73b,85a65f1f57cd5918e3529a1210a45ad78cb20cab8a6db637589aecc38e333336,15cd64de2c8ddb012c7001ab2b9d14b9009c3f6c85d26ac718ef884459e419c7,61-70968-0021,61,test-clean,2.69,20260905,negative,0,mp3_64,mp3,"{""bitrate_kbps"": 64, ""family"": ""mp3"", ""id"": ""mp3_64""}",0.5,0.5,0.0,0.0077733746729791164,0,1111010110010000,1001110100100101,NA,NA,NA,NA,NA,NA,NA,NA,NA,NA: MP3 codec delay/alignment not independently verified,2.69,43040,0.5960362553596497,0.0,0.0,NA,17.943218001164496,46.62080202251673,ok,,"{""alignment_reason"": ""MP3 codec delay/alignment not independently verified"", ""bitrate_kbps"": 64, ""clipping_fraction"": 0.0, ""codec"": ""libmp3lame"", ""duration_seconds"": 2.69, ""family"": ""mp3"", ""id"": ""mp3_64"", ""input_samples"": 43040, ""output_peak"": 0.5960362553596497, ""output_samples"": 43040, ""pre_limiter_peak"": 0.5960362553596497, ""sample_aligned"": false, ""sample_rate"": 16000, ""seed"": 1916727031353742590}",50c9e13282135712fcc51e44cdae46dadccd5e50599d1cd5dfbe43ab6e2dc77a
20260905T233538.930635Z,b4f3de4a4f74b8742b201c9e0941cfe5166082fc,0ea442119cfa4d9f99e7b3b3ca6f55ddcdc1e56bc504ecce6b0481de96d1a73b,85a65f1f57cd5918e3529a1210a45ad78cb20cab8a6db637589aecc38e333336,15cd64de2c8ddb012c7001ab2b9d14b9009c3f6c85d26ac718ef884459e419c7,61-70968-0021,61,test-clean,2.69,20260905,positive,1,noise_30,noise,"{""family"": ""noise"", ""id"": ""noise_30"", ""snr_db"": 30}",0.5,0.5,0.9029507637023926,0.9096772074699402,1,1111010110010000,1111010110010000,0,1.0,0.0,1,26.938226708149628,0.9964893241418374,0.9685724359502509,NA,25.198080265458863,aligned_to_original,2.69,43040,0.6379284858703613,0.0,0.0,2844.7602490196005,1.095325918868184,44.9434460606426,ok,,"{""clipping_fraction"": 0.0, ""duration_seconds"": 2.69, ""family"": ""noise"", ""id"": ""noise_30"", ""input_samples"": 43040, ""noise_snr_db"": 30.000000000093358, ""noise_snr_db_pre_clipping"": 30.0, ""output_peak"": 0.6379284858703613, ""output_samples"": 43040, ""pre_limiter_peak"": 0.6379284850036387, ""sample_aligned"": true, ""sample_rate"": 16000, ""seed"": 14588552332438109037, ""snr_db"": 30}",205a628073a28001b86e4465bce3b6af0eb5bf6403a53108b165b76122874ccc
20260905T233538.930635Z,b4f3de4a4f74b8742b201c9e0941cfe5166082fc,0ea442119cfa4d9f99e7b3b3ca6f55ddcdc1e56bc504ecce6b0481de96d1a73b,85a65f1f57cd5918e3529a1210a45ad78cb20cab8a6db637589aecc38e333336,15cd64de2c8ddb012c7001ab2b9d14b9009c3f6c85d26ac718ef884459e419c7,61-70968-0021,61,test-clean,2.69,20260905,negative,0,noise_30,noise,"{""family"": ""noise"", ""id"": ""noise_30"", ""snr_db"": 30}",0.5,0.5,0.0,0.014908191747963428,0,1111010110010000,1101111100101101,NA,NA,NA,NA,NA,NA,0.9712919595685586,NA,29.99999997178149,aligned_to_original,2.69,43040,0.6261676549911499,0.0,0.0,NA,1.0148329893127084,45.09224998764694,ok,,"{""clipping_fraction"": 0.0, ""duration_seconds"": 2.69, ""family"": ""noise"", ""id"": ""noise_30"", ""input_samples"": 43040, ""noise_snr_db"": 29.99999997178149, ""noise_snr_db_pre_clipping"": 30.0, ""output_peak"": 0.6261676549911499, ""output_samples"": 43040, ""pre_limiter_peak"": 0.6261676667416793, ""sample_aligned"": true, ""sample_rate"": 16000, ""seed"": 14588552332438109037, ""snr_db"": 30}",4d3d0d67e566877801826cf90ddeb9843f8865621e58729efb7d48eec92e5aad
20260905T233538.930635Z,b4f3de4a4f74b8742b201c9e0941cfe5166082fc,0ea442119cfa4d9f99e7b3b3ca6f55ddcdc1e56bc504ecce6b0481de96d1a73b,85a65f1f57cd5918e3529a1210a45ad78cb20cab8a6db637589aecc38e333336,15cd64de2c8ddb012c7001ab2b9d14b9009c3f6c85d26ac718ef884459e419c7,61-70968-0021,61,test-clean,2.69,20260905,positive,1,noise_20,noise,"{""family"": ""noise"", ""id"": ""noise_20"", ""snr_db"": 20}",0.5,0.5,0.5342704653739929,0.5551813244819641,1,1111010110010000,1111010110010000,0,1.0,0.0,1,26.938226708149628,0.9964893241418374,0.9185310347967398,NA,19.22053749108602,aligned_to_original,2.69,43040,0.6459000110626221,0.0,0.0,2844.7602490196005,1.0073690209537745,45.450382051058114,ok,,"{""clipping_fraction"": 0.0, ""duration_seconds"": 2.69, ""family"": ""noise"", ""id"": ""noise_20"", ""input_samples"": 43040, ""noise_snr_db"": 20.00000000470915, ""noise_snr_db_pre_clipping"": 20.0, ""output_peak"": 0.6459000110626221, ""output_samples"": 43040, ""pre_limiter_peak"": 0.6459000326655733, ""sample_aligned"": true, ""sample_rate"": 16000, ""seed"": 5730716696474525704, ""snr_db"": 20}",8deb1a7fe5b51e143ae8f4cee05a3b6fde70f16cf4627cf3c7f1e31987ceda4a
20260905T233538.930635Z,b4f3de4a4f74b8742b201c9e0941cfe5166082fc,0ea442119cfa4d9f99e7b3b3ca6f55ddcdc1e56bc504ecce6b0481de96d1a73b,85a65f1f57cd5918e3529a1210a45ad78cb20cab8a6db637589aecc38e333336,15cd64de2c8ddb012c7001ab2b9d14b9009c3f6c85d26ac718ef884459e419c7,61-70968-0021,61,test-clean,2.69,20260905,negative,0,noise_20,noise,"{""family"": ""noise"", ""id"": ""noise_20"", ""snr_db"": 20}",0.5,0.5,0.0,0.0008935420773923397,0,1111010110010000,1101111100100101,NA,NA,NA,NA,NA,NA,0.9207755232355477,NA,20.000000003851277,aligned_to_original,2.69,43040,0.6341464519500732,0.0,0.0,NA,1.0074990568682551,45.43918091803789,ok,,"{""clipping_fraction"": 0.0, ""duration_seconds"": 2.69, ""family"": ""noise"", ""id"": ""noise_20"", ""input_samples"": 43040, ""noise_snr_db"": 20.000000003851277, ""noise_snr_db_pre_clipping"": 20.0, ""output_peak"": 0.6341464519500732, ""output_samples"": 43040, ""pre_limiter_peak"": 0.6341464298190506, ""sample_aligned"": true, ""sample_rate"": 16000, ""seed"": 5730716696474525704, ""snr_db"": 20}",2c9dc4540a8894bd48324f58fd8562c67453f14f7ac489e5c3051b0f0818d0c6
20260905T233538.930635Z,b4f3de4a4f74b8742b201c9e0941cfe5166082fc,0ea442119cfa4d9f99e7b3b3ca6f55ddcdc1e56bc504ecce6b0481de96d1a73b,85a65f1f57cd5918e3529a1210a45ad78cb20cab8a6db637589aecc38e333336,15cd64de2c8ddb012c7001ab2b9d14b9009c3f6c85d26ac718ef884459e419c7,61-70968-0021,61,test-clean,2.69,20260905,positive,1,resample_12000,resample,"{""family"": ""resample"", ""id"": ""resample_12000"", ""intermediate_sr"": 12000}",0.5,0.5,1.0,0.9999797344207764,1,1111010110010000,1111010110010000,0,1.0,0.0,1,26.938226708149628,0.9964893241418374,0.9964854301628555,NA,21.18376837841145,aligned_to_original,2.69,43040,0.6400073170661926,0.0,0.0,2844.7602490196005,1.5754509950056672,45.336424955166876,ok,,"{""clipping_fraction"": 0.0, ""duration_seconds"": 2.69, ""family"": ""resample"", ""id"": ""resample_12000"", ""input_samples"": 43040, ""intermediate_sr"": 12000, ""output_peak"": 0.6400073170661926, ""output_samples"": 43040, ""pre_limiter_peak"": 0.6400073170661926, ""resampler"": ""scipy.signal.resample_poly"", ""resampler_window"": [""kaiser"", 5.0], ""sample_aligned"": true, ""sample_rate"": 16000, ""seed"": 7148345966571691197}",105c12de8c7b1163a5430dd7a4de8177697379a14611ba73df3174969b0440c5
20260905T233538.930635Z,b4f3de4a4f74b8742b201c9e0941cfe5166082fc,0ea442119cfa4d9f99e7b3b3ca6f55ddcdc1e56bc504ecce6b0481de96d1a73b,85a65f1f57cd5918e3529a1210a45ad78cb20cab8a6db637589aecc38e333336,15cd64de2c8ddb012c7001ab2b9d14b9009c3f6c85d26ac718ef884459e419c7,61-70968-0021,61,test-clean,2.69,20260905,negative,0,resample_12000,resample,"{""family"": ""resample"", ""id"": ""resample_12000"", ""intermediate_sr"": 12000}",0.5,0.5,0.000999070587567985,0.01808939315378666,0,1111010110010000,0001110100100101,NA,NA,NA,NA,NA,NA,0.9999992934953325,NA,22.525764015214357,aligned_to_original,2.69,43040,0.6282338500022888,0.0,0.0,NA,1.5652220463380218,45.12183601036668,ok,,"{""clipping_fraction"": 0.0, ""duration_seconds"": 2.69, ""family"": ""resample"", ""id"": ""resample_12000"", ""input_samples"": 43040, ""intermediate_sr"": 12000, ""output_peak"": 0.6282338500022888, ""output_samples"": 43040, ""pre_limiter_peak"": 0.6282338500022888, ""resampler"": ""scipy.signal.resample_poly"", ""resampler_window"": [""kaiser"", 5.0], ""sample_aligned"": true, ""sample_rate"": 16000, ""seed"": 7148345966571691197}",7f49bb03922a6ad828f2c1776fbe0bc4d48caa88db577a1b44762cbb80ee105d
20260905T233538.930635Z,b4f3de4a4f74b8742b201c9e0941cfe5166082fc,0ea442119cfa4d9f99e7b3b3ca6f55ddcdc1e56bc504ecce6b0481de96d1a73b,85a65f1f57cd5918e3529a1210a45ad78cb20cab8a6db637589aecc38e333336,15cd64de2c8ddb012c7001ab2b9d14b9009c3f6c85d26ac718ef884459e419c7,61-70968-0021,61,test-clean,2.69,20260905,positive,1,resample_8000,resample,"{""family"": ""resample"", ""id"": ""resample_8000"", ""intermediate_sr"": 8000}",0.5,0.5,1.0,0.9999807476997375,1,1111010110010000,1111010110010000,0,1.0,0.0,1,26.938226708149628,0.9964893241418374,0.993546852228988,NA,12.367163375006507,aligned_to_original,2.69,43040,0.6354711055755615,0.0,0.0,2844.7602490196005,1.5936159761622548,45.26418703608215,ok,,"{""clipping_fraction"": 0.0, ""duration_seconds"": 2.69, ""family"": ""resample"", ""id"": ""resample_8000"", ""input_samples"": 43040, ""intermediate_sr"": 8000, ""output_peak"": 0.6354711055755615, ""output_samples"": 43040, ""pre_limiter_peak"": 0.6354711055755615, ""resampler"": ""scipy.signal.resample_poly"", ""resampler_window"": [""kaiser"", 5.0], ""sample_aligned"": true, ""sample_rate"": 16000, ""seed"": 8621532677936947013}",860cc188dfaee3e5c9cf734987ab118039aa07cd543f71477a9b9b31e48db433
20260905T233538.930635Z,b4f3de4a4f74b8742b201c9e0941cfe5166082fc,0ea442119cfa4d9f99e7b3b3ca6f55ddcdc1e56bc504ecce6b0481de96d1a73b,85a65f1f57cd5918e3529a1210a45ad78cb20cab8a6db637589aecc38e333336,15cd64de2c8ddb012c7001ab2b9d14b9009c3f6c85d26ac718ef884459e419c7,61-70968-0021,61,test-clean,2.69,20260905,negative,0,resample_8000,resample,"{""family"": ""resample"", ""id"": ""resample_8000"", ""intermediate_sr"": 8000}",0.5,0.5,0.00034851301461458206,0.01554186549037695,0,1111010110010000,0001110100100101,NA,NA,NA,NA,NA,NA,0.9970583990647011,NA,12.521475323102898,aligned_to_original,2.69,43040,0.623690128326416,0.0,0.0,NA,1.5661229845136404,45.28665100224316,ok,,"{""clipping_fraction"": 0.0, ""duration_seconds"": 2.69, ""family"": ""resample"", ""id"": ""resample_8000"", ""input_samples"": 43040, ""intermediate_sr"": 8000, ""output_peak"": 0.623690128326416, ""output_samples"": 43040, ""pre_limiter_peak"": 0.623690128326416, ""resampler"": ""scipy.signal.resample_poly"", ""resampler_window"": [""kaiser"", 5.0], ""sample_aligned"": true, ""sample_rate"": 16000, ""seed"": 8621532677936947013}",99878b13b0b63be5ca56af05b11625fcbf06fa8bcaeb2a10805777901a7e397d
20260905T233538.930635Z,b4f3de4a4f74b8742b201c9e0941cfe5166082fc,0ea442119cfa4d9f99e7b3b3ca6f55ddcdc1e56bc504ecce6b0481de96d1a73b,85a65f1f57cd5918e3529a1210a45ad78cb20cab8a6db637589aecc38e333336,15cd64de2c8ddb012c7001ab2b9d14b9009c3f6c85d26ac718ef884459e419c7,61-70968-0021,61,test-clean,2.69,20260905,positive,1,pitch_minus2,pitch,"{""family"": ""pitch"", ""id"": ""pitch_minus2"", ""semitones"": -2}",0.5,0.5,0.0,0.001346578006632626,0,1111010110010000,0100111010100100,9,0.4375,0.5625,0,26.938226708149628,0.9964893241418374,NA,NA,NA,NA: Pitch shifting changes sample phase and content,2.69,43040,0.3401453495025635,0.0,0.0,2844.7602490196005,10.379892075434327,45.359048061072826,ok,,"{""alignment_reason"": ""Pitch shifting changes sample phase and content"", ""clipping_fraction"": 0.0, ""duration_seconds"": 2.69, ""family"": ""pitch"", ""hop_length"": 512, ""id"": ""pitch_minus2"", ""implementation"": ""librosa"", ""input_samples"": 43040, ""n_fft"": 2048, ""output_peak"": 0.3401453495025635, ""output_samples"": 43040, ""pre_limiter_peak"": 0.3401453495025635, ""res_type"": ""soxr_hq"", ""sample_aligned"": false, ""sample_rate"": 16000, ""seed"": 397694535873274691, ""semitones"": -2}",2929e197a23076dc1742d83537d7f9e67ed0d902ce35a301e0375ca7f42affcc
20260905T233538.930635Z,b4f3de4a4f74b8742b201c9e0941cfe5166082fc,0ea442119cfa4d9f99e7b3b3ca6f55ddcdc1e56bc504ecce6b0481de96d1a73b,85a65f1f57cd5918e3529a1210a45ad78cb20cab8a6db637589aecc38e333336,15cd64de2c8ddb012c7001ab2b9d14b9009c3f6c85d26ac718ef884459e419c7,61-70968-0021,61,test-clean,2.69,20260905,negative,0,pitch_minus2,pitch,"{""family"": ""pitch"", ""id"": ""pitch_minus2"", ""semitones"": -2}",0.5,0.5,0.0,0.0005891048931516707,0,1111010110010000,0100111110100100,NA,NA,NA,NA,NA,NA,NA,NA,NA,NA: Pitch shifting changes sample phase and content,2.69,43040,0.37132781744003296,0.0,0.0,NA,10.533232940360904,45.50192097667605,ok,,"{""alignment_reason"": ""Pitch shifting changes sample phase and content"", ""clipping_fraction"": 0.0, ""duration_seconds"": 2.69, ""family"": ""pitch"", ""hop_length"": 512, ""id"": ""pitch_minus2"", ""implementation"": ""librosa"", ""input_samples"": 43040, ""n_fft"": 2048, ""output_peak"": 0.37132781744003296, ""output_samples"": 43040, ""pre_limiter_peak"": 0.37132781744003296, ""res_type"": ""soxr_hq"", ""sample_aligned"": false, ""sample_rate"": 16000, ""seed"": 397694535873274691, ""semitones"": -2}",e2ceb3b785bda271669cf182355e4190af21f335060f1b783454e21ef3f65713
20260905T233538.930635Z,b4f3de4a4f74b8742b201c9e0941cfe5166082fc,0ea442119cfa4d9f99e7b3b3ca6f55ddcdc1e56bc504ecce6b0481de96d1a73b,85a65f1f57cd5918e3529a1210a45ad78cb20cab8a6db637589aecc38e333336,15cd64de2c8ddb012c7001ab2b9d14b9009c3f6c85d26ac718ef884459e419c7,61-70968-0021,61,test-clean,2.69,20260905,positive,1,pitch_plus2,pitch,"{""family"": ""pitch"", ""id"": ""pitch_plus2"", ""semitones"": 2}",0.5,0.5,0.0,0.0008545172750018537,0,1111010110010000,0100110110100100,7,0.5625,0.4375,0,26.938226708149628,0.9964893241418374,NA,NA,NA,NA: Pitch shifting changes sample phase and content,2.69,43040,0.3143598437309265,0.0,0.0,2844.7602490196005,12.086833012290299,45.87913898285478,ok,,"{""alignment_reason"": ""Pitch shifting changes sample phase and content"", ""clipping_fraction"": 0.0, ""duration_seconds"": 2.69, ""family"": ""pitch"", ""hop_length"": 512, ""id"": ""pitch_plus2"", ""implementation"": ""librosa"", ""input_samples"": 43040, ""n_fft"": 2048, ""output_peak"": 0.3143598437309265, ""output_samples"": 43040, ""pre_limiter_peak"": 0.3143598437309265, ""res_type"": ""soxr_hq"", ""sample_aligned"": false, ""sample_rate"": 16000, ""seed"": 757601928358917537, ""semitones"": 2}",34c65ce1202489aba20177d95549c5fc88ae06316414f0be1cb3d0bbcc296266
20260905T233538.930635Z,b4f3de4a4f74b8742b201c9e0941cfe5166082fc,0ea442119cfa4d9f99e7b3b3ca6f55ddcdc1e56bc504ecce6b0481de96d1a73b,85a65f1f57cd5918e3529a1210a45ad78cb20cab8a6db637589aecc38e333336,15cd64de2c8ddb012c7001ab2b9d14b9009c3f6c85d26ac718ef884459e419c7,61-70968-0021,61,test-clean,2.69,20260905,negative,0,pitch_plus2,pitch,"{""family"": ""pitch"", ""id"": ""pitch_plus2"", ""semitones"": 2}",0.5,0.5,0.035432156175374985,0.03855307027697563,0,1111010110010000,0111111110100101,NA,NA,NA,NA,NA,NA,NA,NA,NA,NA: Pitch shifting changes sample phase and content,2.69,43040,0.30548301339149475,0.0,0.0,NA,12.111378950066864,45.8555439254269,ok,,"{""alignment_reason"": ""Pitch shifting changes sample phase and content"", ""clipping_fraction"": 0.0, ""duration_seconds"": 2.69, ""family"": ""pitch"", ""hop_length"": 512, ""id"": ""pitch_plus2"", ""implementation"": ""librosa"", ""input_samples"": 43040, ""n_fft"": 2048, ""output_peak"": 0.30548301339149475, ""output_samples"": 43040, ""pre_limiter_peak"": 0.30548301339149475, ""res_type"": ""soxr_hq"", ""sample_aligned"": false, ""sample_rate"": 16000, ""seed"": 757601928358917537, ""semitones"": 2}",6de4d20259f21dab050f250659ca20c50e00926861e8dcf90dd7d220e01270c3
20260905T233538.930635Z,b4f3de4a4f74b8742b201c9e0941cfe5166082fc,0ea442119cfa4d9f99e7b3b3ca6f55ddcdc1e56bc504ecce6b0481de96d1a73b,85a65f1f57cd5918e3529a1210a45ad78cb20cab8a6db637589aecc38e333336,15cd64de2c8ddb012c7001ab2b9d14b9009c3f6c85d26ac718ef884459e419c7,61-70968-0021,61,test-clean,2.69,20260905,positive,1,stretch_09,stretch,"{""family"": ""stretch"", ""id"": ""stretch_09"", ""rate"": 0.9}",0.5,0.5,0.3412655293941498,0.36092478036880493,0,1111010110010000,1111010100010010,2,0.875,0.125,0,26.938226708149628,0.9964893241418374,NA,NA,NA,NA: Time stretching changes the temporal coordinate,2.988875,47822,0.38726165890693665,0.0,0.0,2844.7602490196005,11.293872026726604,55.21196604240686,ok,,"{""alignment_reason"": ""Time stretching changes the temporal coordinate"", ""clipping_fraction"": 0.0, ""duration_seconds"": 2.988875, ""family"": ""stretch"", ""hop_length"": 512, ""id"": ""stretch_09"", ""implementation"": ""librosa"", ""input_samples"": 43040, ""n_fft"": 2048, ""output_peak"": 0.38726165890693665, ""output_samples"": 47822, ""pre_limiter_peak"": 0.38726165890693665, ""rate"": 0.9, ""sample_aligned"": false, ""sample_rate"": 16000, ""seed"": 4900459828641724953}",1762d42a0d2799d784ad655001dd386ce94828a7ae2a15e365f0ede2e8c8e001
20260905T233538.930635Z,b4f3de4a4f74b8742b201c9e0941cfe5166082fc,0ea442119cfa4d9f99e7b3b3ca6f55ddcdc1e56bc504ecce6b0481de96d1a73b,85a65f1f57cd5918e3529a1210a45ad78cb20cab8a6db637589aecc38e333336,15cd64de2c8ddb012c7001ab2b9d14b9009c3f6c85d26ac718ef884459e419c7,61-70968-0021,61,test-clean,2.69,20260905,negative,0,stretch_09,stretch,"{""family"": ""stretch"", ""id"": ""stretch_09"", ""rate"": 0.9}",0.5,0.5,0.0033248295076191425,0.01646709255874157,0,1111010110010000,0100010111110101,NA,NA,NA,NA,NA,NA,NA,NA,NA,NA: Time stretching changes the temporal coordinate,2.988875,47822,0.44130685925483704,0.0,0.0,NA,11.269566020928323,49.543578061275184,ok,,"{""alignment_reason"": ""Time stretching changes the temporal coordinate"", ""clipping_fraction"": 0.0, ""duration_seconds"": 2.988875, ""family"": ""stretch"", ""hop_length"": 512, ""id"": ""stretch_09"", ""implementation"": ""librosa"", ""input_samples"": 43040, ""n_fft"": 2048, ""output_peak"": 0.44130685925483704, ""output_samples"": 47822, ""pre_limiter_peak"": 0.44130685925483704, ""rate"": 0.9, ""sample_aligned"": false, ""sample_rate"": 16000, ""seed"": 4900459828641724953}",b99c3f1135626f093e719c7e2a4ec5d5a8a882586ca92a5cb3f6625288e62632
20260905T233538.930635Z,b4f3de4a4f74b8742b201c9e0941cfe5166082fc,0ea442119cfa4d9f99e7b3b3ca6f55ddcdc1e56bc504ecce6b0481de96d1a73b,85a65f1f57cd5918e3529a1210a45ad78cb20cab8a6db637589aecc38e333336,15cd64de2c8ddb012c7001ab2b9d14b9009c3f6c85d26ac718ef884459e419c7,61-70968-0021,61,test-clean,2.69,20260905,positive,1,stretch_11,stretch,"{""family"": ""stretch"", ""id"": ""stretch_11"", ""rate"": 1.1}",0.5,0.5,0.1230352446436882,0.13958625495433807,0,1111010110010000,1111010110010000,0,1.0,0.0,1,26.938226708149628,0.9964893241418374,NA,NA,NA,NA: Time stretching changes the temporal coordinate,2.4454375,39127,0.355942964553833,0.0,0.0,2844.7602490196005,9.426574921235442,47.826698049902916,ok,,"{""alignment_reason"": ""Time stretching changes the temporal coordinate"", ""clipping_fraction"": 0.0, ""duration_seconds"": 2.4454375, ""family"": ""stretch"", ""hop_length"": 512, ""id"": ""stretch_11"", ""implementation"": ""librosa"", ""input_samples"": 43040, ""n_fft"": 2048, ""output_peak"": 0.355942964553833, ""output_samples"": 39127, ""pre_limiter_peak"": 0.355942964553833, ""rate"": 1.1, ""sample_aligned"": false, ""sample_rate"": 16000, ""seed"": 14822138426072094005}",6a1b9282ca0b7db220afdbe6fdbcf831a942701f786027188ea37f30bfe64e8d
20260905T233538.930635Z,b4f3de4a4f74b8742b201c9e0941cfe5166082fc,0ea442119cfa4d9f99e7b3b3ca6f55ddcdc1e56bc504ecce6b0481de96d1a73b,85a65f1f57cd5918e3529a1210a45ad78cb20cab8a6db637589aecc38e333336,15cd64de2c8ddb012c7001ab2b9d14b9009c3f6c85d26ac718ef884459e419c7,61-70968-0021,61,test-clean,2.69,20260905,negative,0,stretch_11,stretch,"{""family"": ""stretch"", ""id"": ""stretch_11"", ""rate"": 1.1}",0.5,0.5,0.0,0.00176717690192163,0,1111010110010000,0110110110100101,NA,NA,NA,NA,NA,NA,NA,NA,NA,NA: Time stretching changes the temporal coordinate,2.4454375,39127,0.3701595962047577,0.0,0.0,NA,9.720865986309946,41.42021609004587,ok,,"{""alignment_reason"": ""Time stretching changes the temporal coordinate"", ""clipping_fraction"": 0.0, ""duration_seconds"": 2.4454375, ""family"": ""stretch"", ""hop_length"": 512, ""id"": ""stretch_11"", ""implementation"": ""librosa"", ""input_samples"": 43040, ""n_fft"": 2048, ""output_peak"": 0.3701595962047577, ""output_samples"": 39127, ""pre_limiter_peak"": 0.3701595962047577, ""rate"": 1.1, ""sample_aligned"": false, ""sample_rate"": 16000, ""seed"": 14822138426072094005}",b235eed2318d1311e762ea0fa57660c558feebd887257340c78644320217b1eb
20260905T233538.930635Z,b4f3de4a4f74b8742b201c9e0941cfe5166082fc,0ea442119cfa4d9f99e7b3b3ca6f55ddcdc1e56bc504ecce6b0481de96d1a73b,85a65f1f57cd5918e3529a1210a45ad78cb20cab8a6db637589aecc38e333336,15cd64de2c8ddb012c7001ab2b9d14b9009c3f6c85d26ac718ef884459e419c7,61-70968-0021,61,test-clean,2.69,20260905,positive,1,crop_10,crop,"{""family"": ""crop"", ""fraction"": 0.1, ""id"": ""crop_10""}",0.5,0.5,0.5422087907791138,0.5237761735916138,1,1111010110010000,0100001111110111,10,0.375,0.625,0,26.938226708149628,0.9964893241418374,NA,NA,NA,NA: Contiguous crop changes length and may shift time origin,2.421,38736,0.6392315626144409,0.0,0.0,2844.7602490196005,0.27271907310932875,47.21100500319153,ok,,"{""alignment_reason"": ""Contiguous crop changes length and may shift time origin"", ""clipping_fraction"": 0.0, ""crop_end_sample"": 39355, ""crop_start_sample"": 619, ""duration_seconds"": 2.421, ""family"": ""crop"", ""fraction"": 0.1, ""id"": ""crop_10"", ""input_samples"": 43040, ""output_peak"": 0.6392315626144409, ""output_samples"": 38736, ""pre_limiter_peak"": 0.6392315626144409, ""removed_fraction_actual"": 0.09999999999999998, ""sample_aligned"": false, ""sample_rate"": 16000, ""seed"": 9902921639729704890}",548bf4bc6c643c0f7f2175347fb7203ac5e723f96fb319892015201f0ab90268
20260905T233538.930635Z,b4f3de4a4f74b8742b201c9e0941cfe5166082fc,0ea442119cfa4d9f99e7b3b3ca6f55ddcdc1e56bc504ecce6b0481de96d1a73b,85a65f1f57cd5918e3529a1210a45ad78cb20cab8a6db637589aecc38e333336,15cd64de2c8ddb012c7001ab2b9d14b9009c3f6c85d26ac718ef884459e419c7,61-70968-0021,61,test-clean,2.69,20260905,negative,0,crop_10,crop,"{""family"": ""crop"", ""fraction"": 0.1, ""id"": ""crop_10""}",0.5,0.5,0.0,0.013059286400675774,0,1111010110010000,0110110110110100,NA,NA,NA,NA,NA,NA,NA,NA,NA,NA: Contiguous crop changes length and may shift time origin,2.421,38736,0.627471923828125,0.0,0.0,NA,0.264954986050725,40.08322791196406,ok,,"{""alignment_reason"": ""Contiguous crop changes length and may shift time origin"", ""clipping_fraction"": 0.0, ""crop_end_sample"": 39355, ""crop_start_sample"": 619, ""duration_seconds"": 2.421, ""family"": ""crop"", ""fraction"": 0.1, ""id"": ""crop_10"", ""input_samples"": 43040, ""output_peak"": 0.627471923828125, ""output_samples"": 38736, ""pre_limiter_peak"": 0.627471923828125, ""removed_fraction_actual"": 0.09999999999999998, ""sample_aligned"": false, ""sample_rate"": 16000, ""seed"": 9902921639729704890}",7f04b98eca0ead7618f61ec5048f9a57f4dad00d0540120874c4ab44a692cc20
20260905T233538.930635Z,b4f3de4a4f74b8742b201c9e0941cfe5166082fc,0ea442119cfa4d9f99e7b3b3ca6f55ddcdc1e56bc504ecce6b0481de96d1a73b,85a65f1f57cd5918e3529a1210a45ad78cb20cab8a6db637589aecc38e333336,15cd64de2c8ddb012c7001ab2b9d14b9009c3f6c85d26ac718ef884459e419c7,61-70968-0021,61,test-clean,2.69,20260905,positive,1,crop_25,crop,"{""family"": ""crop"", ""fraction"": 0.25, ""id"": ""crop_25""}",0.5,0.5,0.9008674025535583,0.9107159376144409,1,1111010110010000,1111010110010000,0,1.0,0.0,1,26.938226708149628,0.9964893241418374,NA,NA,NA,NA: Contiguous crop changes length and may shift time origin,2.0175,32280,0.5549852848052979,0.0,0.0,2844.7602490196005,0.25279191322624683,42.783571989275515,ok,,"{""alignment_reason"": ""Contiguous crop changes length and may shift time origin"", ""clipping_fraction"": 0.0, ""crop_end_sample"": 38999, ""crop_start_sample"": 6719, ""duration_seconds"": 2.0175, ""family"": ""crop"", ""fraction"": 0.25, ""id"": ""crop_25"", ""input_samples"": 43040, ""output_peak"": 0.5549852848052979, ""output_samples"": 32280, ""pre_limiter_peak"": 0.5549852848052979, ""removed_fraction_actual"": 0.25, ""sample_aligned"": false, ""sample_rate"": 16000, ""seed"": 7631877144622837234}",0c46d71f2f6fd2708e1e463c088f7ce63192792a85e7cf9ab067f9ceb3279b78
20260905T233538.930635Z,b4f3de4a4f74b8742b201c9e0941cfe5166082fc,0ea442119cfa4d9f99e7b3b3ca6f55ddcdc1e56bc504ecce6b0481de96d1a73b,85a65f1f57cd5918e3529a1210a45ad78cb20cab8a6db637589aecc38e333336,15cd64de2c8ddb012c7001ab2b9d14b9009c3f6c85d26ac718ef884459e419c7,61-70968-0021,61,test-clean,2.69,20260905,negative,0,crop_25,crop,"{""family"": ""crop"", ""fraction"": 0.25, ""id"": ""crop_25""}",0.5,0.5,0.0,0.0004171642358414829,0,1111010110010000,1101110110100100,NA,NA,NA,NA,NA,NA,NA,NA,NA,NA: Contiguous crop changes length and may shift time origin,2.0175,32280,0.56976318359375,0.0,0.0,NA,0.24796300567686558,36.49600606877357,ok,,"{""alignment_reason"": ""Contiguous crop changes length and may shift time origin"", ""clipping_fraction"": 0.0, ""crop_end_sample"": 38999, ""crop_start_sample"": 6719, ""duration_seconds"": 2.0175, ""family"": ""crop"", ""fraction"": 0.25, ""id"": ""crop_25"", ""input_samples"": 43040, ""output_peak"": 0.56976318359375, ""output_samples"": 32280, ""pre_limiter_peak"": 0.56976318359375, ""removed_fraction_actual"": 0.25, ""sample_aligned"": false, ""sample_rate"": 16000, ""seed"": 7631877144622837234}",1c2407135a8e4e6e6a639f0cc0ff06a0bfed7c4ad84331a47a51772e0cc5b643
20260905T233538.930635Z,b4f3de4a4f74b8742b201c9e0941cfe5166082fc,0ea442119cfa4d9f99e7b3b3ca6f55ddcdc1e56bc504ecce6b0481de96d1a73b,85a65f1f57cd5918e3529a1210a45ad78cb20cab8a6db637589aecc38e333336,15cd64de2c8ddb012c7001ab2b9d14b9009c3f6c85d26ac718ef884459e419c7,1221-135767-0024,1221,test-clean,5.85,20260905,positive,1,clean,clean,"{""family"": ""clean"", ""id"": ""clean""}",0.5,0.5,1.0,0.999987006187439,1,1110100101000111,1110100101000111,0,1.0,0.0,1,23.275936027071317,0.9966915374141675,0.9966915374141675,NA,23.275936027071317,aligned_to_original,5.85,93600,0.28008079528808594,0.0,0.0,1608.033322962001,0.3661880036816001,142.22630497533828,ok,,"{""clipping_fraction"": 0.0, ""duration_seconds"": 5.85, ""family"": ""clean"", ""id"": ""clean"", ""input_samples"": 93600, ""output_peak"": 0.28008079528808594, ""output_samples"": 93600, ""pre_limiter_peak"": 0.28008079528808594, ""sample_aligned"": true, ""sample_rate"": 16000, ""seed"": 11071667193674920572}",bb86f2326da2a4d2a1a0ba881615f16777cdb7914ff48e1ec641c9e2cd1e70c4
20260905T233538.930635Z,b4f3de4a4f74b8742b201c9e0941cfe5166082fc,0ea442119cfa4d9f99e7b3b3ca6f55ddcdc1e56bc504ecce6b0481de96d1a73b,85a65f1f57cd5918e3529a1210a45ad78cb20cab8a6db637589aecc38e333336,15cd64de2c8ddb012c7001ab2b9d14b9009c3f6c85d26ac718ef884459e419c7,1221-135767-0024,1221,test-clean,5.85,20260905,negative,0,clean,clean,"{""family"": ""clean"", ""id"": ""clean""}",0.5,0.5,0.0,0.006719273515045643,0,1110100101000111,0110111110110101,NA,NA,NA,NA,NA,NA,0.9999999999999997,NA,inf,aligned_to_original,5.85,93600,0.284515380859375,0.0,0.0,NA,0.3520810278132558,81.5054370323196,ok,,"{""clipping_fraction"": 0.0, ""duration_seconds"": 5.85, ""family"": ""clean"", ""id"": ""clean"", ""input_samples"": 93600, ""output_peak"": 0.284515380859375, ""output_samples"": 93600, ""pre_limiter_peak"": 0.284515380859375, ""sample_aligned"": true, ""sample_rate"": 16000, ""seed"": 11071667193674920572}",1b1cc373b6d44efe2f55f84dc4ed48cc8e2bfbf5fd274f656bfdc1f9a6b78068
20260905T233538.930635Z,b4f3de4a4f74b8742b201c9e0941cfe5166082fc,0ea442119cfa4d9f99e7b3b3ca6f55ddcdc1e56bc504ecce6b0481de96d1a73b,85a65f1f57cd5918e3529a1210a45ad78cb20cab8a6db637589aecc38e333336,15cd64de2c8ddb012c7001ab2b9d14b9009c3f6c85d26ac718ef884459e419c7,1221-135767-0024,1221,test-clean,5.85,20260905,positive,1,mp3_128,mp3,"{""bitrate_kbps"": 128, ""family"": ""mp3"", ""id"": ""mp3_128""}",0.5,0.5,1.0,0.9999874830245972,1,1110100101000111,1110100101000111,0,1.0,0.0,1,23.275936027071317,0.9966915374141675,NA,NA,NA,NA: MP3 codec delay/alignment not independently verified,5.85,93600,0.26726001501083374,0.0,0.0,1608.033322962001,24.793475051410496,82.40523096174002,ok,,"{""alignment_reason"": ""MP3 codec delay/alignment not independently verified"", ""bitrate_kbps"": 128, ""clipping_fraction"": 0.0, ""codec"": ""libmp3lame"", ""duration_seconds"": 5.85, ""family"": ""mp3"", ""id"": ""mp3_128"", ""input_samples"": 93600, ""output_peak"": 0.26726001501083374, ""output_samples"": 93600, ""pre_limiter_peak"": 0.26726001501083374, ""sample_aligned"": false, ""sample_rate"": 16000, ""seed"": 13591501534802817685}",2bbfa7a48e7a3c57ed50d46c6b05ce6bb0b1c963882f76268ca0e9e6f2615a82
20260905T233538.930635Z,b4f3de4a4f74b8742b201c9e0941cfe5166082fc,0ea442119cfa4d9f99e7b3b3ca6f55ddcdc1e56bc504ecce6b0481de96d1a73b,85a65f1f57cd5918e3529a1210a45ad78cb20cab8a6db637589aecc38e333336,15cd64de2c8ddb012c7001ab2b9d14b9009c3f6c85d26ac718ef884459e419c7,1221-135767-0024,1221,test-clean,5.85,20260905,negative,0,mp3_128,mp3,"{""bitrate_kbps"": 128, ""family"": ""mp3"", ""id"": ""mp3_128""}",0.5,0.5,0.0005448717856779695,0.007253051269799471,0,1110100101000111,0110111110110101,NA,NA,NA,NA,NA,NA,NA,NA,NA,NA: MP3 codec delay/alignment not independently verified,5.85,93600,0.2723773121833801,0.0,0.0,NA,28.777964995242655,82.89814891759306,ok,,"{""alignment_reason"": ""MP3 codec delay/alignment not independently verified"", ""bitrate_kbps"": 128, ""clipping_fraction"": 0.0, ""codec"": ""libmp3lame"", ""duration_seconds"": 5.85, ""family"": ""mp3"", ""id"": ""mp3_128"", ""input_samples"": 93600, ""output_peak"": 0.2723773121833801, ""output_samples"": 93600, ""pre_limiter_peak"": 0.2723773121833801, ""sample_aligned"": false, ""sample_rate"": 16000, ""seed"": 13591501534802817685}",e5ba2af631fb80eb898c4bc4885d63455b758b295fc4eb77b1e017719238a9c2
20260905T233538.930635Z,b4f3de4a4f74b8742b201c9e0941cfe5166082fc,0ea442119cfa4d9f99e7b3b3ca6f55ddcdc1e56bc504ecce6b0481de96d1a73b,85a65f1f57cd5918e3529a1210a45ad78cb20cab8a6db637589aecc38e333336,15cd64de2c8ddb012c7001ab2b9d14b9009c3f6c85d26ac718ef884459e419c7,1221-135767-0024,1221,test-clean,5.85,20260905,positive,1,mp3_64,mp3,"{""bitrate_kbps"": 64, ""family"": ""mp3"", ""id"": ""mp3_64""}",0.5,0.5,1.0,0.9999874830245972,1,1110100101000111,1110100101000111,0,1.0,0.0,1,23.275936027071317,0.9966915374141675,NA,NA,NA,NA: MP3 codec delay/alignment not independently verified,5.85,93600,0.26775574684143066,0.0,0.0,1608.033322962001,23.389670997858047,81.98591193649918,ok,,"{""alignment_reason"": ""MP3 codec delay/alignment not independently verified"", ""bitrate_kbps"": 64, ""clipping_fraction"": 0.0, ""codec"": ""libmp3lame"", ""duration_seconds"": 5.85, ""family"": ""mp3"", ""id"": ""mp3_64"", ""input_samples"": 93600, ""output_peak"": 0.26775574684143066, ""output_samples"": 93600, ""pre_limiter_peak"": 0.26775574684143066, ""sample_aligned"": false, ""sample_rate"": 16000, ""seed"": 3815613693981036592}",d2845c06d09d548c1791b3eea9f8e145b1d3676def67ee140aad203b4b686850
20260905T233538.930635Z,b4f3de4a4f74b8742b201c9e0941cfe5166082fc,0ea442119cfa4d9f99e7b3b3ca6f55ddcdc1e56bc504ecce6b0481de96d1a73b,85a65f1f57cd5918e3529a1210a45ad78cb20cab8a6db637589aecc38e333336,15cd64de2c8ddb012c7001ab2b9d14b9009c3f6c85d26ac718ef884459e419c7,1221-135767-0024,1221,test-clean,5.85,20260905,negative,0,mp3_64,mp3,"{""bitrate_kbps"": 64, ""family"": ""mp3"", ""id"": ""mp3_64""}",0.5,0.5,0.0,0.005664696916937828,0,1110100101000111,0110111110110101,NA,NA,NA,NA,NA,NA,NA,NA,NA,NA: MP3 codec delay/alignment not independently verified,5.85,93600,0.2744310796260834,0.0,0.0,NA,26.235922938212752,81.092520034872,ok,,"{""alignment_reason"": ""MP3 codec delay/alignment not independently verified"", ""bitrate_kbps"": 64, ""clipping_fraction"": 0.0, ""codec"": ""libmp3lame"", ""duration_seconds"": 5.85, ""family"": ""mp3"", ""id"": ""mp3_64"", ""input_samples"": 93600, ""output_peak"": 0.2744310796260834, ""output_samples"": 93600, ""pre_limiter_peak"": 0.2744310796260834, ""sample_aligned"": false, ""sample_rate"": 16000, ""seed"": 3815613693981036592}",a0de609f7358c6a85c59e85d58f661c328987ed5ddbf43c2877ac015afcf2f49
20260905T233538.930635Z,b4f3de4a4f74b8742b201c9e0941cfe5166082fc,0ea442119cfa4d9f99e7b3b3ca6f55ddcdc1e56bc504ecce6b0481de96d1a73b,85a65f1f57cd5918e3529a1210a45ad78cb20cab8a6db637589aecc38e333336,15cd64de2c8ddb012c7001ab2b9d14b9009c3f6c85d26ac718ef884459e419c7,1221-135767-0024,1221,test-clean,5.85,20260905,positive,1,noise_30,noise,"{""family"": ""noise"", ""id"": ""noise_30"", ""snr_db"": 30}",0.5,0.5,1.0,0.9989152550697327,1,1110100101000111,1110100101000111,0,1.0,0.0,1,23.275936027071317,0.9966915374141675,0.9923331623570497,NA,22.43478396182836,aligned_to_original,5.85,93600,0.2804996073246002,0.0,0.0,1608.033322962001,1.92726100794971,78.92050291411579,ok,,"{""clipping_fraction"": 0.0, ""duration_seconds"": 5.85, ""family"": ""noise"", ""id"": ""noise_30"", ""input_samples"": 93600, ""noise_snr_db"": 29.999999996619874, ""noise_snr_db_pre_clipping"": 30.0, ""output_peak"": 0.2804996073246002, ""output_samples"": 93600, ""pre_limiter_peak"": 0.2804996100368012, ""sample_aligned"": true, ""sample_rate"": 16000, ""seed"": 10581855422353605375, ""snr_db"": 30}",2fb919ac7a9cbb48348f9adfd4a19e56a9108b90d9faecbbf6b43f3aea697562
20260905T233538.930635Z,b4f3de4a4f74b8742b201c9e0941cfe5166082fc,0ea442119cfa4d9f99e7b3b3ca6f55ddcdc1e56bc504ecce6b0481de96d1a73b,85a65f1f57cd5918e3529a1210a45ad78cb20cab8a6db637589aecc38e333336,15cd64de2c8ddb012c7001ab2b9d14b9009c3f6c85d26ac718ef884459e419c7,1221-135767-0024,1221,test-clean,5.85,20260905,negative,0,noise_30,noise,"{""family"": ""noise"", ""id"": ""noise_30"", ""snr_db"": 30}",0.5,0.5,0.0015705127734690905,0.0080978162586689,0,1110100101000111,0110111110110101,NA,NA,NA,NA,NA,NA,0.9951941872041818,NA,29.999999978462817,aligned_to_original,5.85,93600,0.28520965576171875,0.0,0.0,NA,1.936528948135674,81.36504900176078,ok,,"{""clipping_fraction"": 0.0, ""duration_seconds"": 5.85, ""family"": ""noise"", ""id"": ""noise_30"", ""input_samples"": 93600, ""noise_snr_db"": 29.999999978462817, ""noise_snr_db_pre_clipping"": 30.0, ""output_peak"": 0.28520965576171875, ""output_samples"": 93600, ""pre_limiter_peak"": 0.28520965446032537, ""sample_aligned"": true, ""sample_rate"": 16000, ""seed"": 10581855422353605375, ""snr_db"": 30}",e74cc2cc4873e7c24358e480dfd5fab53be0c7fea6981127d01b1ddcfca44def
20260905T233538.930635Z,b4f3de4a4f74b8742b201c9e0941cfe5166082fc,0ea442119cfa4d9f99e7b3b3ca6f55ddcdc1e56bc504ecce6b0481de96d1a73b,85a65f1f57cd5918e3529a1210a45ad78cb20cab8a6db637589aecc38e333336,15cd64de2c8ddb012c7001ab2b9d14b9009c3f6c85d26ac718ef884459e419c7,1221-135767-0024,1221,test-clean,5.85,20260905,positive,1,noise_20,noise,"{""family"": ""noise"", ""id"": ""noise_20"", ""snr_db"": 20}",0.5,0.5,0.6262179613113403,0.6380537748336792,1,1110100101000111,1110100101000111,0,1.0,0.0,1,23.275936027071317,0.9966915374141675,0.9684835763649456,NA,18.340033519914265,aligned_to_original,5.85,93600,0.2800144553184509,0.0,0.0,1608.033322962001,2.0196959376335144,81.66754595004022,ok,,"{""clipping_fraction"": 0.0, ""duration_seconds"": 5.85, ""family"": ""noise"", ""id"": ""noise_20"", ""input_samples"": 93600, ""noise_snr_db"": 19.99999999804802, ""noise_snr_db_pre_clipping"": 20.0, ""output_peak"": 0.2800144553184509, ""output_samples"": 93600, ""pre_limiter_peak"": 0.2800144562392226, ""sample_aligned"": true, ""sample_rate"": 16000, ""seed"": 13030822745683027315, ""snr_db"": 20}",fc065396a178e6b5fbe4cb16694799d0175887e617a2c1e36f85d89c4737834c
20260905T233538.930635Z,b4f3de4a4f74b8742b201c9e0941cfe5166082fc,0ea442119cfa4d9f99e7b3b3ca6f55ddcdc1e56bc504ecce6b0481de96d1a73b,85a65f1f57cd5918e3529a1210a45ad78cb20cab8a6db637589aecc38e333336,15cd64de2c8ddb012c7001ab2b9d14b9009c3f6c85d26ac718ef884459e419c7,1221-135767-0024,1221,test-clean,5.85,20260905,negative,0,noise_20,noise,"{""family"": ""noise"", ""id"": ""noise_20"", ""snr_db"": 20}",0.5,0.5,0.0,0.007117264438420534,0,1110100101000111,0110110110110101,NA,NA,NA,NA,NA,NA,0.9707653735911871,NA,19.999999999429797,aligned_to_original,5.85,93600,0.2841496765613556,0.0,0.0,NA,1.9244649447500706,81.56339696142823,ok,,"{""clipping_fraction"": 0.0, ""duration_seconds"": 5.85, ""family"": ""noise"", ""id"": ""noise_20"", ""input_samples"": 93600, ""noise_snr_db"": 19.999999999429797, ""noise_snr_db_pre_clipping"": 20.0, ""output_peak"": 0.2841496765613556, ""output_samples"": 93600, ""pre_limiter_peak"": 0.28414968607207974, ""sample_aligned"": true, ""sample_rate"": 16000, ""seed"": 13030822745683027315, ""snr_db"": 20}",5d6a1c20ef56217bf73503263c33fe96bfeebd0c596612673e2de35da89c1946
20260905T233538.930635Z,b4f3de4a4f74b8742b201c9e0941cfe5166082fc,0ea442119cfa4d9f99e7b3b3ca6f55ddcdc1e56bc504ecce6b0481de96d1a73b,85a65f1f57cd5918e3529a1210a45ad78cb20cab8a6db637589aecc38e333336,15cd64de2c8ddb012c7001ab2b9d14b9009c3f6c85d26ac718ef884459e419c7,1221-135767-0024,1221,test-clean,5.85,20260905,positive,1,resample_12000,resample,"{""family"": ""resample"", ""id"": ""resample_12000"", ""intermediate_sr"": 12000}",0.5,0.5,1.0,0.999987006187439,1,1110100101000111,1110100101000111,0,1.0,0.0,1,23.275936027071317,0.9966915374141675,0.9966915159974582,NA,12.284652542157836,aligned_to_original,5.85,93600,0.2823955714702606,0.0,0.0,1608.033322962001,2.8857470024377108,81.22615492902696,ok,,"{""clipping_fraction"": 0.0, ""duration_seconds"": 5.85, ""family"": ""resample"", ""id"": ""resample_12000"", ""input_samples"": 93600, ""intermediate_sr"": 12000, ""output_peak"": 0.2823955714702606, ""output_samples"": 93600, ""pre_limiter_peak"": 0.2823955714702606, ""resampler"": ""scipy.signal.resample_poly"", ""resampler_window"": [""kaiser"", 5.0], ""sample_aligned"": true, ""sample_rate"": 16000, ""seed"": 10467607343923296709}",a31ac5df84a1d9f503e2556fb3149e70cc25ae621059609578db3d7209d3a6c1
20260905T233538.930635Z,b4f3de4a4f74b8742b201c9e0941cfe5166082fc,0ea442119cfa4d9f99e7b3b3ca6f55ddcdc1e56bc504ecce6b0481de96d1a73b,85a65f1f57cd5918e3529a1210a45ad78cb20cab8a6db637589aecc38e333336,15cd64de2c8ddb012c7001ab2b9d14b9009c3f6c85d26ac718ef884459e419c7,1221-135767-0024,1221,test-clean,5.85,20260905,negative,0,resample_12000,resample,"{""family"": ""resample"", ""id"": ""resample_12000"", ""intermediate_sr"": 12000}",0.5,0.5,0.0,0.007093214895576239,0,1110100101000111,0110111110110101,NA,NA,NA,NA,NA,NA,0.9999998535157876,NA,12.64479682965522,aligned_to_original,5.85,93600,0.28855955600738525,0.0,0.0,NA,2.9079399537295103,82.92613294906914,ok,,"{""clipping_fraction"": 0.0, ""duration_seconds"": 5.85, ""family"": ""resample"", ""id"": ""resample_12000"", ""input_samples"": 93600, ""intermediate_sr"": 12000, ""output_peak"": 0.28855955600738525, ""output_samples"": 93600, ""pre_limiter_peak"": 0.28855955600738525, ""resampler"": ""scipy.signal.resample_poly"", ""resampler_window"": [""kaiser"", 5.0], ""sample_aligned"": true, ""sample_rate"": 16000, ""seed"": 10467607343923296709}",d9b7cbad693fd4773f6742d6c28ee40947b0214c31bc495c96ad9a16c4748c9f
20260905T233538.930635Z,b4f3de4a4f74b8742b201c9e0941cfe5166082fc,0ea442119cfa4d9f99e7b3b3ca6f55ddcdc1e56bc504ecce6b0481de96d1a73b,85a65f1f57cd5918e3529a1210a45ad78cb20cab8a6db637589aecc38e333336,15cd64de2c8ddb012c7001ab2b9d14b9009c3f6c85d26ac718ef884459e419c7,1221-135767-0024,1221,test-clean,5.85,20260905,positive,1,resample_8000,resample,"{""family"": ""resample"", ""id"": ""resample_8000"", ""intermediate_sr"": 8000}",0.5,0.5,1.0,0.9999866485595703,1,1110100101000111,1110100101000111,0,1.0,0.0,1,23.275936027071317,0.9966915374141675,0.9947558134327891,NA,10.75629706798116,aligned_to_original,5.85,93600,0.2837420701980591,0.0,0.0,1608.033322962001,2.9682229505851865,81.39164000749588,ok,,"{""clipping_fraction"": 0.0, ""duration_seconds"": 5.85, ""family"": ""resample"", ""id"": ""resample_8000"", ""input_samples"": 93600, ""intermediate_sr"": 8000, ""output_peak"": 0.2837420701980591, ""output_samples"": 93600, ""pre_limiter_peak"": 0.2837420701980591, ""resampler"": ""scipy.signal.resample_poly"", ""resampler_window"": [""kaiser"", 5.0], ""sample_aligned"": true, ""sample_rate"": 16000, ""seed"": 12651546718236252187}",40c06c07cd5f2a9169ff7f7c887140d1eabb575f4a49c521fd4129b23a4092b5
20260905T233538.930635Z,b4f3de4a4f74b8742b201c9e0941cfe5166082fc,0ea442119cfa4d9f99e7b3b3ca6f55ddcdc1e56bc504ecce6b0481de96d1a73b,85a65f1f57cd5918e3529a1210a45ad78cb20cab8a6db637589aecc38e333336,15cd64de2c8ddb012c7001ab2b9d14b9009c3f6c85d26ac718ef884459e419c7,1221-135767-0024,1221,test-clean,5.85,20260905,negative,0,resample_8000,resample,"{""family"": ""resample"", ""id"": ""resample_8000"", ""intermediate_sr"": 8000}",0.5,0.5,0.0,0.005648087244480848,0,1110100101000111,0110111110110101,NA,NA,NA,NA,NA,NA,0.998064460478593,NA,11.006285821714016,aligned_to_original,5.85,93600,0.2899104952812195,0.0,0.0,NA,2.918408950790763,81.25599205959588,ok,,"{""clipping_fraction"": 0.0, ""duration_seconds"": 5.85, ""family"": ""resample"", ""id"": ""resample_8000"", ""input_samples"": 93600, ""intermediate_sr"": 8000, ""output_peak"": 0.2899104952812195, ""output_samples"": 93600, ""pre_limiter_peak"": 0.2899104952812195, ""resampler"": ""scipy.signal.resample_poly"", ""resampler_window"": [""kaiser"", 5.0], ""sample_aligned"": true, ""sample_rate"": 16000, ""seed"": 12651546718236252187}",c643b6f0389f02d3d4a6d652c54b58be9c9c5b6b6dea2ec6b42c412dcc4e9560
20260905T233538.930635Z,b4f3de4a4f74b8742b201c9e0941cfe5166082fc,0ea442119cfa4d9f99e7b3b3ca6f55ddcdc1e56bc504ecce6b0481de96d1a73b,85a65f1f57cd5918e3529a1210a45ad78cb20cab8a6db637589aecc38e333336,15cd64de2c8ddb012c7001ab2b9d14b9009c3f6c85d26ac718ef884459e419c7,1221-135767-0024,1221,test-clean,5.85,20260905,positive,1,pitch_minus2,pitch,"{""family"": ""pitch"", ""id"": ""pitch_minus2"", ""semitones"": -2}",0.5,0.5,0.0,0.005489564500749111,0,1110100101000111,0110111110100101,7,0.5625,0.4375,0,23.275936027071317,0.9966915374141675,NA,NA,NA,NA: Pitch shifting changes sample phase and content,5.85,93600,0.18652993440628052,0.0,0.0,1608.033322962001,20.712813013233244,81.12280699424446,ok,,"{""alignment_reason"": ""Pitch shifting changes sample phase and content"", ""clipping_fraction"": 0.0, ""duration_seconds"": 5.85, ""family"": ""pitch"", ""hop_length"": 512, ""id"": ""pitch_minus2"", ""implementation"": ""librosa"", ""input_samples"": 93600, ""n_fft"": 2048, ""output_peak"": 0.18652993440628052, ""output_samples"": 93600, ""pre_limiter_peak"": 0.18652993440628052, ""res_type"": ""soxr_hq"", ""sample_aligned"": false, ""sample_rate"": 16000, ""seed"": 7618733680188554849, ""semitones"": -2}",f215e2330d985641b46a056c0aaaeca3deb7b4fd41b385c2d49a0e695b486c8b
20260905T233538.930635Z,b4f3de4a4f74b8742b201c9e0941cfe5166082fc,0ea442119cfa4d9f99e7b3b3ca6f55ddcdc1e56bc504ecce6b0481de96d1a73b,85a65f1f57cd5918e3529a1210a45ad78cb20cab8a6db637589aecc38e333336,15cd64de2c8ddb012c7001ab2b9d14b9009c3f6c85d26ac718ef884459e419c7,1221-135767-0024,1221,test-clean,5.85,20260905,negative,0,pitch_minus2,pitch,"{""family"": ""pitch"", ""id"": ""pitch_minus2"", ""semitones"": -2}",0.5,0.5,0.0,0.00627821683883667,0,1110100101000111,0100111110100101,NA,NA,NA,NA,NA,NA,NA,NA,NA,NA: Pitch shifting changes sample phase and content,5.85,93600,0.1951640248298645,0.0,0.0,NA,20.706520066596568,81.55436802189797,ok,,"{""alignment_reason"": ""Pitch shifting changes sample phase and content"", ""clipping_fraction"": 0.0, ""duration_seconds"": 5.85, ""family"": ""pitch"", ""hop_length"": 512, ""id"": ""pitch_minus2"", ""implementation"": ""librosa"", ""input_samples"": 93600, ""n_fft"": 2048, ""output_peak"": 0.1951640248298645, ""output_samples"": 93600, ""pre_limiter_peak"": 0.1951640248298645, ""res_type"": ""soxr_hq"", ""sample_aligned"": false, ""sample_rate"": 16000, ""seed"": 7618733680188554849, ""semitones"": -2}",2e6140c0ba525eab6211ea8105fe2214c9d4051ac31b6360390acf6dde5d36b1
20260905T233538.930635Z,b4f3de4a4f74b8742b201c9e0941cfe5166082fc,0ea442119cfa4d9f99e7b3b3ca6f55ddcdc1e56bc504ecce6b0481de96d1a73b,85a65f1f57cd5918e3529a1210a45ad78cb20cab8a6db637589aecc38e333336,15cd64de2c8ddb012c7001ab2b9d14b9009c3f6c85d26ac718ef884459e419c7,1221-135767-0024,1221,test-clean,5.85,20260905,positive,1,pitch_plus2,pitch,"{""family"": ""pitch"", ""id"": ""pitch_plus2"", ""semitones"": 2}",0.5,0.5,0.0,0.004489171784371138,0,1110100101000111,0100111110100100,9,0.4375,0.5625,0,23.275936027071317,0.9966915374141675,NA,NA,NA,NA: Pitch shifting changes sample phase and content,5.85,93600,0.20445014536380768,0.0,0.0,1608.033322962001,24.825757020153105,81.08878298662603,ok,,"{""alignment_reason"": ""Pitch shifting changes sample phase and content"", ""clipping_fraction"": 0.0, ""duration_seconds"": 5.85, ""family"": ""pitch"", ""hop_length"": 512, ""id"": ""pitch_plus2"", ""implementation"": ""librosa"", ""input_samples"": 93600, ""n_fft"": 2048, ""output_peak"": 0.20445014536380768, ""output_samples"": 93600, ""pre_limiter_peak"": 0.20445014536380768, ""res_type"": ""soxr_hq"", ""sample_aligned"": false, ""sample_rate"": 16000, ""seed"": 9121006710497285134, ""semitones"": 2}",37cede12fbd9ba463b02fe20c03b3a4105c07b7d429cf7f94ba8146087bacd3f
20260905T233538.930635Z,b4f3de4a4f74b8742b201c9e0941cfe5166082fc,0ea442119cfa4d9f99e7b3b3ca6f55ddcdc1e56bc504ecce6b0481de96d1a73b,85a65f1f57cd5918e3529a1210a45ad78cb20cab8a6db637589aecc38e333336,15cd64de2c8ddb012c7001ab2b9d14b9009c3f6c85d26ac718ef884459e419c7,1221-135767-0024,1221,test-clean,5.85,20260905,negative,0,pitch_plus2,pitch,"{""family"": ""pitch"", ""id"": ""pitch_plus2"", ""semitones"": 2}",0.5,0.5,0.0,0.004762896802276373,0,1110100101000111,0100111110100100,NA,NA,NA,NA,NA,NA,NA,NA,NA,NA: Pitch shifting changes sample phase and content,5.85,93600,0.17335757613182068,0.0,0.0,NA,23.54661002755165,80.7991010369733,ok,,"{""alignment_reason"": ""Pitch shifting changes sample phase and content"", ""clipping_fraction"": 0.0, ""duration_seconds"": 5.85, ""family"": ""pitch"", ""hop_length"": 512, ""id"": ""pitch_plus2"", ""implementation"": ""librosa"", ""input_samples"": 93600, ""n_fft"": 2048, ""output_peak"": 0.17335757613182068, ""output_samples"": 93600, ""pre_limiter_peak"": 0.17335757613182068, ""res_type"": ""soxr_hq"", ""sample_aligned"": false, ""sample_rate"": 16000, ""seed"": 9121006710497285134, ""semitones"": 2}",01285382f8d8ac36f94f584410facf6aaf798f051fb6b0e0cd675664e3b78d35
20260905T233538.930635Z,b4f3de4a4f74b8742b201c9e0941cfe5166082fc,0ea442119cfa4d9f99e7b3b3ca6f55ddcdc1e56bc504ecce6b0481de96d1a73b,85a65f1f57cd5918e3529a1210a45ad78cb20cab8a6db637589aecc38e333336,15cd64de2c8ddb012c7001ab2b9d14b9009c3f6c85d26ac718ef884459e419c7,1221-135767-0024,1221,test-clean,5.85,20260905,positive,1,stretch_09,stretch,"{""family"": ""stretch"", ""id"": ""stretch_09"", ""rate"": 0.9}",0.5,0.5,0.1748173087835312,0.20480981469154358,0,1110100101000111,1110100101000111,0,1.0,0.0,1,23.275936027071317,0.9966915374141675,NA,NA,NA,NA: Time stretching changes the temporal coordinate,6.5,104000,0.1947317272424698,0.0,0.0,1608.033322962001,22.20131701324135,156.296483008191,ok,,"{""alignment_reason"": ""Time stretching changes the temporal coordinate"", ""clipping_fraction"": 0.0, ""duration_seconds"": 6.5, ""family"": ""stretch"", ""hop_length"": 512, ""id"": ""stretch_09"", ""implementation"": ""librosa"", ""input_samples"": 93600, ""n_fft"": 2048, ""output_peak"": 0.1947317272424698, ""output_samples"": 104000, ""pre_limiter_peak"": 0.1947317272424698, ""rate"": 0.9, ""sample_aligned"": false, ""sample_rate"": 16000, ""seed"": 4015714269645164594}",f1a352cf082a17f495d233e3ec7b52aae89dda769e7bd63eac7c3bf9efddea7a
20260905T233538.930635Z,b4f3de4a4f74b8742b201c9e0941cfe5166082fc,0ea442119cfa4d9f99e7b3b3ca6f55ddcdc1e56bc504ecce6b0481de96d1a73b,85a65f1f57cd5918e3529a1210a45ad78cb20cab8a6db637589aecc38e333336,15cd64de2c8ddb012c7001ab2b9d14b9009c3f6c85d26ac718ef884459e419c7,1221-135767-0024,1221,test-clean,5.85,20260905,negative,0,stretch_09,stretch,"{""family"": ""stretch"", ""id"": ""stretch_09"", ""rate"": 0.9}",0.5,0.5,0.0,0.004229739308357239,0,1110100101000111,0100011110110101,NA,NA,NA,NA,NA,NA,NA,NA,NA,NA: Time stretching changes the temporal coordinate,6.5,104000,0.17548801004886627,0.0,0.0,NA,22.09789992775768,95.73587204795331,ok,,"{""alignment_reason"": ""Time stretching changes the temporal coordinate"", ""clipping_fraction"": 0.0, ""duration_seconds"": 6.5, ""family"": ""stretch"", ""hop_length"": 512, ""id"": ""stretch_09"", ""implementation"": ""librosa"", ""input_samples"": 93600, ""n_fft"": 2048, ""output_peak"": 0.17548801004886627, ""output_samples"": 104000, ""pre_limiter_peak"": 0.17548801004886627, ""rate"": 0.9, ""sample_aligned"": false, ""sample_rate"": 16000, ""seed"": 4015714269645164594}",58bc48e59b5cdb686eb5cbb6c8f47bf11977e7004f2e2f53b052f0a8bfb36464
20260905T233538.930635Z,b4f3de4a4f74b8742b201c9e0941cfe5166082fc,0ea442119cfa4d9f99e7b3b3ca6f55ddcdc1e56bc504ecce6b0481de96d1a73b,85a65f1f57cd5918e3529a1210a45ad78cb20cab8a6db637589aecc38e333336,15cd64de2c8ddb012c7001ab2b9d14b9009c3f6c85d26ac718ef884459e419c7,1221-135767-0024,1221,test-clean,5.85,20260905,positive,1,stretch_11,stretch,"{""family"": ""stretch"", ""id"": ""stretch_11"", ""rate"": 1.1}",0.5,0.5,0.21154998242855072,0.24205777049064636,0,1110100101000111,1110100101000111,0,1.0,0.0,1,23.275936027071317,0.9966915374141675,NA,NA,NA,NA: Time stretching changes the temporal coordinate,5.3181875,85091,0.17223656177520752,0.0,0.0,1608.033322962001,19.57123796455562,127.59622593875974,ok,,"{""alignment_reason"": ""Time stretching changes the temporal coordinate"", ""clipping_fraction"": 0.0, ""duration_seconds"": 5.3181875, ""family"": ""stretch"", ""hop_length"": 512, ""id"": ""stretch_11"", ""implementation"": ""librosa"", ""input_samples"": 93600, ""n_fft"": 2048, ""output_peak"": 0.17223656177520752, ""output_samples"": 85091, ""pre_limiter_peak"": 0.17223656177520752, ""rate"": 1.1, ""sample_aligned"": false, ""sample_rate"": 16000, ""seed"": 2537023139069255719}",f2a22284ff1792ce1d78e9e0f79ebddbf3b33da9798aa20104a7da84e9761103
20260905T233538.930635Z,b4f3de4a4f74b8742b201c9e0941cfe5166082fc,0ea442119cfa4d9f99e7b3b3ca6f55ddcdc1e56bc504ecce6b0481de96d1a73b,85a65f1f57cd5918e3529a1210a45ad78cb20cab8a6db637589aecc38e333336,15cd64de2c8ddb012c7001ab2b9d14b9009c3f6c85d26ac718ef884459e419c7,1221-135767-0024,1221,test-clean,5.85,20260905,negative,0,stretch_11,stretch,"{""family"": ""stretch"", ""id"": ""stretch_11"", ""rate"": 1.1}",0.5,0.5,0.0,0.008382108993828297,0,1110100101000111,0101011110100101,NA,NA,NA,NA,NA,NA,NA,NA,NA,NA: Time stretching changes the temporal coordinate,5.3181875,85091,0.17044852674007416,0.0,0.0,NA,19.497366971336305,72.02371500898153,ok,,"{""alignment_reason"": ""Time stretching changes the temporal coordinate"", ""clipping_fraction"": 0.0, ""duration_seconds"": 5.3181875, ""family"": ""stretch"", ""hop_length"": 512, ""id"": ""stretch_11"", ""implementation"": ""librosa"", ""input_samples"": 93600, ""n_fft"": 2048, ""output_peak"": 0.17044852674007416, ""output_samples"": 85091, ""pre_limiter_peak"": 0.17044852674007416, ""rate"": 1.1, ""sample_aligned"": false, ""sample_rate"": 16000, ""seed"": 2537023139069255719}",f3c604824921d1e775301e17156235ce0259ec65ce8db6381d63a2bef98dded0
20260905T233538.930635Z,b4f3de4a4f74b8742b201c9e0941cfe5166082fc,0ea442119cfa4d9f99e7b3b3ca6f55ddcdc1e56bc504ecce6b0481de96d1a73b,85a65f1f57cd5918e3529a1210a45ad78cb20cab8a6db637589aecc38e333336,15cd64de2c8ddb012c7001ab2b9d14b9009c3f6c85d26ac718ef884459e419c7,1221-135767-0024,1221,test-clean,5.85,20260905,positive,1,crop_10,crop,"{""family"": ""crop"", ""fraction"": 0.1, ""id"": ""crop_10""}",0.5,0.5,0.11156219989061356,0.14348104596138,0,1110100101000111,0100000011011000,10,0.375,0.625,0,23.275936027071317,0.9966915374141675,NA,NA,NA,NA: Contiguous crop changes length and may shift time origin,5.265,84240,0.28008079528808594,0.0,0.0,1608.033322962001,0.4034489393234253,124.31655905675143,ok,,"{""alignment_reason"": ""Contiguous crop changes length and may shift time origin"", ""clipping_fraction"": 0.0, ""crop_end_sample"": 91378, ""crop_start_sample"": 7138, ""duration_seconds"": 5.265, ""family"": ""crop"", ""fraction"": 0.1, ""id"": ""crop_10"", ""input_samples"": 93600, ""output_peak"": 0.28008079528808594, ""output_samples"": 84240, ""pre_limiter_peak"": 0.28008079528808594, ""removed_fraction_actual"": 0.09999999999999998, ""sample_aligned"": false, ""sample_rate"": 16000, ""seed"": 14918150416789130808}",ab687d06df25b7638b6fa5a8e99cecb24c4b2976322b6e2cb83b5fc6b39d10c2
20260905T233538.930635Z,b4f3de4a4f74b8742b201c9e0941cfe5166082fc,0ea442119cfa4d9f99e7b3b3ca6f55ddcdc1e56bc504ecce6b0481de96d1a73b,85a65f1f57cd5918e3529a1210a45ad78cb20cab8a6db637589aecc38e333336,15cd64de2c8ddb012c7001ab2b9d14b9009c3f6c85d26ac718ef884459e419c7,1221-135767-0024,1221,test-clean,5.85,20260905,negative,0,crop_10,crop,"{""family"": ""crop"", ""fraction"": 0.1, ""id"": ""crop_10""}",0.5,0.5,0.0033475784584879875,0.01992631144821644,0,1110100101000111,0110110111110100,NA,NA,NA,NA,NA,NA,NA,NA,NA,NA: Contiguous crop changes length and may shift time origin,5.265,84240,0.284515380859375,0.0,0.0,NA,0.4060439532622695,71.50423596613109,ok,,"{""alignment_reason"": ""Contiguous crop changes length and may shift time origin"", ""clipping_fraction"": 0.0, ""crop_end_sample"": 91378, ""crop_start_sample"": 7138, ""duration_seconds"": 5.265, ""family"": ""crop"", ""fraction"": 0.1, ""id"": ""crop_10"", ""input_samples"": 93600, ""output_peak"": 0.284515380859375, ""output_samples"": 84240, ""pre_limiter_peak"": 0.284515380859375, ""removed_fraction_actual"": 0.09999999999999998, ""sample_aligned"": false, ""sample_rate"": 16000, ""seed"": 14918150416789130808}",3c1c396eb11d9cbb056487cbd9039d9541e2c8923b9aa99ad974b7ba39858a55
20260905T233538.930635Z,b4f3de4a4f74b8742b201c9e0941cfe5166082fc,0ea442119cfa4d9f99e7b3b3ca6f55ddcdc1e56bc504ecce6b0481de96d1a73b,85a65f1f57cd5918e3529a1210a45ad78cb20cab8a6db637589aecc38e333336,15cd64de2c8ddb012c7001ab2b9d14b9009c3f6c85d26ac718ef884459e419c7,1221-135767-0024,1221,test-clean,5.85,20260905,positive,1,crop_25,crop,"{""family"": ""crop"", ""fraction"": 0.25, ""id"": ""crop_25""}",0.5,0.5,0.9937607049942017,0.9844508171081543,1,1110100101000111,1010100101001011,3,0.8125,0.1875,0,23.275936027071317,0.9966915374141675,NA,NA,NA,NA: Contiguous crop changes length and may shift time origin,4.3875,70200,0.28008079528808594,0.0,0.0,1608.033322962001,0.3775689983740449,112.5740020070225,ok,,"{""alignment_reason"": ""Contiguous crop changes length and may shift time origin"", ""clipping_fraction"": 0.0, ""crop_end_sample"": 76493, ""crop_start_sample"": 6293, ""duration_seconds"": 4.3875, ""family"": ""crop"", ""fraction"": 0.25, ""id"": ""crop_25"", ""input_samples"": 93600, ""output_peak"": 0.28008079528808594, ""output_samples"": 70200, ""pre_limiter_peak"": 0.28008079528808594, ""removed_fraction_actual"": 0.25, ""sample_aligned"": false, ""sample_rate"": 16000, ""seed"": 16063485550969925959}",ec1982355ae6509e9db015ade828607ea8eea2d10e5c856a824e073b81c3e3ba
20260905T233538.930635Z,b4f3de4a4f74b8742b201c9e0941cfe5166082fc,0ea442119cfa4d9f99e7b3b3ca6f55ddcdc1e56bc504ecce6b0481de96d1a73b,85a65f1f57cd5918e3529a1210a45ad78cb20cab8a6db637589aecc38e333336,15cd64de2c8ddb012c7001ab2b9d14b9009c3f6c85d26ac718ef884459e419c7,1221-135767-0024,1221,test-clean,5.85,20260905,negative,0,crop_25,crop,"{""family"": ""crop"", ""fraction"": 0.25, ""id"": ""crop_25""}",0.5,0.5,0.0,0.006509107071906328,0,1110100101000111,0110111110110101,NA,NA,NA,NA,NA,NA,NA,NA,NA,NA: Contiguous crop changes length and may shift time origin,4.3875,70200,0.284515380859375,0.0,0.0,NA,0.3745430149137974,59.49621391482651,ok,,"{""alignment_reason"": ""Contiguous crop changes length and may shift time origin"", ""clipping_fraction"": 0.0, ""crop_end_sample"": 76493, ""crop_start_sample"": 6293, ""duration_seconds"": 4.3875, ""family"": ""crop"", ""fraction"": 0.25, ""id"": ""crop_25"", ""input_samples"": 93600, ""output_peak"": 0.284515380859375, ""output_samples"": 70200, ""pre_limiter_peak"": 0.284515380859375, ""removed_fraction_actual"": 0.25, ""sample_aligned"": false, ""sample_rate"": 16000, ""seed"": 16063485550969925959}",b5252c7c6595ef6ea7671f34d7f1a55c96c1e66552f2ed825fbc365b18a1aa79
20260905T233538.930635Z,b4f3de4a4f74b8742b201c9e0941cfe5166082fc,0ea442119cfa4d9f99e7b3b3ca6f55ddcdc1e56bc504ecce6b0481de96d1a73b,85a65f1f57cd5918e3529a1210a45ad78cb20cab8a6db637589aecc38e333336,15cd64de2c8ddb012c7001ab2b9d14b9009c3f6c85d26ac718ef884459e419c7,260-123286-0014,260,test-clean,2.98,20260905,positive,1,clean,clean,"{""family"": ""clean"", ""id"": ""clean""}",0.5,0.5,1.0,0.9999926090240479,1,0001110100000010,0001110100000010,0,1.0,0.0,1,34.57505363912767,0.9962519449120465,0.9962519449120465,NA,34.57505363912767,aligned_to_original,2.98,47680,0.3876681625843048,0.0,0.0,816.7389329755679,0.23918505758047104,47.87128104362637,ok,,"{""clipping_fraction"": 0.0, ""duration_seconds"": 2.98, ""family"": ""clean"", ""id"": ""clean"", ""input_samples"": 47680, ""output_peak"": 0.3876681625843048, ""output_samples"": 47680, ""pre_limiter_peak"": 0.3876681625843048, ""sample_aligned"": true, ""sample_rate"": 16000, ""seed"": 17150078528320392}",50416134a84d14b76e580fdacfe40298d5c6b09524c9a8a7053aef88320530ac
20260905T233538.930635Z,b4f3de4a4f74b8742b201c9e0941cfe5166082fc,0ea442119cfa4d9f99e7b3b3ca6f55ddcdc1e56bc504ecce6b0481de96d1a73b,85a65f1f57cd5918e3529a1210a45ad78cb20cab8a6db637589aecc38e333336,15cd64de2c8ddb012c7001ab2b9d14b9009c3f6c85d26ac718ef884459e419c7,260-123286-0014,260,test-clean,2.98,20260905,negative,0,clean,clean,"{""family"": ""clean"", ""id"": ""clean""}",0.5,0.5,0.0,0.004004096146672964,0,0001110100000010,0111110110100100,NA,NA,NA,NA,NA,NA,0.9999999999999998,NA,inf,aligned_to_original,2.98,47680,0.3868408203125,0.0,0.0,NA,0.22320495918393135,47.51864995341748,ok,,"{""clipping_fraction"": 0.0, ""duration_seconds"": 2.98, ""family"": ""clean"", ""id"": ""clean"", ""input_samples"": 47680, ""output_peak"": 0.3868408203125, ""output_samples"": 47680, ""pre_limiter_peak"": 0.3868408203125, ""sample_aligned"": true, ""sample_rate"": 16000, ""seed"": 17150078528320392}",b84788907bdc9a20480fe2b5dfc2250586d5d7f26c3225da1daa9b86fa9f1665
20260905T233538.930635Z,b4f3de4a4f74b8742b201c9e0941cfe5166082fc,0ea442119cfa4d9f99e7b3b3ca6f55ddcdc1e56bc504ecce6b0481de96d1a73b,85a65f1f57cd5918e3529a1210a45ad78cb20cab8a6db637589aecc38e333336,15cd64de2c8ddb012c7001ab2b9d14b9009c3f6c85d26ac718ef884459e419c7,260-123286-0014,260,test-clean,2.98,20260905,positive,1,mp3_128,mp3,"{""bitrate_kbps"": 128, ""family"": ""mp3"", ""id"": ""mp3_128""}",0.5,0.5,1.0,0.9999919533729553,1,0001110100000010,0001110100000010,0,1.0,0.0,1,34.57505363912767,0.9962519449120465,NA,NA,NA,NA: MP3 codec delay/alignment not independently verified,2.98,47680,0.3692702651023865,0.0,0.0,816.7389329755679,16.66581304743886,49.55396696459502,ok,,"{""alignment_reason"": ""MP3 codec delay/alignment not independently verified"", ""bitrate_kbps"": 128, ""clipping_fraction"": 0.0, ""codec"": ""libmp3lame"", ""duration_seconds"": 2.98, ""family"": ""mp3"", ""id"": ""mp3_128"", ""input_samples"": 47680, ""output_peak"": 0.3692702651023865, ""output_samples"": 47680, ""pre_limiter_peak"": 0.3692702651023865, ""sample_aligned"": false, ""sample_rate"": 16000, ""seed"": 14455402140137726064}",3b63c1c79857f4b378f80363cb3febdd94b1d394d6d87da349f13d617adb9644
20260905T233538.930635Z,b4f3de4a4f74b8742b201c9e0941cfe5166082fc,0ea442119cfa4d9f99e7b3b3ca6f55ddcdc1e56bc504ecce6b0481de96d1a73b,85a65f1f57cd5918e3529a1210a45ad78cb20cab8a6db637589aecc38e333336,15cd64de2c8ddb012c7001ab2b9d14b9009c3f6c85d26ac718ef884459e419c7,260-123286-0014,260,test-clean,2.98,20260905,negative,0,mp3_128,mp3,"{""bitrate_kbps"": 128, ""family"": ""mp3"", ""id"": ""mp3_128""}",0.5,0.5,0.0,0.003766109701246023,0,0001110100000010,0111110110100100,NA,NA,NA,NA,NA,NA,NA,NA,NA,NA: MP3 codec delay/alignment not independently verified,2.98,47680,0.3683415651321411,0.0,0.0,NA,22.110905963927507,52.367063937708735,ok,,"{""alignment_reason"": ""MP3 codec delay/alignment not independently verified"", ""bitrate_kbps"": 128, ""clipping_fraction"": 0.0, ""codec"": ""libmp3lame"", ""duration_seconds"": 2.98, ""family"": ""mp3"", ""id"": ""mp3_128"", ""input_samples"": 47680, ""output_peak"": 0.3683415651321411, ""output_samples"": 47680, ""pre_limiter_peak"": 0.3683415651321411, ""sample_aligned"": false, ""sample_rate"": 16000, ""seed"": 14455402140137726064}",7ae2ce6a26c6e47c7a64feee9db011900bd794f775068e5d5fc688c0c89a171f
20260905T233538.930635Z,b4f3de4a4f74b8742b201c9e0941cfe5166082fc,0ea442119cfa4d9f99e7b3b3ca6f55ddcdc1e56bc504ecce6b0481de96d1a73b,85a65f1f57cd5918e3529a1210a45ad78cb20cab8a6db637589aecc38e333336,15cd64de2c8ddb012c7001ab2b9d14b9009c3f6c85d26ac718ef884459e419c7,260-123286-0014,260,test-clean,2.98,20260905,positive,1,mp3_64,mp3,"{""bitrate_kbps"": 64, ""family"": ""mp3"", ""id"": ""mp3_64""}",0.5,0.5,1.0,0.9999907612800598,1,0001110100000010,0001110100000010,0,1.0,0.0,1,34.57505363912767,0.9962519449120465,NA,NA,NA,NA: MP3 codec delay/alignment not independently verified,2.98,47680,0.3730114698410034,0.0,0.0,816.7389329755679,17.84467906691134,49.757924978621304,ok,,"{""alignment_reason"": ""MP3 codec delay/alignment not independently verified"", ""bitrate_kbps"": 64, ""clipping_fraction"": 0.0, ""codec"": ""libmp3lame"", ""duration_seconds"": 2.98, ""family"": ""mp3"", ""id"": ""mp3_64"", ""input_samples"": 47680, ""output_peak"": 0.3730114698410034, ""output_samples"": 47680, ""pre_limiter_peak"": 0.3730114698410034, ""sample_aligned"": false, ""sample_rate"": 16000, ""seed"": 1357604291783450863}",64c3cd8fc19636b7ce3465897a990a4bae1fbf58ef7629fcdc97c22c4d7ec46e
20260905T233538.930635Z,b4f3de4a4f74b8742b201c9e0941cfe5166082fc,0ea442119cfa4d9f99e7b3b3ca6f55ddcdc1e56bc504ecce6b0481de96d1a73b,85a65f1f57cd5918e3529a1210a45ad78cb20cab8a6db637589aecc38e333336,15cd64de2c8ddb012c7001ab2b9d14b9009c3f6c85d26ac718ef884459e419c7,260-123286-0014,260,test-clean,2.98,20260905,negative,0,mp3_64,mp3,"{""bitrate_kbps"": 64, ""family"": ""mp3"", ""id"": ""mp3_64""}",0.5,0.5,0.0,0.0030392210464924574,0,0001110100000010,1111111110100100,NA,NA,NA,NA,NA,NA,NA,NA,NA,NA: MP3 codec delay/alignment not independently verified,2.98,47680,0.3664095401763916,0.0,0.0,NA,15.594703960232437,49.996910034678876,ok,,"{""alignment_reason"": ""MP3 codec delay/alignment not independently verified"", ""bitrate_kbps"": 64, ""clipping_fraction"": 0.0, ""codec"": ""libmp3lame"", ""duration_seconds"": 2.98, ""family"": ""mp3"", ""id"": ""mp3_64"", ""input_samples"": 47680, ""output_peak"": 0.3664095401763916, ""output_samples"": 47680, ""pre_limiter_peak"": 0.3664095401763916, ""sample_aligned"": false, ""sample_rate"": 16000, ""seed"": 1357604291783450863}",4b7521ee674e2c229a11ba951bdacdd07e1705219f9d1e4ca097ec439e12a9f2
20260905T233538.930635Z,b4f3de4a4f74b8742b201c9e0941cfe5166082fc,0ea442119cfa4d9f99e7b3b3ca6f55ddcdc1e56bc504ecce6b0481de96d1a73b,85a65f1f57cd5918e3529a1210a45ad78cb20cab8a6db637589aecc38e333336,15cd64de2c8ddb012c7001ab2b9d14b9009c3f6c85d26ac718ef884459e419c7,260-123286-0014,260,test-clean,2.98,20260905,positive,1,noise_30,noise,"{""family"": ""noise"", ""id"": ""noise_30"", ""snr_db"": 30}",0.5,0.5,0.7283347249031067,0.728899359703064,1,0001110100000010,0001110100000010,0,1.0,0.0,1,34.57505363912767,0.9962519449120465,0.9939263836311009,NA,28.683407438047794,aligned_to_original,2.98,47680,0.38895583152770996,0.0,0.0,816.7389329755679,1.2121489271521568,47.8552799904719,ok,,"{""clipping_fraction"": 0.0, ""duration_seconds"": 2.98, ""family"": ""noise"", ""id"": ""noise_30"", ""input_samples"": 47680, ""noise_snr_db"": 30.000000002958288, ""noise_snr_db_pre_clipping"": 30.0, ""output_peak"": 0.38895583152770996, ""output_samples"": 47680, ""pre_limiter_peak"": 0.38895583764880365, ""sample_aligned"": true, ""sample_rate"": 16000, ""seed"": 17343253995391905924, ""snr_db"": 30}",7519da752562b8d1120900163f715cbfc362e1886ad6a38972a9519a28daf005
20260905T233538.930635Z,b4f3de4a4f74b8742b201c9e0941cfe5166082fc,0ea442119cfa4d9f99e7b3b3ca6f55ddcdc1e56bc504ecce6b0481de96d1a73b,85a65f1f57cd5918e3529a1210a45ad78cb20cab8a6db637589aecc38e333336,15cd64de2c8ddb012c7001ab2b9d14b9009c3f6c85d26ac718ef884459e419c7,260-123286-0014,260,test-clean,2.98,20260905,negative,0,noise_30,noise,"{""family"": ""noise"", ""id"": ""noise_30"", ""snr_db"": 30}",0.5,0.5,0.0,0.003461690153926611,0,0001110100000010,0111111110110100,NA,NA,NA,NA,NA,NA,0.9975479279287742,NA,30.000000032256967,aligned_to_original,2.98,47680,0.3881286084651947,0.0,0.0,NA,1.0687850881367922,48.03101602010429,ok,,"{""clipping_fraction"": 0.0, ""duration_seconds"": 2.98, ""family"": ""noise"", ""id"": ""noise_30"", ""input_samples"": 47680, ""noise_snr_db"": 30.000000032256967, ""noise_snr_db_pre_clipping"": 30.0, ""output_peak"": 0.3881286084651947, ""output_samples"": 47680, ""pre_limiter_peak"": 0.38812860459879567, ""sample_aligned"": true, ""sample_rate"": 16000, ""seed"": 17343253995391905924, ""snr_db"": 30}",29ad5c5611178fa35e0579d08017f9e691b8b41e7cf2365c3ad546a1610b06fe
20260905T233538.930635Z,b4f3de4a4f74b8742b201c9e0941cfe5166082fc,0ea442119cfa4d9f99e7b3b3ca6f55ddcdc1e56bc504ecce6b0481de96d1a73b,85a65f1f57cd5918e3529a1210a45ad78cb20cab8a6db637589aecc38e333336,15cd64de2c8ddb012c7001ab2b9d14b9009c3f6c85d26ac718ef884459e419c7,260-123286-0014,260,test-clean,2.98,20260905,positive,1,noise_20,noise,"{""family"": ""noise"", ""id"": ""noise_20"", ""snr_db"": 20}",0.5,0.5,0.3539219796657562,0.3494199216365814,0,0001110100000010,0001110100000010,0,1.0,0.0,1,34.57505363912767,0.9962519449120465,0.9739031156875595,NA,19.85204611290813,aligned_to_original,2.98,47680,0.38531801104545593,0.0,0.0,816.7389329755679,1.1065680300816894,47.72251797839999,ok,,"{""clipping_fraction"": 0.0, ""duration_seconds"": 2.98, ""family"": ""noise"", ""id"": ""noise_20"", ""input_samples"": 47680, ""noise_snr_db"": 20.00000000684388, ""noise_snr_db_pre_clipping"": 20.0, ""output_peak"": 0.38531801104545593, ""output_samples"": 47680, ""pre_limiter_peak"": 0.38531801446089137, ""sample_aligned"": true, ""sample_rate"": 16000, ""seed"": 968704942880212361, ""snr_db"": 20}",01e697f24a65b7a57584927225c650b1aed0cc016ad3d100e7690039ec6d4fa0
20260905T233538.930635Z,b4f3de4a4f74b8742b201c9e0941cfe5166082fc,0ea442119cfa4d9f99e7b3b3ca6f55ddcdc1e56bc504ecce6b0481de96d1a73b,85a65f1f57cd5918e3529a1210a45ad78cb20cab8a6db637589aecc38e333336,15cd64de2c8ddb012c7001ab2b9d14b9009c3f6c85d26ac718ef884459e419c7,260-123286-0014,260,test-clean,2.98,20260905,negative,0,noise_20,noise,"{""family"": ""noise"", ""id"": ""noise_20"", ""snr_db"": 20}",0.5,0.5,0.0,0.0015415858943015337,0,0001110100000010,0111111110100100,NA,NA,NA,NA,NA,NA,0.9777621753074988,NA,20.00000001211587,aligned_to_original,2.98,47680,0.3844904601573944,0.0,0.0,NA,1.0799369774758816,47.464727074839175,ok,,"{""clipping_fraction"": 0.0, ""duration_seconds"": 2.98, ""family"": ""noise"", ""id"": ""noise_20"", ""input_samples"": 47680, ""noise_snr_db"": 20.00000001211587, ""noise_snr_db_pre_clipping"": 20.0, ""output_peak"": 0.3844904601573944, ""output_samples"": 47680, ""pre_limiter_peak"": 0.38449047284733656, ""sample_aligned"": true, ""sample_rate"": 16000, ""seed"": 968704942880212361, ""snr_db"": 20}",8d41625ecd6d619b69a81b409826a0b1edbba635a56d4e9de963b7e3df79d8a6
20260905T233538.930635Z,b4f3de4a4f74b8742b201c9e0941cfe5166082fc,0ea442119cfa4d9f99e7b3b3ca6f55ddcdc1e56bc504ecce6b0481de96d1a73b,85a65f1f57cd5918e3529a1210a45ad78cb20cab8a6db637589aecc38e333336,15cd64de2c8ddb012c7001ab2b9d14b9009c3f6c85d26ac718ef884459e419c7,260-123286-0014,260,test-clean,2.98,20260905,positive,1,resample_12000,resample,"{""family"": ""resample"", ""id"": ""resample_12000"", ""intermediate_sr"": 12000}",0.5,0.5,1.0,0.9999927282333374,1,0001110100000010,0001110100000010,0,1.0,0.0,1,34.57505363912767,0.9962519449120465,0.9962519076587697,NA,21.411172506531774,aligned_to_original,2.98,47680,0.38667911291122437,0.0,0.0,816.7389329755679,1.719845924526453,47.96980903483927,ok,,"{""clipping_fraction"": 0.0, ""duration_seconds"": 2.98, ""family"": ""resample"", ""id"": ""resample_12000"", ""input_samples"": 47680, ""intermediate_sr"": 12000, ""output_peak"": 0.38667911291122437, ""output_samples"": 47680, ""pre_limiter_peak"": 0.38667911291122437, ""resampler"": ""scipy.signal.resample_poly"", ""resampler_window"": [""kaiser"", 5.0], ""sample_aligned"": true, ""sample_rate"": 16000, ""seed"": 8837956061545564514}",3f5aa4f2ec5dd677a7486a842400d627999698d033bba37a6ab30217c020e092
20260905T233538.930635Z,b4f3de4a4f74b8742b201c9e0941cfe5166082fc,0ea442119cfa4d9f99e7b3b3ca6f55ddcdc1e56bc504ecce6b0481de96d1a73b,85a65f1f57cd5918e3529a1210a45ad78cb20cab8a6db637589aecc38e333336,15cd64de2c8ddb012c7001ab2b9d14b9009c3f6c85d26ac718ef884459e419c7,260-123286-0014,260,test-clean,2.98,20260905,negative,0,resample_12000,resample,"{""family"": ""resample"", ""id"": ""resample_12000"", ""intermediate_sr"": 12000}",0.5,0.5,0.0,0.004088922869414091,0,0001110100000010,0111110110100100,NA,NA,NA,NA,NA,NA,0.9999996390080506,NA,21.625955853316846,aligned_to_original,2.98,47680,0.38585135340690613,0.0,0.0,NA,1.6906199743971229,47.61157603934407,ok,,"{""clipping_fraction"": 0.0, ""duration_seconds"": 2.98, ""family"": ""resample"", ""id"": ""resample_12000"", ""input_samples"": 47680, ""intermediate_sr"": 12000, ""output_peak"": 0.38585135340690613, ""output_samples"": 47680, ""pre_limiter_peak"": 0.38585135340690613, ""resampler"": ""scipy.signal.resample_poly"", ""resampler_window"": [""kaiser"", 5.0], ""sample_aligned"": true, ""sample_rate"": 16000, ""seed"": 8837956061545564514}",29c901e8a4972a5ff96bb9b6deed084963d5f7953a59e98d8f0b4725514a932a
20260905T233538.930635Z,b4f3de4a4f74b8742b201c9e0941cfe5166082fc,0ea442119cfa4d9f99e7b3b3ca6f55ddcdc1e56bc504ecce6b0481de96d1a73b,85a65f1f57cd5918e3529a1210a45ad78cb20cab8a6db637589aecc38e333336,15cd64de2c8ddb012c7001ab2b9d14b9009c3f6c85d26ac718ef884459e419c7,260-123286-0014,260,test-clean,2.98,20260905,positive,1,resample_8000,resample,"{""family"": ""resample"", ""id"": ""resample_8000"", ""intermediate_sr"": 8000}",0.5,0.5,1.0,0.9999923706054688,1,0001110100000010,0001110100000010,0,1.0,0.0,1,34.57505363912767,0.9962519449120465,0.9933392327247459,NA,17.165603344297622,aligned_to_original,2.98,47680,0.3858316242694855,0.0,0.0,816.7389329755679,1.7055390635505319,47.87900601513684,ok,,"{""clipping_fraction"": 0.0, ""duration_seconds"": 2.98, ""family"": ""resample"", ""id"": ""resample_8000"", ""input_samples"": 47680, ""intermediate_sr"": 8000, ""output_peak"": 0.3858316242694855, ""output_samples"": 47680, ""pre_limiter_peak"": 0.3858316242694855, ""resampler"": ""scipy.signal.resample_poly"", ""resampler_window"": [""kaiser"", 5.0], ""sample_aligned"": true, ""sample_rate"": 16000, ""seed"": 1109486536800454740}",b4dc0d98a60da78298a91373ff511b550addcdf4344cf61418a0224ab53bffcd
20260905T233538.930635Z,b4f3de4a4f74b8742b201c9e0941cfe5166082fc,0ea442119cfa4d9f99e7b3b3ca6f55ddcdc1e56bc504ecce6b0481de96d1a73b,85a65f1f57cd5918e3529a1210a45ad78cb20cab8a6db637589aecc38e333336,15cd64de2c8ddb012c7001ab2b9d14b9009c3f6c85d26ac718ef884459e419c7,260-123286-0014,260,test-clean,2.98,20260905,negative,0,resample_8000,resample,"{""family"": ""resample"", ""id"": ""resample_8000"", ""intermediate_sr"": 8000}",0.5,0.5,0.0,0.0045560915023088455,0,0001110100000010,0111110110100100,NA,NA,NA,NA,NA,NA,0.9970920007814364,NA,17.245251004799606,aligned_to_original,2.98,47680,0.3850044310092926,0.0,0.0,NA,1.6781359445303679,48.23844006750733,ok,,"{""clipping_fraction"": 0.0, ""duration_seconds"": 2.98, ""family"": ""resample"", ""id"": ""resample_8000"", ""input_samples"": 47680, ""intermediate_sr"": 8000, ""output_peak"": 0.3850044310092926, ""output_samples"": 47680, ""pre_limiter_peak"": 0.3850044310092926, ""resampler"": ""scipy.signal.resample_poly"", ""resampler_window"": [""kaiser"", 5.0], ""sample_aligned"": true, ""sample_rate"": 16000, ""seed"": 1109486536800454740}",6675c76bcd5a5db9ab3b1a77f283657922fc1bf87e957b8f18136b447c8a77f3
20260905T233538.930635Z,b4f3de4a4f74b8742b201c9e0941cfe5166082fc,0ea442119cfa4d9f99e7b3b3ca6f55ddcdc1e56bc504ecce6b0481de96d1a73b,85a65f1f57cd5918e3529a1210a45ad78cb20cab8a6db637589aecc38e333336,15cd64de2c8ddb012c7001ab2b9d14b9009c3f6c85d26ac718ef884459e419c7,260-123286-0014,260,test-clean,2.98,20260905,positive,1,pitch_minus2,pitch,"{""family"": ""pitch"", ""id"": ""pitch_minus2"", ""semitones"": -2}",0.5,0.5,0.0,0.002079527359455824,0,0001110100000010,1110110110100100,8,0.5,0.5,0,34.57505363912767,0.9962519449120465,NA,NA,NA,NA: Pitch shifting changes sample phase and content,2.98,47680,0.3300265669822693,0.0,0.0,816.7389329755679,11.075294925831258,47.89565794635564,ok,,"{""alignment_reason"": ""Pitch shifting changes sample phase and content"", ""clipping_fraction"": 0.0, ""duration_seconds"": 2.98, ""family"": ""pitch"", ""hop_length"": 512, ""id"": ""pitch_minus2"", ""implementation"": ""librosa"", ""input_samples"": 47680, ""n_fft"": 2048, ""output_peak"": 0.3300265669822693, ""output_samples"": 47680, ""pre_limiter_peak"": 0.3300265669822693, ""res_type"": ""soxr_hq"", ""sample_aligned"": false, ""sample_rate"": 16000, ""seed"": 12706561616241593308, ""semitones"": -2}",2685288ea748a399dc38d030c1d66c09b34de091a192eae9fd8eb18713249ee8
20260905T233538.930635Z,b4f3de4a4f74b8742b201c9e0941cfe5166082fc,0ea442119cfa4d9f99e7b3b3ca6f55ddcdc1e56bc504ecce6b0481de96d1a73b,85a65f1f57cd5918e3529a1210a45ad78cb20cab8a6db637589aecc38e333336,15cd64de2c8ddb012c7001ab2b9d14b9009c3f6c85d26ac718ef884459e419c7,260-123286-0014,260,test-clean,2.98,20260905,negative,0,pitch_minus2,pitch,"{""family"": ""pitch"", ""id"": ""pitch_minus2"", ""semitones"": -2}",0.5,0.5,0.0,0.004013191908597946,0,0001110100000010,0100111110100101,NA,NA,NA,NA,NA,NA,NA,NA,NA,NA: Pitch shifting changes sample phase and content,2.98,47680,0.2370482087135315,0.0,0.0,NA,11.018467019312084,47.62716602999717,ok,,"{""alignment_reason"": ""Pitch shifting changes sample phase and content"", ""clipping_fraction"": 0.0, ""duration_seconds"": 2.98, ""family"": ""pitch"", ""hop_length"": 512, ""id"": ""pitch_minus2"", ""implementation"": ""librosa"", ""input_samples"": 47680, ""n_fft"": 2048, ""output_peak"": 0.2370482087135315, ""output_samples"": 47680, ""pre_limiter_peak"": 0.2370482087135315, ""res_type"": ""soxr_hq"", ""sample_aligned"": false, ""sample_rate"": 16000, ""seed"": 12706561616241593308, ""semitones"": -2}",801c9673a027a606c2721edf732334d5ba6128908d0e14747c9e2bf58557a323
20260905T233538.930635Z,b4f3de4a4f74b8742b201c9e0941cfe5166082fc,0ea442119cfa4d9f99e7b3b3ca6f55ddcdc1e56bc504ecce6b0481de96d1a73b,85a65f1f57cd5918e3529a1210a45ad78cb20cab8a6db637589aecc38e333336,15cd64de2c8ddb012c7001ab2b9d14b9009c3f6c85d26ac718ef884459e419c7,260-123286-0014,260,test-clean,2.98,20260905,positive,1,pitch_plus2,pitch,"{""family"": ""pitch"", ""id"": ""pitch_plus2"", ""semitones"": 2}",0.5,0.5,0.0,0.0010995400371029973,0,0001110100000010,0111111110100100,7,0.5625,0.4375,0,34.57505363912767,0.9962519449120465,NA,NA,NA,NA: Pitch shifting changes sample phase and content,2.98,47680,0.29881301522254944,0.0,0.0,816.7389329755679,13.029738096520305,47.722788993269205,ok,,"{""alignment_reason"": ""Pitch shifting changes sample phase and content"", ""clipping_fraction"": 0.0, ""duration_seconds"": 2.98, ""family"": ""pitch"", ""hop_length"": 512, ""id"": ""pitch_plus2"", ""implementation"": ""librosa"", ""input_samples"": 47680, ""n_fft"": 2048, ""output_peak"": 0.29881301522254944, ""output_samples"": 47680, ""pre_limiter_peak"": 0.29881301522254944, ""res_type"": ""soxr_hq"", ""sample_aligned"": false, ""sample_rate"": 16000, ""seed"": 15739210377866307529, ""semitones"": 2}",a117aed0a3739bc583c894be4d6e5c37574d3f8f5bea527f5938e4d2f8e1ce85
20260905T233538.930635Z,b4f3de4a4f74b8742b201c9e0941cfe5166082fc,0ea442119cfa4d9f99e7b3b3ca6f55ddcdc1e56bc504ecce6b0481de96d1a73b,85a65f1f57cd5918e3529a1210a45ad78cb20cab8a6db637589aecc38e333336,15cd64de2c8ddb012c7001ab2b9d14b9009c3f6c85d26ac718ef884459e419c7,260-123286-0014,260,test-clean,2.98,20260905,negative,0,pitch_plus2,pitch,"{""family"": ""pitch"", ""id"": ""pitch_plus2"", ""semitones"": 2}",0.5,0.5,0.0014681208413094282,0.01250274945050478,0,0001110100000010,0101110110100100,NA,NA,NA,NA,NA,NA,NA,NA,NA,NA: Pitch shifting changes sample phase and content,2.98,47680,0.29512733221054077,0.0,0.0,NA,12.525197002105415,49.18672703206539,ok,,"{""alignment_reason"": ""Pitch shifting changes sample phase and content"", ""clipping_fraction"": 0.0, ""duration_seconds"": 2.98, ""family"": ""pitch"", ""hop_length"": 512, ""id"": ""pitch_plus2"", ""implementation"": ""librosa"", ""input_samples"": 47680, ""n_fft"": 2048, ""output_peak"": 0.29512733221054077, ""output_samples"": 47680, ""pre_limiter_peak"": 0.29512733221054077, ""res_type"": ""soxr_hq"", ""sample_aligned"": false, ""sample_rate"": 16000, ""seed"": 15739210377866307529, ""semitones"": 2}",f616a157e9377d861ddec3315c7ba30aab70a6874e5993cc7b66afd8702e39fa
20260905T233538.930635Z,b4f3de4a4f74b8742b201c9e0941cfe5166082fc,0ea442119cfa4d9f99e7b3b3ca6f55ddcdc1e56bc504ecce6b0481de96d1a73b,85a65f1f57cd5918e3529a1210a45ad78cb20cab8a6db637589aecc38e333336,15cd64de2c8ddb012c7001ab2b9d14b9009c3f6c85d26ac718ef884459e419c7,260-123286-0014,260,test-clean,2.98,20260905,positive,1,stretch_09,stretch,"{""family"": ""stretch"", ""id"": ""stretch_09"", ""rate"": 0.9}",0.5,0.5,0.3073728680610657,0.3142683207988739,0,0001110100000010,0001110100000010,0,1.0,0.0,1,34.57505363912767,0.9962519449120465,NA,NA,NA,NA: Time stretching changes the temporal coordinate,3.311125,52978,0.26742687821388245,0.0,0.0,816.7389329755679,12.32837198767811,86.20322204660624,ok,,"{""alignment_reason"": ""Time stretching changes the temporal coordinate"", ""clipping_fraction"": 0.0, ""duration_seconds"": 3.311125, ""family"": ""stretch"", ""hop_length"": 512, ""id"": ""stretch_09"", ""implementation"": ""librosa"", ""input_samples"": 47680, ""n_fft"": 2048, ""output_peak"": 0.26742687821388245, ""output_samples"": 52978, ""pre_limiter_peak"": 0.26742687821388245, ""rate"": 0.9, ""sample_aligned"": false, ""sample_rate"": 16000, ""seed"": 5167285641164668867}",fc2746b7e89fc9a8fa26b3bff5e3e14915ce24290e7bc7f3d47d995734f22af2
20260905T233538.930635Z,b4f3de4a4f74b8742b201c9e0941cfe5166082fc,0ea442119cfa4d9f99e7b3b3ca6f55ddcdc1e56bc504ecce6b0481de96d1a73b,85a65f1f57cd5918e3529a1210a45ad78cb20cab8a6db637589aecc38e333336,15cd64de2c8ddb012c7001ab2b9d14b9009c3f6c85d26ac718ef884459e419c7,260-123286-0014,260,test-clean,2.98,20260905,negative,0,stretch_09,stretch,"{""family"": ""stretch"", ""id"": ""stretch_09"", ""rate"": 0.9}",0.5,0.5,0.0,0.0022497999016195536,0,0001110100000010,0100110110100100,NA,NA,NA,NA,NA,NA,NA,NA,NA,NA: Time stretching changes the temporal coordinate,3.311125,52978,0.2788723409175873,0.0,0.0,NA,11.965690995566547,46.5658149914816,ok,,"{""alignment_reason"": ""Time stretching changes the temporal coordinate"", ""clipping_fraction"": 0.0, ""duration_seconds"": 3.311125, ""family"": ""stretch"", ""hop_length"": 512, ""id"": ""stretch_09"", ""implementation"": ""librosa"", ""input_samples"": 47680, ""n_fft"": 2048, ""output_peak"": 0.2788723409175873, ""output_samples"": 52978, ""pre_limiter_peak"": 0.2788723409175873, ""rate"": 0.9, ""sample_aligned"": false, ""sample_rate"": 16000, ""seed"": 5167285641164668867}",e87a63613f41957e774124ad56ae9d840d3b5b63b20f204662407e08830de6a7
20260905T233538.930635Z,b4f3de4a4f74b8742b201c9e0941cfe5166082fc,0ea442119cfa4d9f99e7b3b3ca6f55ddcdc1e56bc504ecce6b0481de96d1a73b,85a65f1f57cd5918e3529a1210a45ad78cb20cab8a6db637589aecc38e333336,15cd64de2c8ddb012c7001ab2b9d14b9009c3f6c85d26ac718ef884459e419c7,260-123286-0014,260,test-clean,2.98,20260905,positive,1,stretch_11,stretch,"{""family"": ""stretch"", ""id"": ""stretch_11"", ""rate"": 1.1}",0.5,0.5,0.3255508244037628,0.34963276982307434,0,0001110100000010,0001110100000010,0,1.0,0.0,1,34.57505363912767,0.9962519449120465,NA,NA,NA,NA: Time stretching changes the temporal coordinate,2.7090625,43345,0.2696733772754669,0.0,0.0,816.7389329755679,10.297122993506491,48.8316910341382,ok,,"{""alignment_reason"": ""Time stretching changes the temporal coordinate"", ""clipping_fraction"": 0.0, ""duration_seconds"": 2.7090625, ""family"": ""stretch"", ""hop_length"": 512, ""id"": ""stretch_11"", ""implementation"": ""librosa"", ""input_samples"": 47680, ""n_fft"": 2048, ""output_peak"": 0.2696733772754669, ""output_samples"": 43345, ""pre_limiter_peak"": 0.2696733772754669, ""rate"": 1.1, ""sample_aligned"": false, ""sample_rate"": 16000, ""seed"": 3335205892092665911}",bf395516109bef1fb15b56fc3801d00eaf870bdb36108a381c725b682b6ad53f
20260905T233538.930635Z,b4f3de4a4f74b8742b201c9e0941cfe5166082fc,0ea442119cfa4d9f99e7b3b3ca6f55ddcdc1e56bc504ecce6b0481de96d1a73b,85a65f1f57cd5918e3529a1210a45ad78cb20cab8a6db637589aecc38e333336,15cd64de2c8ddb012c7001ab2b9d14b9009c3f6c85d26ac718ef884459e419c7,260-123286-0014,260,test-clean,2.98,20260905,negative,0,stretch_11,stretch,"{""family"": ""stretch"", ""id"": ""stretch_11"", ""rate"": 1.1}",0.5,0.5,0.0,0.003909511957317591,0,0001110100000010,0100111110100101,NA,NA,NA,NA,NA,NA,NA,NA,NA,NA: Time stretching changes the temporal coordinate,2.7090625,43345,0.37234893441200256,0.0,0.0,NA,10.197262978181243,43.389794998802245,ok,,"{""alignment_reason"": ""Time stretching changes the temporal coordinate"", ""clipping_fraction"": 0.0, ""duration_seconds"": 2.7090625, ""family"": ""stretch"", ""hop_length"": 512, ""id"": ""stretch_11"", ""implementation"": ""librosa"", ""input_samples"": 47680, ""n_fft"": 2048, ""output_peak"": 0.37234893441200256, ""output_samples"": 43345, ""pre_limiter_peak"": 0.37234893441200256, ""rate"": 1.1, ""sample_aligned"": false, ""sample_rate"": 16000, ""seed"": 3335205892092665911}",f27ff2659b44ca25bde1d4b27767b21e2a6d2be51ace8588e01fee692b0f7fec
20260905T233538.930635Z,b4f3de4a4f74b8742b201c9e0941cfe5166082fc,0ea442119cfa4d9f99e7b3b3ca6f55ddcdc1e56bc504ecce6b0481de96d1a73b,85a65f1f57cd5918e3529a1210a45ad78cb20cab8a6db637589aecc38e333336,15cd64de2c8ddb012c7001ab2b9d14b9009c3f6c85d26ac718ef884459e419c7,260-123286-0014,260,test-clean,2.98,20260905,positive,1,crop_10,crop,"{""family"": ""crop"", ""fraction"": 0.1, ""id"": ""crop_10""}",0.5,0.5,1.0,0.9913261532783508,1,0001110100000010,0011110111010010,4,0.75,0.25,0,34.57505363912767,0.9962519449120465,NA,NA,NA,NA: Contiguous crop changes length and may shift time origin,2.682,42912,0.3876681625843048,0.0,0.0,816.7389329755679,0.279983039945364,47.06140898633748,ok,,"{""alignment_reason"": ""Contiguous crop changes length and may shift time origin"", ""clipping_fraction"": 0.0, ""crop_end_sample"": 47434, ""crop_start_sample"": 4522, ""duration_seconds"": 2.682, ""family"": ""crop"", ""fraction"": 0.1, ""id"": ""crop_10"", ""input_samples"": 47680, ""output_peak"": 0.3876681625843048, ""output_samples"": 42912, ""pre_limiter_peak"": 0.3876681625843048, ""removed_fraction_actual"": 0.09999999999999998, ""sample_aligned"": false, ""sample_rate"": 16000, ""seed"": 2144505249211811210}",746d8570f35e1d82fd1ab9fbd7659479badfca8a6ae9a9bc7404813fb447158a
20260905T233538.930635Z,b4f3de4a4f74b8742b201c9e0941cfe5166082fc,0ea442119cfa4d9f99e7b3b3ca6f55ddcdc1e56bc504ecce6b0481de96d1a73b,85a65f1f57cd5918e3529a1210a45ad78cb20cab8a6db637589aecc38e333336,15cd64de2c8ddb012c7001ab2b9d14b9009c3f6c85d26ac718ef884459e419c7,260-123286-0014,260,test-clean,2.98,20260905,negative,0,crop_10,crop,"{""family"": ""crop"", ""fraction"": 0.1, ""id"": ""crop_10""}",0.5,0.5,0.0,0.0024193881545215845,0,0001110100000010,0111111110100100,NA,NA,NA,NA,NA,NA,NA,NA,NA,NA: Contiguous crop changes length and may shift time origin,2.682,42912,0.3868408203125,0.0,0.0,NA,0.2568899653851986,43.925115023739636,ok,,"{""alignment_reason"": ""Contiguous crop changes length and may shift time origin"", ""clipping_fraction"": 0.0, ""crop_end_sample"": 47434, ""crop_start_sample"": 4522, ""duration_seconds"": 2.682, ""family"": ""crop"", ""fraction"": 0.1, ""id"": ""crop_10"", ""input_samples"": 47680, ""output_peak"": 0.3868408203125, ""output_samples"": 42912, ""pre_limiter_peak"": 0.3868408203125, ""removed_fraction_actual"": 0.09999999999999998, ""sample_aligned"": false, ""sample_rate"": 16000, ""seed"": 2144505249211811210}",20904bcbe5f381a8b1916055ee9ec8b84f595fef8dfdb2990375745c816f6bcc
20260905T233538.930635Z,b4f3de4a4f74b8742b201c9e0941cfe5166082fc,0ea442119cfa4d9f99e7b3b3ca6f55ddcdc1e56bc504ecce6b0481de96d1a73b,85a65f1f57cd5918e3529a1210a45ad78cb20cab8a6db637589aecc38e333336,15cd64de2c8ddb012c7001ab2b9d14b9009c3f6c85d26ac718ef884459e419c7,260-123286-0014,260,test-clean,2.98,20260905,positive,1,crop_25,crop,"{""family"": ""crop"", ""fraction"": 0.25, ""id"": ""crop_25""}",0.5,0.5,0.7434843182563782,0.7234751582145691,1,0001110100000010,0101101100010110,5,0.6875,0.3125,0,34.57505363912767,0.9962519449120465,NA,NA,NA,NA: Contiguous crop changes length and may shift time origin,2.235,35760,0.3876681625843048,0.0,0.0,816.7389329755679,0.2698040334507823,41.5319959865883,ok,,"{""alignment_reason"": ""Contiguous crop changes length and may shift time origin"", ""clipping_fraction"": 0.0, ""crop_end_sample"": 47620, ""crop_start_sample"": 11860, ""duration_seconds"": 2.235, ""family"": ""crop"", ""fraction"": 0.25, ""id"": ""crop_25"", ""input_samples"": 47680, ""output_peak"": 0.3876681625843048, ""output_samples"": 35760, ""pre_limiter_peak"": 0.3876681625843048, ""removed_fraction_actual"": 0.25, ""sample_aligned"": false, ""sample_rate"": 16000, ""seed"": 6287323736554425694}",b0751d91063a7064a97dd09bd20983529a58b1b2e5a8f151145138dc917e751b
20260905T233538.930635Z,b4f3de4a4f74b8742b201c9e0941cfe5166082fc,0ea442119cfa4d9f99e7b3b3ca6f55ddcdc1e56bc504ecce6b0481de96d1a73b,85a65f1f57cd5918e3529a1210a45ad78cb20cab8a6db637589aecc38e333336,15cd64de2c8ddb012c7001ab2b9d14b9009c3f6c85d26ac718ef884459e419c7,260-123286-0014,260,test-clean,2.98,20260905,negative,0,crop_25,crop,"{""family"": ""crop"", ""fraction"": 0.25, ""id"": ""crop_25""}",0.5,0.5,0.0,0.005122569855302572,0,0001110100000010,0101111110100100,NA,NA,NA,NA,NA,NA,NA,NA,NA,NA: Contiguous crop changes length and may shift time origin,2.235,35760,0.3868408203125,0.0,0.0,NA,0.3037889255210757,36.89866198692471,ok,,"{""alignment_reason"": ""Contiguous crop changes length and may shift time origin"", ""clipping_fraction"": 0.0, ""crop_end_sample"": 47620, ""crop_start_sample"": 11860, ""duration_seconds"": 2.235, ""family"": ""crop"", ""fraction"": 0.25, ""id"": ""crop_25"", ""input_samples"": 47680, ""output_peak"": 0.3868408203125, ""output_samples"": 35760, ""pre_limiter_peak"": 0.3868408203125, ""removed_fraction_actual"": 0.25, ""sample_aligned"": false, ""sample_rate"": 16000, ""seed"": 6287323736554425694}",903bc15d2540d6988d5093a382a901283100dd94f4f5e3bc2eb3d65a4c028165
20260905T233538.930635Z,b4f3de4a4f74b8742b201c9e0941cfe5166082fc,0ea442119cfa4d9f99e7b3b3ca6f55ddcdc1e56bc504ecce6b0481de96d1a73b,85a65f1f57cd5918e3529a1210a45ad78cb20cab8a6db637589aecc38e333336,15cd64de2c8ddb012c7001ab2b9d14b9009c3f6c85d26ac718ef884459e419c7,7729-102255-0025,7729,test-clean,5.485,20260905,positive,1,clean,clean,"{""family"": ""clean"", ""id"": ""clean""}",0.5,0.5,1.0,0.999993085861206,1,0110010100001110,0110010100001110,0,1.0,0.0,1,30.66049004339626,0.9973407459402237,0.9973407459402237,NA,30.66049004339626,aligned_to_original,5.485,87760,0.4846322536468506,0.0,0.0,1435.4654310736805,0.3659069770947099,128.82507394533604,ok,,"{""clipping_fraction"": 0.0, ""duration_seconds"": 5.485, ""family"": ""clean"", ""id"": ""clean"", ""input_samples"": 87760, ""output_peak"": 0.4846322536468506, ""output_samples"": 87760, ""pre_limiter_peak"": 0.4846322536468506, ""sample_aligned"": true, ""sample_rate"": 16000, ""seed"": 15935347946528104333}",9e8358b74e44a4cf262bf8f669d46b2566f51f33bd4d32d55535250a8ade7f85
20260905T233538.930635Z,b4f3de4a4f74b8742b201c9e0941cfe5166082fc,0ea442119cfa4d9f99e7b3b3ca6f55ddcdc1e56bc504ecce6b0481de96d1a73b,85a65f1f57cd5918e3529a1210a45ad78cb20cab8a6db637589aecc38e333336,15cd64de2c8ddb012c7001ab2b9d14b9009c3f6c85d26ac718ef884459e419c7,7729-102255-0025,7729,test-clean,5.485,20260905,negative,0,clean,clean,"{""family"": ""clean"", ""id"": ""clean""}",0.5,0.5,0.0,0.005435537546873093,0,0110010100001110,0100111110100100,NA,NA,NA,NA,NA,NA,0.9999999999999997,NA,inf,aligned_to_original,5.485,87760,0.485260009765625,0.0,0.0,NA,0.31504000071436167,80.97836002707481,ok,,"{""clipping_fraction"": 0.0, ""duration_seconds"": 5.485, ""family"": ""clean"", ""id"": ""clean"", ""input_samples"": 87760, ""output_peak"": 0.485260009765625, ""output_samples"": 87760, ""pre_limiter_peak"": 0.485260009765625, ""sample_aligned"": true, ""sample_rate"": 16000, ""seed"": 15935347946528104333}",a4f6ffc584df86320d83d5a56b942e041c77bf247b8471ab6b1b345cfb028962
20260905T233538.930635Z,b4f3de4a4f74b8742b201c9e0941cfe5166082fc,0ea442119cfa4d9f99e7b3b3ca6f55ddcdc1e56bc504ecce6b0481de96d1a73b,85a65f1f57cd5918e3529a1210a45ad78cb20cab8a6db637589aecc38e333336,15cd64de2c8ddb012c7001ab2b9d14b9009c3f6c85d26ac718ef884459e419c7,7729-102255-0025,7729,test-clean,5.485,20260905,positive,1,mp3_128,mp3,"{""bitrate_kbps"": 128, ""family"": ""mp3"", ""id"": ""mp3_128""}",0.5,0.5,1.0,0.9999929070472717,1,0110010100001110,0110010100001110,0,1.0,0.0,1,30.66049004339626,0.9973407459402237,NA,NA,NA,NA: MP3 codec delay/alignment not independently verified,5.485,87760,0.46054607629776,0.0,0.0,1435.4654310736805,24.038286064751446,80.79291600733995,ok,,"{""alignment_reason"": ""MP3 codec delay/alignment not independently verified"", ""bitrate_kbps"": 128, ""clipping_fraction"": 0.0, ""codec"": ""libmp3lame"", ""duration_seconds"": 5.485, ""family"": ""mp3"", ""id"": ""mp3_128"", ""input_samples"": 87760, ""output_peak"": 0.46054607629776, ""output_samples"": 87760, ""pre_limiter_peak"": 0.46054607629776, ""sample_aligned"": false, ""sample_rate"": 16000, ""seed"": 5429309631113594936}",7bac0cdb723d3b190b90ad4c1825eed3dff0a2b54a463c7e0f1933fdb8679d66
20260905T233538.930635Z,b4f3de4a4f74b8742b201c9e0941cfe5166082fc,0ea442119cfa4d9f99e7b3b3ca6f55ddcdc1e56bc504ecce6b0481de96d1a73b,85a65f1f57cd5918e3529a1210a45ad78cb20cab8a6db637589aecc38e333336,15cd64de2c8ddb012c7001ab2b9d14b9009c3f6c85d26ac718ef884459e419c7,7729-102255-0025,7729,test-clean,5.485,20260905,negative,0,mp3_128,mp3,"{""bitrate_kbps"": 128, ""family"": ""mp3"", ""id"": ""mp3_128""}",0.5,0.5,0.0,0.005664028227329254,0,0110010100001110,0100111110100100,NA,NA,NA,NA,NA,NA,NA,NA,NA,NA: MP3 codec delay/alignment not independently verified,5.485,87760,0.4607929289340973,0.0,0.0,NA,30.897711985744536,82.92825403623283,ok,,"{""alignment_reason"": ""MP3 codec delay/alignment not independently verified"", ""bitrate_kbps"": 128, ""clipping_fraction"": 0.0, ""codec"": ""libmp3lame"", ""duration_seconds"": 5.485, ""family"": ""mp3"", ""id"": ""mp3_128"", ""input_samples"": 87760, ""output_peak"": 0.4607929289340973, ""output_samples"": 87760, ""pre_limiter_peak"": 0.4607929289340973, ""sample_aligned"": false, ""sample_rate"": 16000, ""seed"": 5429309631113594936}",f5d50368a1402884a479906cad2fd7e8e3836237209da43893712b4bdcd19eca
20260905T233538.930635Z,b4f3de4a4f74b8742b201c9e0941cfe5166082fc,0ea442119cfa4d9f99e7b3b3ca6f55ddcdc1e56bc504ecce6b0481de96d1a73b,85a65f1f57cd5918e3529a1210a45ad78cb20cab8a6db637589aecc38e333336,15cd64de2c8ddb012c7001ab2b9d14b9009c3f6c85d26ac718ef884459e419c7,7729-102255-0025,7729,test-clean,5.485,20260905,positive,1,mp3_64,mp3,"{""bitrate_kbps"": 64, ""family"": ""mp3"", ""id"": ""mp3_64""}",0.5,0.5,1.0,0.9999918937683105,1,0110010100001110,0110010100001110,0,1.0,0.0,1,30.66049004339626,0.9973407459402237,NA,NA,NA,NA: MP3 codec delay/alignment not independently verified,5.485,87760,0.46041929721832275,0.0,0.0,1435.4654310736805,24.53368005808443,81.65725297294557,ok,,"{""alignment_reason"": ""MP3 codec delay/alignment not independently verified"", ""bitrate_kbps"": 64, ""clipping_fraction"": 0.0, ""codec"": ""libmp3lame"", ""duration_seconds"": 5.485, ""family"": ""mp3"", ""id"": ""mp3_64"", ""input_samples"": 87760, ""output_peak"": 0.46041929721832275, ""output_samples"": 87760, ""pre_limiter_peak"": 0.46041929721832275, ""sample_aligned"": false, ""sample_rate"": 16000, ""seed"": 3056741909601718670}",40ab35745a8772e845670a4de979d267094d8d3119451f4914404220d9020ab0
20260905T233538.930635Z,b4f3de4a4f74b8742b201c9e0941cfe5166082fc,0ea442119cfa4d9f99e7b3b3ca6f55ddcdc1e56bc504ecce6b0481de96d1a73b,85a65f1f57cd5918e3529a1210a45ad78cb20cab8a6db637589aecc38e333336,15cd64de2c8ddb012c7001ab2b9d14b9009c3f6c85d26ac718ef884459e419c7,7729-102255-0025,7729,test-clean,5.485,20260905,negative,0,mp3_64,mp3,"{""bitrate_kbps"": 64, ""family"": ""mp3"", ""id"": ""mp3_64""}",0.5,0.5,0.0,0.005252322182059288,0,0110010100001110,1110111110100100,NA,NA,NA,NA,NA,NA,NA,NA,NA,NA: MP3 codec delay/alignment not independently verified,5.485,87760,0.46164581179618835,0.0,0.0,NA,25.04215796943754,81.32894698064774,ok,,"{""alignment_reason"": ""MP3 codec delay/alignment not independently verified"", ""bitrate_kbps"": 64, ""clipping_fraction"": 0.0, ""codec"": ""libmp3lame"", ""duration_seconds"": 5.485, ""family"": ""mp3"", ""id"": ""mp3_64"", ""input_samples"": 87760, ""output_peak"": 0.46164581179618835, ""output_samples"": 87760, ""pre_limiter_peak"": 0.46164581179618835, ""sample_aligned"": false, ""sample_rate"": 16000, ""seed"": 3056741909601718670}",3c1cddba69ca0709b4b87e459505ab43e3613d15c4b2d2ed0edbe8681af05320
20260905T233538.930635Z,b4f3de4a4f74b8742b201c9e0941cfe5166082fc,0ea442119cfa4d9f99e7b3b3ca6f55ddcdc1e56bc504ecce6b0481de96d1a73b,85a65f1f57cd5918e3529a1210a45ad78cb20cab8a6db637589aecc38e333336,15cd64de2c8ddb012c7001ab2b9d14b9009c3f6c85d26ac718ef884459e419c7,7729-102255-0025,7729,test-clean,5.485,20260905,positive,1,noise_30,noise,"{""family"": ""noise"", ""id"": ""noise_30"", ""snr_db"": 30}",0.5,0.5,0.827597975730896,0.8129623532295227,1,0110010100001110,0110010100001110,0,1.0,0.0,1,30.66049004339626,0.9973407459402237,0.9906804535490112,NA,27.327658908896307,aligned_to_original,5.485,87760,0.48651039600372314,0.0,0.0,1435.4654310736805,1.8580290488898754,78.64465308375657,ok,,"{""clipping_fraction"": 0.0, ""duration_seconds"": 5.485, ""family"": ""noise"", ""id"": ""noise_30"", ""input_samples"": 87760, ""noise_snr_db"": 30.00000001134633, ""noise_snr_db_pre_clipping"": 30.0, ""output_peak"": 0.48651039600372314, ""output_samples"": 87760, ""pre_limiter_peak"": 0.4865104002714564, ""sample_aligned"": true, ""sample_rate"": 16000, ""seed"": 2733349090475887670, ""snr_db"": 30}",49b4b736885eb47958aaaa02bd2f25782d8bce28859f1a5494571bbb965e3b93
20260905T233538.930635Z,b4f3de4a4f74b8742b201c9e0941cfe5166082fc,0ea442119cfa4d9f99e7b3b3ca6f55ddcdc1e56bc504ecce6b0481de96d1a73b,85a65f1f57cd5918e3529a1210a45ad78cb20cab8a6db637589aecc38e333336,15cd64de2c8ddb012c7001ab2b9d14b9009c3f6c85d26ac718ef884459e419c7,7729-102255-0025,7729,test-clean,5.485,20260905,negative,0,noise_30,noise,"{""family"": ""noise"", ""id"": ""noise_30"", ""snr_db"": 30}",0.5,0.5,0.0,0.010101341642439365,0,0110010100001110,0101111111110100,NA,NA,NA,NA,NA,NA,0.9935531556612013,NA,29.99999998882181,aligned_to_original,5.485,87760,0.4886157810688019,0.0,0.0,NA,1.8202769570052624,80.7007810799405,ok,,"{""clipping_fraction"": 0.0, ""duration_seconds"": 5.485, ""family"": ""noise"", ""id"": ""noise_30"", ""input_samples"": 87760, ""noise_snr_db"": 29.99999998882181, ""noise_snr_db_pre_clipping"": 30.0, ""output_peak"": 0.4886157810688019, ""output_samples"": 87760, ""pre_limiter_peak"": 0.4886157789848237, ""sample_aligned"": true, ""sample_rate"": 16000, ""seed"": 2733349090475887670, ""snr_db"": 30}",206366d80f7bba270bd4b10817843c259ecc72de82f6f743b1e96c768015dcab
20260905T233538.930635Z,b4f3de4a4f74b8742b201c9e0941cfe5166082fc,0ea442119cfa4d9f99e7b3b3ca6f55ddcdc1e56bc504ecce6b0481de96d1a73b,85a65f1f57cd5918e3529a1210a45ad78cb20cab8a6db637589aecc38e333336,15cd64de2c8ddb012c7001ab2b9d14b9009c3f6c85d26ac718ef884459e419c7,7729-102255-0025,7729,test-clean,5.485,20260905,positive,1,noise_20,noise,"{""family"": ""noise"", ""id"": ""noise_20"", ""snr_db"": 20}",0.5,0.5,0.3019484877586365,0.30937743186950684,0,0110010100001110,0110010100001110,0,1.0,0.0,1,30.66049004339626,0.9973407459402237,0.9582706745222414,NA,19.64503704756823,aligned_to_original,5.485,87760,0.4888499677181244,0.0,0.0,1435.4654310736805,1.8129530362784863,80.86505299434066,ok,,"{""clipping_fraction"": 0.0, ""duration_seconds"": 5.485, ""family"": ""noise"", ""id"": ""noise_20"", ""input_samples"": 87760, ""noise_snr_db"": 20.00000000850193, ""noise_snr_db_pre_clipping"": 20.0, ""output_peak"": 0.4888499677181244, ""output_samples"": 87760, ""pre_limiter_peak"": 0.48884996163823985, ""sample_aligned"": true, ""sample_rate"": 16000, ""seed"": 7706836754179804368, ""snr_db"": 20}",3056fdd0e143749af5ffd0c70850732d923f0f198947f6edd2da85d926c72ee0
20260905T233538.930635Z,b4f3de4a4f74b8742b201c9e0941cfe5166082fc,0ea442119cfa4d9f99e7b3b3ca6f55ddcdc1e56bc504ecce6b0481de96d1a73b,85a65f1f57cd5918e3529a1210a45ad78cb20cab8a6db637589aecc38e333336,15cd64de2c8ddb012c7001ab2b9d14b9009c3f6c85d26ac718ef884459e419c7,7729-102255-0025,7729,test-clean,5.485,20260905,negative,0,noise_20,noise,"{""family"": ""noise"", ""id"": ""noise_20"", ""snr_db"": 20}",0.5,0.5,0.0,0.017673606052994728,0,0110010100001110,0110111010110100,NA,NA,NA,NA,NA,NA,0.9622640716956965,NA,19.999999996446572,aligned_to_original,5.485,87760,0.4908725321292877,0.0,0.0,NA,1.8064311007037759,80.7451750151813,ok,,"{""clipping_fraction"": 0.0, ""duration_seconds"": 5.485, ""family"": ""noise"", ""id"": ""noise_20"", ""input_samples"": 87760, ""noise_snr_db"": 19.999999996446572, ""noise_snr_db_pre_clipping"": 20.0, ""output_peak"": 0.4908725321292877, ""output_samples"": 87760, ""pre_limiter_peak"": 0.4908725351010121, ""sample_aligned"": true, ""sample_rate"": 16000, ""seed"": 7706836754179804368, ""snr_db"": 20}",3bacb90967e80828583b0163f55740ecabf5bba9f54b3d29fe531d3cbb75262a
20260905T233538.930635Z,b4f3de4a4f74b8742b201c9e0941cfe5166082fc,0ea442119cfa4d9f99e7b3b3ca6f55ddcdc1e56bc504ecce6b0481de96d1a73b,85a65f1f57cd5918e3529a1210a45ad78cb20cab8a6db637589aecc38e333336,15cd64de2c8ddb012c7001ab2b9d14b9009c3f6c85d26ac718ef884459e419c7,7729-102255-0025,7729,test-clean,5.485,20260905,positive,1,resample_12000,resample,"{""family"": ""resample"", ""id"": ""resample_12000"", ""intermediate_sr"": 12000}",0.5,0.5,1.0,0.9999929666519165,1,0110010100001110,0110010100001110,0,1.0,0.0,1,30.66049004339626,0.9973407459402237,0.9973407061870884,NA,21.335353584639726,aligned_to_original,5.485,87760,0.48636507987976074,0.0,0.0,1435.4654310736805,2.789344056509435,81.14275301340967,ok,,"{""clipping_fraction"": 0.0, ""duration_seconds"": 5.485, ""family"": ""resample"", ""id"": ""resample_12000"", ""input_samples"": 87760, ""intermediate_sr"": 12000, ""output_peak"": 0.48636507987976074, ""output_samples"": 87760, ""pre_limiter_peak"": 0.48636507987976074, ""resampler"": ""scipy.signal.resample_poly"", ""resampler_window"": [""kaiser"", 5.0], ""sample_aligned"": true, ""sample_rate"": 16000, ""seed"": 8755137279267580927}",a8ab4ec6eadca5058191797d8b840b8c61a2fc906121e36f01bd00791cb83af2
20260905T233538.930635Z,b4f3de4a4f74b8742b201c9e0941cfe5166082fc,0ea442119cfa4d9f99e7b3b3ca6f55ddcdc1e56bc504ecce6b0481de96d1a73b,85a65f1f57cd5918e3529a1210a45ad78cb20cab8a6db637589aecc38e333336,15cd64de2c8ddb012c7001ab2b9d14b9009c3f6c85d26ac718ef884459e419c7,7729-102255-0025,7729,test-clean,5.485,20260905,negative,0,resample_12000,resample,"{""family"": ""resample"", ""id"": ""resample_12000"", ""intermediate_sr"": 12000}",0.5,0.5,0.0,0.005081296898424625,0,0110010100001110,0100111110100100,NA,NA,NA,NA,NA,NA,0.9999995553120278,NA,21.874882651598604,aligned_to_original,5.485,87760,0.4869929254055023,0.0,0.0,NA,2.7898340485990047,80.75551490765065,ok,,"{""clipping_fraction"": 0.0, ""duration_seconds"": 5.485, ""family"": ""resample"", ""id"": ""resample_12000"", ""input_samples"": 87760, ""intermediate_sr"": 12000, ""output_peak"": 0.4869929254055023, ""output_samples"": 87760, ""pre_limiter_peak"": 0.4869929254055023, ""resampler"": ""scipy.signal.resample_poly"", ""resampler_window"": [""kaiser"", 5.0], ""sample_aligned"": true, ""sample_rate"": 16000, ""seed"": 8755137279267580927}",abe35e931f99de0fe2e6833da9931698bae9ce62469b3ca29179fa8a2dd912bd
20260905T233538.930635Z,b4f3de4a4f74b8742b201c9e0941cfe5166082fc,0ea442119cfa4d9f99e7b3b3ca6f55ddcdc1e56bc504ecce6b0481de96d1a73b,85a65f1f57cd5918e3529a1210a45ad78cb20cab8a6db637589aecc38e333336,15cd64de2c8ddb012c7001ab2b9d14b9009c3f6c85d26ac718ef884459e419c7,7729-102255-0025,7729,test-clean,5.485,20260905,positive,1,resample_8000,resample,"{""family"": ""resample"", ""id"": ""resample_8000"", ""intermediate_sr"": 8000}",0.5,0.5,1.0,0.9999929666519165,1,0110010100001110,0110010100001110,0,1.0,0.0,1,30.66049004339626,0.9973407459402237,0.9968254221517513,NA,16.626061428898755,aligned_to_original,5.485,87760,0.4819349944591522,0.0,0.0,1435.4654310736805,2.7793439803645015,80.95753996167332,ok,,"{""clipping_fraction"": 0.0, ""duration_seconds"": 5.485, ""family"": ""resample"", ""id"": ""resample_8000"", ""input_samples"": 87760, ""intermediate_sr"": 8000, ""output_peak"": 0.4819349944591522, ""output_samples"": 87760, ""pre_limiter_peak"": 0.4819349944591522, ""resampler"": ""scipy.signal.resample_poly"", ""resampler_window"": [""kaiser"", 5.0], ""sample_aligned"": true, ""sample_rate"": 16000, ""seed"": 14278431584313014929}",99b899e43197f23d72034dc9b9ceac15d0827ad8ae8d16d611f5156f7c30d68c
20260905T233538.930635Z,b4f3de4a4f74b8742b201c9e0941cfe5166082fc,0ea442119cfa4d9f99e7b3b3ca6f55ddcdc1e56bc504ecce6b0481de96d1a73b,85a65f1f57cd5918e3529a1210a45ad78cb20cab8a6db637589aecc38e333336,15cd64de2c8ddb012c7001ab2b9d14b9009c3f6c85d26ac718ef884459e419c7,7729-102255-0025,7729,test-clean,5.485,20260905,negative,0,resample_8000,resample,"{""family"": ""resample"", ""id"": ""resample_8000"", ""intermediate_sr"": 8000}",0.5,0.5,0.0,0.003837961470708251,0,0110010100001110,0110111110100100,NA,NA,NA,NA,NA,NA,0.9994863261485513,NA,16.801303441882002,aligned_to_original,5.485,87760,0.48256155848503113,0.0,0.0,NA,2.7591459220275283,80.83481597714126,ok,,"{""clipping_fraction"": 0.0, ""duration_seconds"": 5.485, ""family"": ""resample"", ""id"": ""resample_8000"", ""input_samples"": 87760, ""intermediate_sr"": 8000, ""output_peak"": 0.48256155848503113, ""output_samples"": 87760, ""pre_limiter_peak"": 0.48256155848503113, ""resampler"": ""scipy.signal.resample_poly"", ""resampler_window"": [""kaiser"", 5.0], ""sample_aligned"": true, ""sample_rate"": 16000, ""seed"": 14278431584313014929}",930f3cb3bd995fefefa2601f9413a9f1df6713b79cb2b6ece026b311c10b3bcf
20260905T233538.930635Z,b4f3de4a4f74b8742b201c9e0941cfe5166082fc,0ea442119cfa4d9f99e7b3b3ca6f55ddcdc1e56bc504ecce6b0481de96d1a73b,85a65f1f57cd5918e3529a1210a45ad78cb20cab8a6db637589aecc38e333336,15cd64de2c8ddb012c7001ab2b9d14b9009c3f6c85d26ac718ef884459e419c7,7729-102255-0025,7729,test-clean,5.485,20260905,positive,1,pitch_minus2,pitch,"{""family"": ""pitch"", ""id"": ""pitch_minus2"", ""semitones"": -2}",0.5,0.5,0.0,0.010076981037855148,0,0110010100001110,0100110110100101,7,0.5625,0.4375,0,30.66049004339626,0.9973407459402237,NA,NA,NA,NA: Pitch shifting changes sample phase and content,5.485,87760,0.2992275059223175,0.0,0.0,1435.4654310736805,19.35969397891313,80.80192294437438,ok,,"{""alignment_reason"": ""Pitch shifting changes sample phase and content"", ""clipping_fraction"": 0.0, ""duration_seconds"": 5.485, ""family"": ""pitch"", ""hop_length"": 512, ""id"": ""pitch_minus2"", ""implementation"": ""librosa"", ""input_samples"": 87760, ""n_fft"": 2048, ""output_peak"": 0.2992275059223175, ""output_samples"": 87760, ""pre_limiter_peak"": 0.2992275059223175, ""res_type"": ""soxr_hq"", ""sample_aligned"": false, ""sample_rate"": 16000, ""seed"": 14457615891859236645, ""semitones"": -2}",59d6669d42bdc325dd1dbc99c2d7479963c9a0f4eee7826a945a61226d63445c
20260905T233538.930635Z,b4f3de4a4f74b8742b201c9e0941cfe5166082fc,0ea442119cfa4d9f99e7b3b3ca6f55ddcdc1e56bc504ecce6b0481de96d1a73b,85a65f1f57cd5918e3529a1210a45ad78cb20cab8a6db637589aecc38e333336,15cd64de2c8ddb012c7001ab2b9d14b9009c3f6c85d26ac718ef884459e419c7,7729-102255-0025,7729,test-clean,5.485,20260905,negative,0,pitch_minus2,pitch,"{""family"": ""pitch"", ""id"": ""pitch_minus2"", ""semitones"": -2}",0.5,0.5,0.01146308146417141,0.05295959487557411,0,0110010100001110,0011111110100101,NA,NA,NA,NA,NA,NA,NA,NA,NA,NA: Pitch shifting changes sample phase and content,5.485,87760,0.32314661145210266,0.0,0.0,NA,19.635971053503454,81.9317540153861,ok,,"{""alignment_reason"": ""Pitch shifting changes sample phase and content"", ""clipping_fraction"": 0.0, ""duration_seconds"": 5.485, ""family"": ""pitch"", ""hop_length"": 512, ""id"": ""pitch_minus2"", ""implementation"": ""librosa"", ""input_samples"": 87760, ""n_fft"": 2048, ""output_peak"": 0.32314661145210266, ""output_samples"": 87760, ""pre_limiter_peak"": 0.32314661145210266, ""res_type"": ""soxr_hq"", ""sample_aligned"": false, ""sample_rate"": 16000, ""seed"": 14457615891859236645, ""semitones"": -2}",93d695b79ac18ad2499410d7b8f8988d1a9d56ef27f2af8e49157fe0092ed92c
20260905T233538.930635Z,b4f3de4a4f74b8742b201c9e0941cfe5166082fc,0ea442119cfa4d9f99e7b3b3ca6f55ddcdc1e56bc504ecce6b0481de96d1a73b,85a65f1f57cd5918e3529a1210a45ad78cb20cab8a6db637589aecc38e333336,15cd64de2c8ddb012c7001ab2b9d14b9009c3f6c85d26ac718ef884459e419c7,7729-102255-0025,7729,test-clean,5.485,20260905,positive,1,pitch_plus2,pitch,"{""family"": ""pitch"", ""id"": ""pitch_plus2"", ""semitones"": 2}",0.5,0.5,0.02969462238252163,0.0469062514603138,0,0110010100001110,0101111110100000,9,0.4375,0.5625,0,30.66049004339626,0.9973407459402237,NA,NA,NA,NA: Pitch shifting changes sample phase and content,5.485,87760,0.26123765110969543,0.0,0.0,1435.4654310736805,23.069832008332014,81.1507070902735,ok,,"{""alignment_reason"": ""Pitch shifting changes sample phase and content"", ""clipping_fraction"": 0.0, ""duration_seconds"": 5.485, ""family"": ""pitch"", ""hop_length"": 512, ""id"": ""pitch_plus2"", ""implementation"": ""librosa"", ""input_samples"": 87760, ""n_fft"": 2048, ""output_peak"": 0.26123765110969543, ""output_samples"": 87760, ""pre_limiter_peak"": 0.26123765110969543, ""res_type"": ""soxr_hq"", ""sample_aligned"": false, ""sample_rate"": 16000, ""seed"": 17649311395266359610, ""semitones"": 2}",0f336b55fdbf8265a10b45fed8434f5acd67b7118ac56bb3d9b9fa2010e04fcc
20260905T233538.930635Z,b4f3de4a4f74b8742b201c9e0941cfe5166082fc,0ea442119cfa4d9f99e7b3b3ca6f55ddcdc1e56bc504ecce6b0481de96d1a73b,85a65f1f57cd5918e3529a1210a45ad78cb20cab8a6db637589aecc38e333336,15cd64de2c8ddb012c7001ab2b9d14b9009c3f6c85d26ac718ef884459e419c7,7729-102255-0025,7729,test-clean,5.485,20260905,negative,0,pitch_plus2,pitch,"{""family"": ""pitch"", ""id"": ""pitch_plus2"", ""semitones"": 2}",0.5,0.5,0.0,0.014718866907060146,0,0110010100001110,0101110110100100,NA,NA,NA,NA,NA,NA,NA,NA,NA,NA: Pitch shifting changes sample phase and content,5.485,87760,0.3310520350933075,0.0,0.0,NA,22.358405985869467,78.97909102030098,ok,,"{""alignment_reason"": ""Pitch shifting changes sample phase and content"", ""clipping_fraction"": 0.0, ""duration_seconds"": 5.485, ""family"": ""pitch"", ""hop_length"": 512, ""id"": ""pitch_plus2"", ""implementation"": ""librosa"", ""input_samples"": 87760, ""n_fft"": 2048, ""output_peak"": 0.3310520350933075, ""output_samples"": 87760, ""pre_limiter_peak"": 0.3310520350933075, ""res_type"": ""soxr_hq"", ""sample_aligned"": false, ""sample_rate"": 16000, ""seed"": 17649311395266359610, ""semitones"": 2}",d75699a969c1752be858ab62f4ab3dd9a28298ed71c27ed9b55fb970f4f2d38a
20260905T233538.930635Z,b4f3de4a4f74b8742b201c9e0941cfe5166082fc,0ea442119cfa4d9f99e7b3b3ca6f55ddcdc1e56bc504ecce6b0481de96d1a73b,85a65f1f57cd5918e3529a1210a45ad78cb20cab8a6db637589aecc38e333336,15cd64de2c8ddb012c7001ab2b9d14b9009c3f6c85d26ac718ef884459e419c7,7729-102255-0025,7729,test-clean,5.485,20260905,positive,1,stretch_09,stretch,"{""family"": ""stretch"", ""id"": ""stretch_09"", ""rate"": 0.9}",0.5,0.5,0.5962814688682556,0.5916725993156433,1,0110010100001110,0110011100001110,1,0.9375,0.0625,0,30.66049004339626,0.9973407459402237,NA,NA,NA,NA: Time stretching changes the temporal coordinate,6.0944375,97511,0.31463122367858887,0.0,0.0,1435.4654310736805,21.180261974222958,142.7276509348303,ok,,"{""alignment_reason"": ""Time stretching changes the temporal coordinate"", ""clipping_fraction"": 0.0, ""duration_seconds"": 6.0944375, ""family"": ""stretch"", ""hop_length"": 512, ""id"": ""stretch_09"", ""implementation"": ""librosa"", ""input_samples"": 87760, ""n_fft"": 2048, ""output_peak"": 0.31463122367858887, ""output_samples"": 97511, ""pre_limiter_peak"": 0.31463122367858887, ""rate"": 0.9, ""sample_aligned"": false, ""sample_rate"": 16000, ""seed"": 7281984076282151594}",2f626e9428203c3955c0983c26a1f46029afccb6b348061aa97007f7c47e2b23
20260905T233538.930635Z,b4f3de4a4f74b8742b201c9e0941cfe5166082fc,0ea442119cfa4d9f99e7b3b3ca6f55ddcdc1e56bc504ecce6b0481de96d1a73b,85a65f1f57cd5918e3529a1210a45ad78cb20cab8a6db637589aecc38e333336,15cd64de2c8ddb012c7001ab2b9d14b9009c3f6c85d26ac718ef884459e419c7,7729-102255-0025,7729,test-clean,5.485,20260905,negative,0,stretch_09,stretch,"{""family"": ""stretch"", ""id"": ""stretch_09"", ""rate"": 0.9}",0.5,0.5,0.0,0.004668190609663725,0,0110010100001110,0100111110100100,NA,NA,NA,NA,NA,NA,NA,NA,NA,NA: Time stretching changes the temporal coordinate,6.0944375,97511,0.38349154591560364,0.0,0.0,NA,20.835957024246454,84.70558701083064,ok,,"{""alignment_reason"": ""Time stretching changes the temporal coordinate"", ""clipping_fraction"": 0.0, ""duration_seconds"": 6.0944375, ""family"": ""stretch"", ""hop_length"": 512, ""id"": ""stretch_09"", ""implementation"": ""librosa"", ""input_samples"": 87760, ""n_fft"": 2048, ""output_peak"": 0.38349154591560364, ""output_samples"": 97511, ""pre_limiter_peak"": 0.38349154591560364, ""rate"": 0.9, ""sample_aligned"": false, ""sample_rate"": 16000, ""seed"": 7281984076282151594}",dcfe9bf02fb5598430918e2d016c1374324251f76c6f946a726031451e3c68ad
20260905T233538.930635Z,b4f3de4a4f74b8742b201c9e0941cfe5166082fc,0ea442119cfa4d9f99e7b3b3ca6f55ddcdc1e56bc504ecce6b0481de96d1a73b,85a65f1f57cd5918e3529a1210a45ad78cb20cab8a6db637589aecc38e333336,15cd64de2c8ddb012c7001ab2b9d14b9009c3f6c85d26ac718ef884459e419c7,7729-102255-0025,7729,test-clean,5.485,20260905,positive,1,stretch_11,stretch,"{""family"": ""stretch"", ""id"": ""stretch_11"", ""rate"": 1.1}",0.5,0.5,0.3634403645992279,0.36070141196250916,0,0110010100001110,0110010100001110,0,1.0,0.0,1,30.66049004339626,0.9973407459402237,NA,NA,NA,NA: Time stretching changes the temporal coordinate,4.986375,79782,0.3310050368309021,0.0,0.0,1435.4654310736805,17.593470052815974,121.29013007506728,ok,,"{""alignment_reason"": ""Time stretching changes the temporal coordinate"", ""clipping_fraction"": 0.0, ""duration_seconds"": 4.986375, ""family"": ""stretch"", ""hop_length"": 512, ""id"": ""stretch_11"", ""implementation"": ""librosa"", ""input_samples"": 87760, ""n_fft"": 2048, ""output_peak"": 0.3310050368309021, ""output_samples"": 79782, ""pre_limiter_peak"": 0.3310050368309021, ""rate"": 1.1, ""sample_aligned"": false, ""sample_rate"": 16000, ""seed"": 1445994158471437823}",ac3d716db2900cdc01863a4d52109cfb50d22778246f3bf4ff4870aeb650bd08
20260905T233538.930635Z,b4f3de4a4f74b8742b201c9e0941cfe5166082fc,0ea442119cfa4d9f99e7b3b3ca6f55ddcdc1e56bc504ecce6b0481de96d1a73b,85a65f1f57cd5918e3529a1210a45ad78cb20cab8a6db637589aecc38e333336,15cd64de2c8ddb012c7001ab2b9d14b9009c3f6c85d26ac718ef884459e419c7,7729-102255-0025,7729,test-clean,5.485,20260905,negative,0,stretch_11,stretch,"{""family"": ""stretch"", ""id"": ""stretch_11"", ""rate"": 1.1}",0.5,0.5,0.018161991611123085,0.0404394268989563,0,0110010100001110,0110110110100101,NA,NA,NA,NA,NA,NA,NA,NA,NA,NA: Time stretching changes the temporal coordinate,4.986375,79782,0.3360556662082672,0.0,0.0,NA,17.82689499668777,69.54996997956187,ok,,"{""alignment_reason"": ""Time stretching changes the temporal coordinate"", ""clipping_fraction"": 0.0, ""duration_seconds"": 4.986375, ""family"": ""stretch"", ""hop_length"": 512, ""id"": ""stretch_11"", ""implementation"": ""librosa"", ""input_samples"": 87760, ""n_fft"": 2048, ""output_peak"": 0.3360556662082672, ""output_samples"": 79782, ""pre_limiter_peak"": 0.3360556662082672, ""rate"": 1.1, ""sample_aligned"": false, ""sample_rate"": 16000, ""seed"": 1445994158471437823}",d16bfad38f26846d2d621e9a7416b87cd47cbb475ac0fcb9d1147fb452744050
20260905T233538.930635Z,b4f3de4a4f74b8742b201c9e0941cfe5166082fc,0ea442119cfa4d9f99e7b3b3ca6f55ddcdc1e56bc504ecce6b0481de96d1a73b,85a65f1f57cd5918e3529a1210a45ad78cb20cab8a6db637589aecc38e333336,15cd64de2c8ddb012c7001ab2b9d14b9009c3f6c85d26ac718ef884459e419c7,7729-102255-0025,7729,test-clean,5.485,20260905,positive,1,crop_10,crop,"{""family"": ""crop"", ""fraction"": 0.1, ""id"": ""crop_10""}",0.5,0.5,0.976121723651886,0.9769654870033264,1,0110010100001110,0110010101001110,1,0.9375,0.0625,0,30.66049004339626,0.9973407459402237,NA,NA,NA,NA: Contiguous crop changes length and may shift time origin,4.9365,78984,0.47916489839553833,0.0,0.0,1435.4654310736805,0.38991309702396393,85.27982200030237,ok,,"{""alignment_reason"": ""Contiguous crop changes length and may shift time origin"", ""clipping_fraction"": 0.0, ""crop_end_sample"": 85475, ""crop_start_sample"": 6491, ""duration_seconds"": 4.9365, ""family"": ""crop"", ""fraction"": 0.1, ""id"": ""crop_10"", ""input_samples"": 87760, ""output_peak"": 0.47916489839553833, ""output_samples"": 78984, ""pre_limiter_peak"": 0.47916489839553833, ""removed_fraction_actual"": 0.09999999999999998, ""sample_aligned"": false, ""sample_rate"": 16000, ""seed"": 5231046399824261635}",2067f48b4d9a05a74b3828229ca654446276877453e17c8223129964b14314ef
20260905T233538.930635Z,b4f3de4a4f74b8742b201c9e0941cfe5166082fc,0ea442119cfa4d9f99e7b3b3ca6f55ddcdc1e56bc504ecce6b0481de96d1a73b,85a65f1f57cd5918e3529a1210a45ad78cb20cab8a6db637589aecc38e333336,15cd64de2c8ddb012c7001ab2b9d14b9009c3f6c85d26ac718ef884459e419c7,7729-102255-0025,7729,test-clean,5.485,20260905,negative,0,crop_10,crop,"{""family"": ""crop"", ""fraction"": 0.1, ""id"": ""crop_10""}",0.5,0.5,0.0,0.0065877484157681465,0,0110010100001110,0110110110100101,NA,NA,NA,NA,NA,NA,NA,NA,NA,NA: Contiguous crop changes length and may shift time origin,4.9365,78984,0.47857666015625,0.0,0.0,NA,0.38060499355196953,67.28918594308197,ok,,"{""alignment_reason"": ""Contiguous crop changes length and may shift time origin"", ""clipping_fraction"": 0.0, ""crop_end_sample"": 85475, ""crop_start_sample"": 6491, ""duration_seconds"": 4.9365, ""family"": ""crop"", ""fraction"": 0.1, ""id"": ""crop_10"", ""input_samples"": 87760, ""output_peak"": 0.47857666015625, ""output_samples"": 78984, ""pre_limiter_peak"": 0.47857666015625, ""removed_fraction_actual"": 0.09999999999999998, ""sample_aligned"": false, ""sample_rate"": 16000, ""seed"": 5231046399824261635}",7f60de4e4dcdc799b2b1704db2c7fc2be4cfe145e65777d87605a955254ad139
20260905T233538.930635Z,b4f3de4a4f74b8742b201c9e0941cfe5166082fc,0ea442119cfa4d9f99e7b3b3ca6f55ddcdc1e56bc504ecce6b0481de96d1a73b,85a65f1f57cd5918e3529a1210a45ad78cb20cab8a6db637589aecc38e333336,15cd64de2c8ddb012c7001ab2b9d14b9009c3f6c85d26ac718ef884459e419c7,7729-102255-0025,7729,test-clean,5.485,20260905,positive,1,crop_25,crop,"{""family"": ""crop"", ""fraction"": 0.25, ""id"": ""crop_25""}",0.5,0.5,0.0,0.005509329028427601,0,0110010100001110,0100010110110101,7,0.5625,0.4375,0,30.66049004339626,0.9973407459402237,NA,NA,NA,NA: Contiguous crop changes length and may shift time origin,4.11375,65820,0.4028542637825012,0.0,0.0,1435.4654310736805,0.35518594086170197,101.34929895866662,ok,,"{""alignment_reason"": ""Contiguous crop changes length and may shift time origin"", ""clipping_fraction"": 0.0, ""crop_end_sample"": 84141, ""crop_start_sample"": 18321, ""duration_seconds"": 4.11375, ""family"": ""crop"", ""fraction"": 0.25, ""id"": ""crop_25"", ""input_samples"": 87760, ""output_peak"": 0.4028542637825012, ""output_samples"": 65820, ""pre_limiter_peak"": 0.4028542637825012, ""removed_fraction_actual"": 0.25, ""sample_aligned"": false, ""sample_rate"": 16000, ""seed"": 14722433927518290309}",9de2ed8c8445d545a41ec7fa2c97c37bebc866dbca426ad0e5b75f34b5ab175f
20260905T233538.930635Z,b4f3de4a4f74b8742b201c9e0941cfe5166082fc,0ea442119cfa4d9f99e7b3b3ca6f55ddcdc1e56bc504ecce6b0481de96d1a73b,85a65f1f57cd5918e3529a1210a45ad78cb20cab8a6db637589aecc38e333336,15cd64de2c8ddb012c7001ab2b9d14b9009c3f6c85d26ac718ef884459e419c7,7729-102255-0025,7729,test-clean,5.485,20260905,negative,0,crop_25,crop,"{""family"": ""crop"", ""fraction"": 0.25, ""id"": ""crop_25""}",0.5,0.5,0.0,0.009270869195461273,0,0110010100001110,0100110110000100,NA,NA,NA,NA,NA,NA,NA,NA,NA,NA: Contiguous crop changes length and may shift time origin,4.11375,65820,0.402313232421875,0.0,0.0,NA,0.35577802918851376,53.86744998395443,ok,,"{""alignment_reason"": ""Contiguous crop changes length and may shift time origin"", ""clipping_fraction"": 0.0, ""crop_end_sample"": 84141, ""crop_start_sample"": 18321, ""duration_seconds"": 4.11375, ""family"": ""crop"", ""fraction"": 0.25, ""id"": ""crop_25"", ""input_samples"": 87760, ""output_peak"": 0.402313232421875, ""output_samples"": 65820, ""pre_limiter_peak"": 0.402313232421875, ""removed_fraction_actual"": 0.25, ""sample_aligned"": false, ""sample_rate"": 16000, ""seed"": 14722433927518290309}",17ffb74265abff4df1cc7ea9b647df537f7be8593242a1096aff2128098e8803
20260905T233538.930635Z,b4f3de4a4f74b8742b201c9e0941cfe5166082fc,0ea442119cfa4d9f99e7b3b3ca6f55ddcdc1e56bc504ecce6b0481de96d1a73b,85a65f1f57cd5918e3529a1210a45ad78cb20cab8a6db637589aecc38e333336,15cd64de2c8ddb012c7001ab2b9d14b9009c3f6c85d26ac718ef884459e419c7,8224-274384-0009,8224,test-clean,4.805,20260905,positive,1,clean,clean,"{""family"": ""clean"", ""id"": ""clean""}",0.5,0.5,1.0,0.9999929070472717,1,0111011000011010,0111011000011010,0,1.0,0.0,1,29.562760010147535,0.9983693058186327,0.9983693058186327,NA,29.562760010147535,aligned_to_original,4.805,76880,0.3763039708137512,0.0,0.0,5213.323727948591,0.33438706304877996,114.5739839412272,ok,,"{""clipping_fraction"": 0.0, ""duration_seconds"": 4.805, ""family"": ""clean"", ""id"": ""clean"", ""input_samples"": 76880, ""output_peak"": 0.3763039708137512, ""output_samples"": 76880, ""pre_limiter_peak"": 0.3763039708137512, ""sample_aligned"": true, ""sample_rate"": 16000, ""seed"": 3172195404169534521}",bbc6ac7455277e99284f0fa0336024b7288767906831b9eb95a3a51f291118fc
20260905T233538.930635Z,b4f3de4a4f74b8742b201c9e0941cfe5166082fc,0ea442119cfa4d9f99e7b3b3ca6f55ddcdc1e56bc504ecce6b0481de96d1a73b,85a65f1f57cd5918e3529a1210a45ad78cb20cab8a6db637589aecc38e333336,15cd64de2c8ddb012c7001ab2b9d14b9009c3f6c85d26ac718ef884459e419c7,8224-274384-0009,8224,test-clean,4.805,20260905,negative,0,clean,clean,"{""family"": ""clean"", ""id"": ""clean""}",0.5,0.5,0.012057752348482609,0.022576406598091125,0,0111011000011010,0101100111110100,NA,NA,NA,NA,NA,NA,1.0,NA,inf,aligned_to_original,4.805,76880,0.379119873046875,0.0,0.0,NA,0.2917560050264001,64.96600806713104,ok,,"{""clipping_fraction"": 0.0, ""duration_seconds"": 4.805, ""family"": ""clean"", ""id"": ""clean"", ""input_samples"": 76880, ""output_peak"": 0.379119873046875, ""output_samples"": 76880, ""pre_limiter_peak"": 0.379119873046875, ""sample_aligned"": true, ""sample_rate"": 16000, ""seed"": 3172195404169534521}",d01b265e41fd6fdbf550736b7eba949364a5a9fe6d31b2901e9566c26f09fdc8
20260905T233538.930635Z,b4f3de4a4f74b8742b201c9e0941cfe5166082fc,0ea442119cfa4d9f99e7b3b3ca6f55ddcdc1e56bc504ecce6b0481de96d1a73b,85a65f1f57cd5918e3529a1210a45ad78cb20cab8a6db637589aecc38e333336,15cd64de2c8ddb012c7001ab2b9d14b9009c3f6c85d26ac718ef884459e419c7,8224-274384-0009,8224,test-clean,4.805,20260905,positive,1,mp3_128,mp3,"{""bitrate_kbps"": 128, ""family"": ""mp3"", ""id"": ""mp3_128""}",0.5,0.5,1.0,0.9999927878379822,1,0111011000011010,0111011000011010,0,1.0,0.0,1,29.562760010147535,0.9983693058186327,NA,NA,NA,NA: MP3 codec delay/alignment not independently verified,4.805,76880,0.35802146792411804,0.0,0.0,5213.323727948591,22.029828978702426,65.91914303135127,ok,,"{""alignment_reason"": ""MP3 codec delay/alignment not independently verified"", ""bitrate_kbps"": 128, ""clipping_fraction"": 0.0, ""codec"": ""libmp3lame"", ""duration_seconds"": 4.805, ""family"": ""mp3"", ""id"": ""mp3_128"", ""input_samples"": 76880, ""output_peak"": 0.35802146792411804, ""output_samples"": 76880, ""pre_limiter_peak"": 0.35802146792411804, ""sample_aligned"": false, ""sample_rate"": 16000, ""seed"": 5411590080826003110}",40f221b9e69022fc281ac1d70b7e891a4320b7f972fce1d589e73d77fb9c91c9
20260905T233538.930635Z,b4f3de4a4f74b8742b201c9e0941cfe5166082fc,0ea442119cfa4d9f99e7b3b3ca6f55ddcdc1e56bc504ecce6b0481de96d1a73b,85a65f1f57cd5918e3529a1210a45ad78cb20cab8a6db637589aecc38e333336,15cd64de2c8ddb012c7001ab2b9d14b9009c3f6c85d26ac718ef884459e419c7,8224-274384-0009,8224,test-clean,4.805,20260905,negative,0,mp3_128,mp3,"{""bitrate_kbps"": 128, ""family"": ""mp3"", ""id"": ""mp3_128""}",0.5,0.5,0.015543704852461815,0.03241214156150818,0,0111011000011010,0101100111110100,NA,NA,NA,NA,NA,NA,NA,NA,NA,NA: MP3 codec delay/alignment not independently verified,4.805,76880,0.3604416251182556,0.0,0.0,NA,21.12597704399377,68.0188819533214,ok,,"{""alignment_reason"": ""MP3 codec delay/alignment not independently verified"", ""bitrate_kbps"": 128, ""clipping_fraction"": 0.0, ""codec"": ""libmp3lame"", ""duration_seconds"": 4.805, ""family"": ""mp3"", ""id"": ""mp3_128"", ""input_samples"": 76880, ""output_peak"": 0.3604416251182556, ""output_samples"": 76880, ""pre_limiter_peak"": 0.3604416251182556, ""sample_aligned"": false, ""sample_rate"": 16000, ""seed"": 5411590080826003110}",32832bcb92f0c5726d0211ff5819e7b8282809a0ec32fd9b0d101c52242a1e9a
20260905T233538.930635Z,b4f3de4a4f74b8742b201c9e0941cfe5166082fc,0ea442119cfa4d9f99e7b3b3ca6f55ddcdc1e56bc504ecce6b0481de96d1a73b,85a65f1f57cd5918e3529a1210a45ad78cb20cab8a6db637589aecc38e333336,15cd64de2c8ddb012c7001ab2b9d14b9009c3f6c85d26ac718ef884459e419c7,8224-274384-0009,8224,test-clean,4.805,20260905,positive,1,mp3_64,mp3,"{""bitrate_kbps"": 64, ""family"": ""mp3"", ""id"": ""mp3_64""}",0.5,0.5,1.0,0.9999910593032837,1,0111011000011010,0111011000011010,0,1.0,0.0,1,29.562760010147535,0.9983693058186327,NA,NA,NA,NA: MP3 codec delay/alignment not independently verified,4.805,76880,0.3574220538139343,0.0,0.0,5213.323727948591,22.827569977380335,66.19843502994627,ok,,"{""alignment_reason"": ""MP3 codec delay/alignment not independently verified"", ""bitrate_kbps"": 64, ""clipping_fraction"": 0.0, ""codec"": ""libmp3lame"", ""duration_seconds"": 4.805, ""family"": ""mp3"", ""id"": ""mp3_64"", ""input_samples"": 76880, ""output_peak"": 0.3574220538139343, ""output_samples"": 76880, ""pre_limiter_peak"": 0.3574220538139343, ""sample_aligned"": false, ""sample_rate"": 16000, ""seed"": 16071685859915873074}",6e12efcadf3c57f5fe225a65763f4e4a85c19567c8482eb30551ffd1a814a939
20260905T233538.930635Z,b4f3de4a4f74b8742b201c9e0941cfe5166082fc,0ea442119cfa4d9f99e7b3b3ca6f55ddcdc1e56bc504ecce6b0481de96d1a73b,85a65f1f57cd5918e3529a1210a45ad78cb20cab8a6db637589aecc38e333336,15cd64de2c8ddb012c7001ab2b9d14b9009c3f6c85d26ac718ef884459e419c7,8224-274384-0009,8224,test-clean,4.805,20260905,negative,0,mp3_64,mp3,"{""bitrate_kbps"": 64, ""family"": ""mp3"", ""id"": ""mp3_64""}",0.5,0.5,0.01572580635547638,0.03969472646713257,0,0111011000011010,0101100111110100,NA,NA,NA,NA,NA,NA,NA,NA,NA,NA: MP3 codec delay/alignment not independently verified,4.805,76880,0.35997650027275085,0.0,0.0,NA,26.74252598080784,64.52864408493042,ok,,"{""alignment_reason"": ""MP3 codec delay/alignment not independently verified"", ""bitrate_kbps"": 64, ""clipping_fraction"": 0.0, ""codec"": ""libmp3lame"", ""duration_seconds"": 4.805, ""family"": ""mp3"", ""id"": ""mp3_64"", ""input_samples"": 76880, ""output_peak"": 0.35997650027275085, ""output_samples"": 76880, ""pre_limiter_peak"": 0.35997650027275085, ""sample_aligned"": false, ""sample_rate"": 16000, ""seed"": 16071685859915873074}",c7fc0c27b23439dfa1b47e7f8bef6458350c8e12f8cfaf0a099d96b25c71e3a8
20260905T233538.930635Z,b4f3de4a4f74b8742b201c9e0941cfe5166082fc,0ea442119cfa4d9f99e7b3b3ca6f55ddcdc1e56bc504ecce6b0481de96d1a73b,85a65f1f57cd5918e3529a1210a45ad78cb20cab8a6db637589aecc38e333336,15cd64de2c8ddb012c7001ab2b9d14b9009c3f6c85d26ac718ef884459e419c7,8224-274384-0009,8224,test-clean,4.805,20260905,positive,1,noise_30,noise,"{""family"": ""noise"", ""id"": ""noise_30"", ""snr_db"": 30}",0.5,0.5,0.6803980469703674,0.6793058514595032,1,0111011000011010,0111011000011010,0,1.0,0.0,1,29.562760010147535,0.9983693058186327,0.995105863603692,NA,26.766323502043715,aligned_to_original,4.805,76880,0.38025984168052673,0.0,0.0,5213.323727948591,1.8385009607300162,63.704555039294064,ok,,"{""clipping_fraction"": 0.0, ""duration_seconds"": 4.805, ""family"": ""noise"", ""id"": ""noise_30"", ""input_samples"": 76880, ""noise_snr_db"": 30.00000003133418, ""noise_snr_db_pre_clipping"": 30.0, ""output_peak"": 0.38025984168052673, ""output_samples"": 76880, ""pre_limiter_peak"": 0.38025983012622117, ""sample_aligned"": true, ""sample_rate"": 16000, ""seed"": 17748221609235867612, ""snr_db"": 30}",50b3992744cf039aca46871a757e031868dc293d272ddc9ff2f369a92852d8c8
20260905T233538.930635Z,b4f3de4a4f74b8742b201c9e0941cfe5166082fc,0ea442119cfa4d9f99e7b3b3ca6f55ddcdc1e56bc504ecce6b0481de96d1a73b,85a65f1f57cd5918e3529a1210a45ad78cb20cab8a6db637589aecc38e333336,15cd64de2c8ddb012c7001ab2b9d14b9009c3f6c85d26ac718ef884459e419c7,8224-274384-0009,8224,test-clean,4.805,20260905,negative,0,noise_30,noise,"{""family"": ""noise"", ""id"": ""noise_30"", ""snr_db"": 30}",0.5,0.5,0.004357440397143364,0.01623183861374855,0,0111011000011010,0101101111110100,NA,NA,NA,NA,NA,NA,0.9968063441267178,NA,30.0000000282798,aligned_to_original,4.805,76880,0.38307827711105347,0.0,0.0,NA,1.6031339764595032,65.08848001249135,ok,,"{""clipping_fraction"": 0.0, ""duration_seconds"": 4.805, ""family"": ""noise"", ""id"": ""noise_30"", ""input_samples"": 76880, ""noise_snr_db"": 30.0000000282798, ""noise_snr_db_pre_clipping"": 30.0, ""output_peak"": 0.38307827711105347, ""output_samples"": 76880, ""pre_limiter_peak"": 0.3830782674679462, ""sample_aligned"": true, ""sample_rate"": 16000, ""seed"": 17748221609235867612, ""snr_db"": 30}",5308d97e9e42be62c6af0b5ac6123ce05f4c88dd74fdcb3445c08015adb45bd3
20260905T233538.930635Z,b4f3de4a4f74b8742b201c9e0941cfe5166082fc,0ea442119cfa4d9f99e7b3b3ca6f55ddcdc1e56bc504ecce6b0481de96d1a73b,85a65f1f57cd5918e3529a1210a45ad78cb20cab8a6db637589aecc38e333336,15cd64de2c8ddb012c7001ab2b9d14b9009c3f6c85d26ac718ef884459e419c7,8224-274384-0009,8224,test-clean,4.805,20260905,positive,1,noise_20,noise,"{""family"": ""noise"", ""id"": ""noise_20"", ""snr_db"": 20}",0.5,0.5,0.49119406938552856,0.4868147373199463,0,0111011000011010,0111011000001010,1,0.9375,0.0625,0,29.562760010147535,0.9983693058186327,0.9643721748648644,NA,19.547130826341775,aligned_to_original,4.805,76880,0.3798012435436249,0.0,0.0,5213.323727948591,1.6130419680848718,64.71699196845293,ok,,"{""clipping_fraction"": 0.0, ""duration_seconds"": 4.805, ""family"": ""noise"", ""id"": ""noise_20"", ""input_samples"": 76880, ""noise_snr_db"": 20.00000000290789, ""noise_snr_db_pre_clipping"": 20.0, ""output_peak"": 0.3798012435436249, ""output_samples"": 76880, ""pre_limiter_peak"": 0.37980122950673284, ""sample_aligned"": true, ""sample_rate"": 16000, ""seed"": 12464333158959554890, ""snr_db"": 20}",500a4e47f4379cf3affe8c08eca877e52632c0858c5d9d160cb8188e5edddcbc
20260905T233538.930635Z,b4f3de4a4f74b8742b201c9e0941cfe5166082fc,0ea442119cfa4d9f99e7b3b3ca6f55ddcdc1e56bc504ecce6b0481de96d1a73b,85a65f1f57cd5918e3529a1210a45ad78cb20cab8a6db637589aecc38e333336,15cd64de2c8ddb012c7001ab2b9d14b9009c3f6c85d26ac718ef884459e419c7,8224-274384-0009,8224,test-clean,4.805,20260905,negative,0,noise_20,noise,"{""family"": ""noise"", ""id"": ""noise_20"", ""snr_db"": 20}",0.5,0.5,0.003446930320933461,0.01964564062654972,0,0111011000011010,0111111111110101,NA,NA,NA,NA,NA,NA,0.9665349640864226,NA,19.99999999453697,aligned_to_original,4.805,76880,0.38401293754577637,0.0,0.0,NA,1.6025719232857227,65.0257709203288,ok,,"{""clipping_fraction"": 0.0, ""duration_seconds"": 4.805, ""family"": ""noise"", ""id"": ""noise_20"", ""input_samples"": 76880, ""noise_snr_db"": 19.99999999453697, ""noise_snr_db_pre_clipping"": 19.999999999999996, ""output_peak"": 0.38401293754577637, ""output_samples"": 76880, ""pre_limiter_peak"": 0.38401293709835116, ""sample_aligned"": true, ""sample_rate"": 16000, ""seed"": 12464333158959554890, ""snr_db"": 20}",ef7d8d82e29f9346d15c7ace2359baa1b0f4fbd2e64b60821ad65f9889dccb2d
20260905T233538.930635Z,b4f3de4a4f74b8742b201c9e0941cfe5166082fc,0ea442119cfa4d9f99e7b3b3ca6f55ddcdc1e56bc504ecce6b0481de96d1a73b,85a65f1f57cd5918e3529a1210a45ad78cb20cab8a6db637589aecc38e333336,15cd64de2c8ddb012c7001ab2b9d14b9009c3f6c85d26ac718ef884459e419c7,8224-274384-0009,8224,test-clean,4.805,20260905,positive,1,resample_12000,resample,"{""family"": ""resample"", ""id"": ""resample_12000"", ""intermediate_sr"": 12000}",0.5,0.5,1.0,0.9999927878379822,1,0111011000011010,0111011000011010,0,1.0,0.0,1,29.562760010147535,0.9983693058186327,0.9983688083883369,NA,22.099032961089158,aligned_to_original,4.805,76880,0.37518197298049927,0.0,0.0,5213.323727948591,2.470606006681919,64.60052204784006,ok,,"{""clipping_fraction"": 0.0, ""duration_seconds"": 4.805, ""family"": ""resample"", ""id"": ""resample_12000"", ""input_samples"": 76880, ""intermediate_sr"": 12000, ""output_peak"": 0.37518197298049927, ""output_samples"": 76880, ""pre_limiter_peak"": 0.37518197298049927, ""resampler"": ""scipy.signal.resample_poly"", ""resampler_window"": [""kaiser"", 5.0], ""sample_aligned"": true, ""sample_rate"": 16000, ""seed"": 4713711511579349768}",8bc5a62f2b51f3d3456d7bba3b951f67af7879de93926a5fdb9a83d9b9883d28
20260905T233538.930635Z,b4f3de4a4f74b8742b201c9e0941cfe5166082fc,0ea442119cfa4d9f99e7b3b3ca6f55ddcdc1e56bc504ecce6b0481de96d1a73b,85a65f1f57cd5918e3529a1210a45ad78cb20cab8a6db637589aecc38e333336,15cd64de2c8ddb012c7001ab2b9d14b9009c3f6c85d26ac718ef884459e419c7,8224-274384-0009,8224,test-clean,4.805,20260905,negative,0,resample_12000,resample,"{""family"": ""resample"", ""id"": ""resample_12000"", ""intermediate_sr"": 12000}",0.5,0.5,0.013020290993154049,0.023214779794216156,0,0111011000011010,0101100111110100,NA,NA,NA,NA,NA,NA,0.9999995546700117,NA,22.95709679848821,aligned_to_original,4.805,76880,0.37799689173698425,0.0,0.0,NA,2.463721903041005,64.61088091600686,ok,,"{""clipping_fraction"": 0.0, ""duration_seconds"": 4.805, ""family"": ""resample"", ""id"": ""resample_12000"", ""input_samples"": 76880, ""intermediate_sr"": 12000, ""output_peak"": 0.37799689173698425, ""output_samples"": 76880, ""pre_limiter_peak"": 0.37799689173698425, ""resampler"": ""scipy.signal.resample_poly"", ""resampler_window"": [""kaiser"", 5.0], ""sample_aligned"": true, ""sample_rate"": 16000, ""seed"": 4713711511579349768}",9ef7b352cd613c77dd24fec32d87bda2d7934b56d7be9ef586956a0deb6f6305
20260905T233538.930635Z,b4f3de4a4f74b8742b201c9e0941cfe5166082fc,0ea442119cfa4d9f99e7b3b3ca6f55ddcdc1e56bc504ecce6b0481de96d1a73b,85a65f1f57cd5918e3529a1210a45ad78cb20cab8a6db637589aecc38e333336,15cd64de2c8ddb012c7001ab2b9d14b9009c3f6c85d26ac718ef884459e419c7,8224-274384-0009,8224,test-clean,4.805,20260905,positive,1,resample_8000,resample,"{""family"": ""resample"", ""id"": ""resample_8000"", ""intermediate_sr"": 8000}",0.5,0.5,1.0,0.9999932646751404,1,0111011000011010,0111011000011010,0,1.0,0.0,1,29.562760010147535,0.9983693058186327,0.9966572880885145,NA,17.73963462873605,aligned_to_original,4.805,76880,0.375772625207901,0.0,0.0,5213.323727948591,2.622916013933718,65.40103605948389,ok,,"{""clipping_fraction"": 0.0, ""duration_seconds"": 4.805, ""family"": ""resample"", ""id"": ""resample_8000"", ""input_samples"": 76880, ""intermediate_sr"": 8000, ""output_peak"": 0.375772625207901, ""output_samples"": 76880, ""pre_limiter_peak"": 0.375772625207901, ""resampler"": ""scipy.signal.resample_poly"", ""resampler_window"": [""kaiser"", 5.0], ""sample_aligned"": true, ""sample_rate"": 16000, ""seed"": 7421117347631757061}",369d742df34f283c3995d20cb1234c519d9bb7e619efe32042e9d5a9619df5df
20260905T233538.930635Z,b4f3de4a4f74b8742b201c9e0941cfe5166082fc,0ea442119cfa4d9f99e7b3b3ca6f55ddcdc1e56bc504ecce6b0481de96d1a73b,85a65f1f57cd5918e3529a1210a45ad78cb20cab8a6db637589aecc38e333336,15cd64de2c8ddb012c7001ab2b9d14b9009c3f6c85d26ac718ef884459e419c7,8224-274384-0009,8224,test-clean,4.805,20260905,negative,0,resample_8000,resample,"{""family"": ""resample"", ""id"": ""resample_8000"", ""intermediate_sr"": 8000}",0.5,0.5,0.011303329840302467,0.02393789403140545,0,0111011000011010,0101100111110100,NA,NA,NA,NA,NA,NA,0.9982880372234655,NA,18.03478837359696,aligned_to_original,4.805,76880,0.37859347462654114,0.0,0.0,NA,2.4755550548434258,64.26093401387334,ok,,"{""clipping_fraction"": 0.0, ""duration_seconds"": 4.805, ""family"": ""resample"", ""id"": ""resample_8000"", ""input_samples"": 76880, ""intermediate_sr"": 8000, ""output_peak"": 0.37859347462654114, ""output_samples"": 76880, ""pre_limiter_peak"": 0.37859347462654114, ""resampler"": ""scipy.signal.resample_poly"", ""resampler_window"": [""kaiser"", 5.0], ""sample_aligned"": true, ""sample_rate"": 16000, ""seed"": 7421117347631757061}",219fc47867dfef1bd548e6099b4c4fff429533d669958d42a7f368580375fa69
20260905T233538.930635Z,b4f3de4a4f74b8742b201c9e0941cfe5166082fc,0ea442119cfa4d9f99e7b3b3ca6f55ddcdc1e56bc504ecce6b0481de96d1a73b,85a65f1f57cd5918e3529a1210a45ad78cb20cab8a6db637589aecc38e333336,15cd64de2c8ddb012c7001ab2b9d14b9009c3f6c85d26ac718ef884459e419c7,8224-274384-0009,8224,test-clean,4.805,20260905,positive,1,pitch_minus2,pitch,"{""family"": ""pitch"", ""id"": ""pitch_minus2"", ""semitones"": -2}",0.5,0.5,0.0,0.009425323456525803,0,0111011000011010,1111111110110101,9,0.4375,0.5625,0,29.562760010147535,0.9983693058186327,NA,NA,NA,NA: Pitch shifting changes sample phase and content,4.805,76880,0.29828205704689026,0.0,0.0,5213.323727948591,17.093717004172504,64.70213399734348,ok,,"{""alignment_reason"": ""Pitch shifting changes sample phase and content"", ""clipping_fraction"": 0.0, ""duration_seconds"": 4.805, ""family"": ""pitch"", ""hop_length"": 512, ""id"": ""pitch_minus2"", ""implementation"": ""librosa"", ""input_samples"": 76880, ""n_fft"": 2048, ""output_peak"": 0.29828205704689026, ""output_samples"": 76880, ""pre_limiter_peak"": 0.29828205704689026, ""res_type"": ""soxr_hq"", ""sample_aligned"": false, ""sample_rate"": 16000, ""seed"": 13507572713504955948, ""semitones"": -2}",e75eaa8840a0ea3d4f3893e40ab7ec81eea603afa823bd23daa81848a42ecf1c
20260905T233538.930635Z,b4f3de4a4f74b8742b201c9e0941cfe5166082fc,0ea442119cfa4d9f99e7b3b3ca6f55ddcdc1e56bc504ecce6b0481de96d1a73b,85a65f1f57cd5918e3529a1210a45ad78cb20cab8a6db637589aecc38e333336,15cd64de2c8ddb012c7001ab2b9d14b9009c3f6c85d26ac718ef884459e419c7,8224-274384-0009,8224,test-clean,4.805,20260905,negative,0,pitch_minus2,pitch,"{""family"": ""pitch"", ""id"": ""pitch_minus2"", ""semitones"": -2}",0.5,0.5,0.0,0.00447426550090313,0,0111011000011010,0100111110100101,NA,NA,NA,NA,NA,NA,NA,NA,NA,NA: Pitch shifting changes sample phase and content,4.805,76880,0.3178868889808655,0.0,0.0,NA,17.54345395602286,65.91392401605844,ok,,"{""alignment_reason"": ""Pitch shifting changes sample phase and content"", ""clipping_fraction"": 0.0, ""duration_seconds"": 4.805, ""family"": ""pitch"", ""hop_length"": 512, ""id"": ""pitch_minus2"", ""implementation"": ""librosa"", ""input_samples"": 76880, ""n_fft"": 2048, ""output_peak"": 0.3178868889808655, ""output_samples"": 76880, ""pre_limiter_peak"": 0.3178868889808655, ""res_type"": ""soxr_hq"", ""sample_aligned"": false, ""sample_rate"": 16000, ""seed"": 13507572713504955948, ""semitones"": -2}",d8f9b756194600cb8b21dcab91d08f8c68399ef9126c7bd3050fc13c86dd2c14
20260905T233538.930635Z,b4f3de4a4f74b8742b201c9e0941cfe5166082fc,0ea442119cfa4d9f99e7b3b3ca6f55ddcdc1e56bc504ecce6b0481de96d1a73b,85a65f1f57cd5918e3529a1210a45ad78cb20cab8a6db637589aecc38e333336,15cd64de2c8ddb012c7001ab2b9d14b9009c3f6c85d26ac718ef884459e419c7,8224-274384-0009,8224,test-clean,4.805,20260905,positive,1,pitch_plus2,pitch,"{""family"": ""pitch"", ""id"": ""pitch_plus2"", ""semitones"": 2}",0.5,0.5,0.0,0.0036407618317753077,0,0111011000011010,0100111110100100,10,0.375,0.625,0,29.562760010147535,0.9983693058186327,NA,NA,NA,NA: Pitch shifting changes sample phase and content,4.805,76880,0.32828593254089355,0.0,0.0,5213.323727948591,20.44089196715504,64.52906504273415,ok,,"{""alignment_reason"": ""Pitch shifting changes sample phase and content"", ""clipping_fraction"": 0.0, ""duration_seconds"": 4.805, ""family"": ""pitch"", ""hop_length"": 512, ""id"": ""pitch_plus2"", ""implementation"": ""librosa"", ""input_samples"": 76880, ""n_fft"": 2048, ""output_peak"": 0.32828593254089355, ""output_samples"": 76880, ""pre_limiter_peak"": 0.32828593254089355, ""res_type"": ""soxr_hq"", ""sample_aligned"": false, ""sample_rate"": 16000, ""seed"": 2326482782895127313, ""semitones"": 2}",11d279e0630b3299d551652913419b84b6bd46b8ec9533844d78b9e116415b1d
20260905T233538.930635Z,b4f3de4a4f74b8742b201c9e0941cfe5166082fc,0ea442119cfa4d9f99e7b3b3ca6f55ddcdc1e56bc504ecce6b0481de96d1a73b,85a65f1f57cd5918e3529a1210a45ad78cb20cab8a6db637589aecc38e333336,15cd64de2c8ddb012c7001ab2b9d14b9009c3f6c85d26ac718ef884459e419c7,8224-274384-0009,8224,test-clean,4.805,20260905,negative,0,pitch_plus2,pitch,"{""family"": ""pitch"", ""id"": ""pitch_plus2"", ""semitones"": 2}",0.5,0.5,0.0,0.00311318039894104,0,0111011000011010,0110111110100101,NA,NA,NA,NA,NA,NA,NA,NA,NA,NA: Pitch shifting changes sample phase and content,4.805,76880,0.30924004316329956,0.0,0.0,NA,20.43846808373928,63.872535014525056,ok,,"{""alignment_reason"": ""Pitch shifting changes sample phase and content"", ""clipping_fraction"": 0.0, ""duration_seconds"": 4.805, ""family"": ""pitch"", ""hop_length"": 512, ""id"": ""pitch_plus2"", ""implementation"": ""librosa"", ""input_samples"": 76880, ""n_fft"": 2048, ""output_peak"": 0.30924004316329956, ""output_samples"": 76880, ""pre_limiter_peak"": 0.30924004316329956, ""res_type"": ""soxr_hq"", ""sample_aligned"": false, ""sample_rate"": 16000, ""seed"": 2326482782895127313, ""semitones"": 2}",3a633c40bc2c78325c9b6c2d1e7db269ec2ed615ab903864e14820ddf5432553
20260905T233538.930635Z,b4f3de4a4f74b8742b201c9e0941cfe5166082fc,0ea442119cfa4d9f99e7b3b3ca6f55ddcdc1e56bc504ecce6b0481de96d1a73b,85a65f1f57cd5918e3529a1210a45ad78cb20cab8a6db637589aecc38e333336,15cd64de2c8ddb012c7001ab2b9d14b9009c3f6c85d26ac718ef884459e419c7,8224-274384-0009,8224,test-clean,4.805,20260905,positive,1,stretch_09,stretch,"{""family"": ""stretch"", ""id"": ""stretch_09"", ""rate"": 0.9}",0.5,0.5,0.33808621764183044,0.36234933137893677,0,0111011000011010,0111011000011010,0,1.0,0.0,1,29.562760010147535,0.9983693058186327,NA,NA,NA,NA: Time stretching changes the temporal coordinate,5.338875,85422,0.2887112498283386,0.0,0.0,5213.323727948591,18.972566002048552,131.8971060682088,ok,,"{""alignment_reason"": ""Time stretching changes the temporal coordinate"", ""clipping_fraction"": 0.0, ""duration_seconds"": 5.338875, ""family"": ""stretch"", ""hop_length"": 512, ""id"": ""stretch_09"", ""implementation"": ""librosa"", ""input_samples"": 76880, ""n_fft"": 2048, ""output_peak"": 0.2887112498283386, ""output_samples"": 85422, ""pre_limiter_peak"": 0.2887112498283386, ""rate"": 0.9, ""sample_aligned"": false, ""sample_rate"": 16000, ""seed"": 14213703610478075881}",8b96c8216e6bbb2b8ab55d1bfe1ad5043941d258138789e77784b77e216f89e3
20260905T233538.930635Z,b4f3de4a4f74b8742b201c9e0941cfe5166082fc,0ea442119cfa4d9f99e7b3b3ca6f55ddcdc1e56bc504ecce6b0481de96d1a73b,85a65f1f57cd5918e3529a1210a45ad78cb20cab8a6db637589aecc38e333336,15cd64de2c8ddb012c7001ab2b9d14b9009c3f6c85d26ac718ef884459e419c7,8224-274384-0009,8224,test-clean,4.805,20260905,negative,0,stretch_09,stretch,"{""family"": ""stretch"", ""id"": ""stretch_09"", ""rate"": 0.9}",0.5,0.5,0.0,0.00733740720897913,0,0111011000011010,0111111110110101,NA,NA,NA,NA,NA,NA,NA,NA,NA,NA: Time stretching changes the temporal coordinate,5.338875,85422,0.27015402913093567,0.0,0.0,NA,19.25702695734799,72.11909198667854,ok,,"{""alignment_reason"": ""Time stretching changes the temporal coordinate"", ""clipping_fraction"": 0.0, ""duration_seconds"": 5.338875, ""family"": ""stretch"", ""hop_length"": 512, ""id"": ""stretch_09"", ""implementation"": ""librosa"", ""input_samples"": 76880, ""n_fft"": 2048, ""output_peak"": 0.27015402913093567, ""output_samples"": 85422, ""pre_limiter_peak"": 0.27015402913093567, ""rate"": 0.9, ""sample_aligned"": false, ""sample_rate"": 16000, ""seed"": 14213703610478075881}",40083291c3ff81a0cee0d6f15f9d90690f449e5dfbddd2d4f6218d055a1f0c74
20260905T233538.930635Z,b4f3de4a4f74b8742b201c9e0941cfe5166082fc,0ea442119cfa4d9f99e7b3b3ca6f55ddcdc1e56bc504ecce6b0481de96d1a73b,85a65f1f57cd5918e3529a1210a45ad78cb20cab8a6db637589aecc38e333336,15cd64de2c8ddb012c7001ab2b9d14b9009c3f6c85d26ac718ef884459e419c7,8224-274384-0009,8224,test-clean,4.805,20260905,positive,1,stretch_11,stretch,"{""family"": ""stretch"", ""id"": ""stretch_11"", ""rate"": 1.1}",0.5,0.5,0.22492165863513947,0.2778683006763458,0,0111011000011010,0111011000011010,0,1.0,0.0,1,29.562760010147535,0.9983693058186327,NA,NA,NA,NA: Time stretching changes the temporal coordinate,4.3681875,69891,0.24772685766220093,0.0,0.0,5213.323727948591,16.479577054269612,108.08531404472888,ok,,"{""alignment_reason"": ""Time stretching changes the temporal coordinate"", ""clipping_fraction"": 0.0, ""duration_seconds"": 4.3681875, ""family"": ""stretch"", ""hop_length"": 512, ""id"": ""stretch_11"", ""implementation"": ""librosa"", ""input_samples"": 76880, ""n_fft"": 2048, ""output_peak"": 0.24772685766220093, ""output_samples"": 69891, ""pre_limiter_peak"": 0.24772685766220093, ""rate"": 1.1, ""sample_aligned"": false, ""sample_rate"": 16000, ""seed"": 6190545856191554833}",f64bdade2caabdf16bf88374388013ca1617f8dc6b5817c6ca8cc56a221272df
20260905T233538.930635Z,b4f3de4a4f74b8742b201c9e0941cfe5166082fc,0ea442119cfa4d9f99e7b3b3ca6f55ddcdc1e56bc504ecce6b0481de96d1a73b,85a65f1f57cd5918e3529a1210a45ad78cb20cab8a6db637589aecc38e333336,15cd64de2c8ddb012c7001ab2b9d14b9009c3f6c85d26ac718ef884459e419c7,8224-274384-0009,8224,test-clean,4.805,20260905,negative,0,stretch_11,stretch,"{""family"": ""stretch"", ""id"": ""stretch_11"", ""rate"": 1.1}",0.5,0.5,0.0,0.007828118279576302,0,0111011000011010,0101111110100101,NA,NA,NA,NA,NA,NA,NA,NA,NA,NA: Time stretching changes the temporal coordinate,4.3681875,69891,0.27227944135665894,0.0,0.0,NA,16.886000987142324,57.75558401364833,ok,,"{""alignment_reason"": ""Time stretching changes the temporal coordinate"", ""clipping_fraction"": 0.0, ""duration_seconds"": 4.3681875, ""family"": ""stretch"", ""hop_length"": 512, ""id"": ""stretch_11"", ""implementation"": ""librosa"", ""input_samples"": 76880, ""n_fft"": 2048, ""output_peak"": 0.27227944135665894, ""output_samples"": 69891, ""pre_limiter_peak"": 0.27227944135665894, ""rate"": 1.1, ""sample_aligned"": false, ""sample_rate"": 16000, ""seed"": 6190545856191554833}",8d4bebccdf8535cc4a705171ce78352a2c28ed55a123d7ca66f66f2f281faee9
20260905T233538.930635Z,b4f3de4a4f74b8742b201c9e0941cfe5166082fc,0ea442119cfa4d9f99e7b3b3ca6f55ddcdc1e56bc504ecce6b0481de96d1a73b,85a65f1f57cd5918e3529a1210a45ad78cb20cab8a6db637589aecc38e333336,15cd64de2c8ddb012c7001ab2b9d14b9009c3f6c85d26ac718ef884459e419c7,8224-274384-0009,8224,test-clean,4.805,20260905,positive,1,crop_10,crop,"{""family"": ""crop"", ""fraction"": 0.1, ""id"": ""crop_10""}",0.5,0.5,0.821641206741333,0.7972159385681152,1,0111011000011010,0011001011001010,5,0.6875,0.3125,0,29.562760010147535,0.9983693058186327,NA,NA,NA,NA: Contiguous crop changes length and may shift time origin,4.3245,69192,0.3763039708137512,0.0,0.0,5213.323727948591,0.36328204441815615,107.98914090264589,ok,,"{""alignment_reason"": ""Contiguous crop changes length and may shift time origin"", ""clipping_fraction"": 0.0, ""crop_end_sample"": 74739, ""crop_start_sample"": 5547, ""duration_seconds"": 4.3245, ""family"": ""crop"", ""fraction"": 0.1, ""id"": ""crop_10"", ""input_samples"": 76880, ""output_peak"": 0.3763039708137512, ""output_samples"": 69192, ""pre_limiter_peak"": 0.3763039708137512, ""removed_fraction_actual"": 0.09999999999999998, ""sample_aligned"": false, ""sample_rate"": 16000, ""seed"": 9926477002746377246}",b12d6ad0983ce8648ea2ea9144fe6c9cf4cc5059162b841c072658af89c28a4e
20260905T233538.930635Z,b4f3de4a4f74b8742b201c9e0941cfe5166082fc,0ea442119cfa4d9f99e7b3b3ca6f55ddcdc1e56bc504ecce6b0481de96d1a73b,85a65f1f57cd5918e3529a1210a45ad78cb20cab8a6db637589aecc38e333336,15cd64de2c8ddb012c7001ab2b9d14b9009c3f6c85d26ac718ef884459e419c7,8224-274384-0009,8224,test-clean,4.805,20260905,negative,0,crop_10,crop,"{""family"": ""crop"", ""fraction"": 0.1, ""id"": ""crop_10""}",0.5,0.5,0.006460284348577261,0.01741751655936241,0,0111011000011010,1100001111111101,NA,NA,NA,NA,NA,NA,NA,NA,NA,NA: Contiguous crop changes length and may shift time origin,4.3245,69192,0.379119873046875,0.0,0.0,NA,0.35320199094712734,57.564698974601924,ok,,"{""alignment_reason"": ""Contiguous crop changes length and may shift time origin"", ""clipping_fraction"": 0.0, ""crop_end_sample"": 74739, ""crop_start_sample"": 5547, ""duration_seconds"": 4.3245, ""family"": ""crop"", ""fraction"": 0.1, ""id"": ""crop_10"", ""input_samples"": 76880, ""output_peak"": 0.379119873046875, ""output_samples"": 69192, ""pre_limiter_peak"": 0.379119873046875, ""removed_fraction_actual"": 0.09999999999999998, ""sample_aligned"": false, ""sample_rate"": 16000, ""seed"": 9926477002746377246}",f3ea66875bcf727e38a84ca451c0f8766bd896415b53e16f6aeda3cb474b8b4b
20260905T233538.930635Z,b4f3de4a4f74b8742b201c9e0941cfe5166082fc,0ea442119cfa4d9f99e7b3b3ca6f55ddcdc1e56bc504ecce6b0481de96d1a73b,85a65f1f57cd5918e3529a1210a45ad78cb20cab8a6db637589aecc38e333336,15cd64de2c8ddb012c7001ab2b9d14b9009c3f6c85d26ac718ef884459e419c7,8224-274384-0009,8224,test-clean,4.805,20260905,positive,1,crop_25,crop,"{""family"": ""crop"", ""fraction"": 0.25, ""id"": ""crop_25""}",0.5,0.5,0.37147068977355957,0.380546510219574,0,0111011000011010,0110110100010011,6,0.625,0.375,0,29.562760010147535,0.9983693058186327,NA,NA,NA,NA: Contiguous crop changes length and may shift time origin,3.60375,57660,0.3763039708137512,0.0,0.0,5213.323727948591,0.3498669248074293,92.65155799221247,ok,,"{""alignment_reason"": ""Contiguous crop changes length and may shift time origin"", ""clipping_fraction"": 0.0, ""crop_end_sample"": 69163, ""crop_start_sample"": 11503, ""duration_seconds"": 3.60375, ""family"": ""crop"", ""fraction"": 0.25, ""id"": ""crop_25"", ""input_samples"": 76880, ""output_peak"": 0.3763039708137512, ""output_samples"": 57660, ""pre_limiter_peak"": 0.3763039708137512, ""removed_fraction_actual"": 0.25, ""sample_aligned"": false, ""sample_rate"": 16000, ""seed"": 7152711960017274604}",8ca2fd1e69d9f2ebbb4cbe94099e63d41b530648e976ec96e0328ceec065b643
20260905T233538.930635Z,b4f3de4a4f74b8742b201c9e0941cfe5166082fc,0ea442119cfa4d9f99e7b3b3ca6f55ddcdc1e56bc504ecce6b0481de96d1a73b,85a65f1f57cd5918e3529a1210a45ad78cb20cab8a6db637589aecc38e333336,15cd64de2c8ddb012c7001ab2b9d14b9009c3f6c85d26ac718ef884459e419c7,8224-274384-0009,8224,test-clean,4.805,20260905,negative,0,crop_25,crop,"{""family"": ""crop"", ""fraction"": 0.25, ""id"": ""crop_25""}",0.5,0.5,0.008844953030347824,0.015454402193427086,0,0111011000011010,0101111110110100,NA,NA,NA,NA,NA,NA,NA,NA,NA,NA: Contiguous crop changes length and may shift time origin,3.60375,57660,0.379119873046875,0.0,0.0,NA,0.3502869512885809,47.948124003596604,ok,,"{""alignment_reason"": ""Contiguous crop changes length and may shift time origin"", ""clipping_fraction"": 0.0, ""crop_end_sample"": 69163, ""crop_start_sample"": 11503, ""duration_seconds"": 3.60375, ""family"": ""crop"", ""fraction"": 0.25, ""id"": ""crop_25"", ""input_samples"": 76880, ""output_peak"": 0.379119873046875, ""output_samples"": 57660, ""pre_limiter_peak"": 0.379119873046875, ""removed_fraction_actual"": 0.25, ""sample_aligned"": false, ""sample_rate"": 16000, ""seed"": 7152711960017274604}",e58a805f81720d6444cf86dc55b11137df594c61a15f845cc2bb571daa60e30e
20260905T233538.930635Z,b4f3de4a4f74b8742b201c9e0941cfe5166082fc,0ea442119cfa4d9f99e7b3b3ca6f55ddcdc1e56bc504ecce6b0481de96d1a73b,85a65f1f57cd5918e3529a1210a45ad78cb20cab8a6db637589aecc38e333336,15cd64de2c8ddb012c7001ab2b9d14b9009c3f6c85d26ac718ef884459e419c7,2830-3980-0065,2830,test-clean,6.515,20260905,positive,1,clean,clean,"{""family"": ""clean"", ""id"": ""clean""}",0.5,0.5,1.0,0.9999851584434509,1,0010111000011000,0010111000011000,0,1.0,0.0,1,27.393288686253303,0.996348241417428,0.996348241417428,NA,27.393288686253303,aligned_to_original,6.515,104240,0.46540430188179016,0.0,0.0,6203.158103046007,0.4179159877821803,148.64323707297444,ok,,"{""clipping_fraction"": 0.0, ""duration_seconds"": 6.515, ""family"": ""clean"", ""id"": ""clean"", ""input_samples"": 104240, ""output_peak"": 0.46540430188179016, ""output_samples"": 104240, ""pre_limiter_peak"": 0.46540430188179016, ""sample_aligned"": true, ""sample_rate"": 16000, ""seed"": 5790973361635327040}",f60326ef50a9147b7c796519a3fee4c3b2a934f650bb50e6d67b6d7d71a1ee59
20260905T233538.930635Z,b4f3de4a4f74b8742b201c9e0941cfe5166082fc,0ea442119cfa4d9f99e7b3b3ca6f55ddcdc1e56bc504ecce6b0481de96d1a73b,85a65f1f57cd5918e3529a1210a45ad78cb20cab8a6db637589aecc38e333336,15cd64de2c8ddb012c7001ab2b9d14b9009c3f6c85d26ac718ef884459e419c7,2830-3980-0065,2830,test-clean,6.515,20260905,negative,0,clean,clean,"{""family"": ""clean"", ""id"": ""clean""}",0.5,0.5,0.0,0.006910973694175482,0,0010111000011000,0100011110110001,NA,NA,NA,NA,NA,NA,0.9999999999999992,NA,inf,aligned_to_original,6.515,104240,0.468719482421875,0.0,0.0,NA,0.3502770559862256,90.56409797631204,ok,,"{""clipping_fraction"": 0.0, ""duration_seconds"": 6.515, ""family"": ""clean"", ""id"": ""clean"", ""input_samples"": 104240, ""output_peak"": 0.468719482421875, ""output_samples"": 104240, ""pre_limiter_peak"": 0.468719482421875, ""sample_aligned"": true, ""sample_rate"": 16000, ""seed"": 5790973361635327040}",4bc3317a63c69d7bfbfa355953a5beaff1701b32bf136e5c9ad9c3656465c234
20260905T233538.930635Z,b4f3de4a4f74b8742b201c9e0941cfe5166082fc,0ea442119cfa4d9f99e7b3b3ca6f55ddcdc1e56bc504ecce6b0481de96d1a73b,85a65f1f57cd5918e3529a1210a45ad78cb20cab8a6db637589aecc38e333336,15cd64de2c8ddb012c7001ab2b9d14b9009c3f6c85d26ac718ef884459e419c7,2830-3980-0065,2830,test-clean,6.515,20260905,positive,1,mp3_128,mp3,"{""bitrate_kbps"": 128, ""family"": ""mp3"", ""id"": ""mp3_128""}",0.5,0.5,1.0,0.9999852180480957,1,0010111000011000,0010111000011000,0,1.0,0.0,1,27.393288686253303,0.996348241417428,NA,NA,NA,NA: MP3 codec delay/alignment not independently verified,6.515,104240,0.4440340995788574,0.0,0.0,6203.158103046007,26.548182941041887,91.85484703630209,ok,,"{""alignment_reason"": ""MP3 codec delay/alignment not independently verified"", ""bitrate_kbps"": 128, ""clipping_fraction"": 0.0, ""codec"": ""libmp3lame"", ""duration_seconds"": 6.515, ""family"": ""mp3"", ""id"": ""mp3_128"", ""input_samples"": 104240, ""output_peak"": 0.4440340995788574, ""output_samples"": 104240, ""pre_limiter_peak"": 0.4440340995788574, ""sample_aligned"": false, ""sample_rate"": 16000, ""seed"": 15016851466890582682}",9f79ec12bbedb7f4639875f1b93005ed40d7ab305fe396cf08e125f6a8b78b12
20260905T233538.930635Z,b4f3de4a4f74b8742b201c9e0941cfe5166082fc,0ea442119cfa4d9f99e7b3b3ca6f55ddcdc1e56bc504ecce6b0481de96d1a73b,85a65f1f57cd5918e3529a1210a45ad78cb20cab8a6db637589aecc38e333336,15cd64de2c8ddb012c7001ab2b9d14b9009c3f6c85d26ac718ef884459e419c7,2830-3980-0065,2830,test-clean,6.515,20260905,negative,0,mp3_128,mp3,"{""bitrate_kbps"": 128, ""family"": ""mp3"", ""id"": ""mp3_128""}",0.5,0.5,0.0,0.007203761022537947,0,0010111000011000,0100011110110001,NA,NA,NA,NA,NA,NA,NA,NA,NA,NA: MP3 codec delay/alignment not independently verified,6.515,104240,0.44763830304145813,0.0,0.0,NA,28.180071036331356,93.17539201583713,ok,,"{""alignment_reason"": ""MP3 codec delay/alignment not independently verified"", ""bitrate_kbps"": 128, ""clipping_fraction"": 0.0, ""codec"": ""libmp3lame"", ""duration_seconds"": 6.515, ""family"": ""mp3"", ""id"": ""mp3_128"", ""input_samples"": 104240, ""output_peak"": 0.44763830304145813, ""output_samples"": 104240, ""pre_limiter_peak"": 0.44763830304145813, ""sample_aligned"": false, ""sample_rate"": 16000, ""seed"": 15016851466890582682}",f3e99fcdddaec3c10ed36e533b14e8a06db2b1e89c645e71efedf801b6ca6617
20260905T233538.930635Z,b4f3de4a4f74b8742b201c9e0941cfe5166082fc,0ea442119cfa4d9f99e7b3b3ca6f55ddcdc1e56bc504ecce6b0481de96d1a73b,85a65f1f57cd5918e3529a1210a45ad78cb20cab8a6db637589aecc38e333336,15cd64de2c8ddb012c7001ab2b9d14b9009c3f6c85d26ac718ef884459e419c7,2830-3980-0065,2830,test-clean,6.515,20260905,positive,1,mp3_64,mp3,"{""bitrate_kbps"": 64, ""family"": ""mp3"", ""id"": ""mp3_64""}",0.5,0.5,1.0,0.9999842643737793,1,0010111000011000,0010111000011000,0,1.0,0.0,1,27.393288686253303,0.996348241417428,NA,NA,NA,NA: MP3 codec delay/alignment not independently verified,6.515,104240,0.4474089443683624,0.0,0.0,6203.158103046007,29.288952937349677,91.63840499240905,ok,,"{""alignment_reason"": ""MP3 codec delay/alignment not independently verified"", ""bitrate_kbps"": 64, ""clipping_fraction"": 0.0, ""codec"": ""libmp3lame"", ""duration_seconds"": 6.515, ""family"": ""mp3"", ""id"": ""mp3_64"", ""input_samples"": 104240, ""output_peak"": 0.4474089443683624, ""output_samples"": 104240, ""pre_limiter_peak"": 0.4474089443683624, ""sample_aligned"": false, ""sample_rate"": 16000, ""seed"": 8682400119683633902}",e74e14f1f052daeaa0f458eead889484ac558805ed7e6219ab3e55fd39c39850
20260905T233538.930635Z,b4f3de4a4f74b8742b201c9e0941cfe5166082fc,0ea442119cfa4d9f99e7b3b3ca6f55ddcdc1e56bc504ecce6b0481de96d1a73b,85a65f1f57cd5918e3529a1210a45ad78cb20cab8a6db637589aecc38e333336,15cd64de2c8ddb012c7001ab2b9d14b9009c3f6c85d26ac718ef884459e419c7,2830-3980-0065,2830,test-clean,6.515,20260905,negative,0,mp3_64,mp3,"{""bitrate_kbps"": 64, ""family"": ""mp3"", ""id"": ""mp3_64""}",0.5,0.5,0.0,0.009428844787180424,0,0010111000011000,0100011110100001,NA,NA,NA,NA,NA,NA,NA,NA,NA,NA: MP3 codec delay/alignment not independently verified,6.515,104240,0.4467313587665558,0.0,0.0,NA,27.608272968791425,90.40070697665215,ok,,"{""alignment_reason"": ""MP3 codec delay/alignment not independently verified"", ""bitrate_kbps"": 64, ""clipping_fraction"": 0.0, ""codec"": ""libmp3lame"", ""duration_seconds"": 6.515, ""family"": ""mp3"", ""id"": ""mp3_64"", ""input_samples"": 104240, ""output_peak"": 0.4467313587665558, ""output_samples"": 104240, ""pre_limiter_peak"": 0.4467313587665558, ""sample_aligned"": false, ""sample_rate"": 16000, ""seed"": 8682400119683633902}",decd3698d5e0a83f5a16a99a55955879811c6853278b3cda5f96aeb1ab7213c6
20260905T233538.930635Z,b4f3de4a4f74b8742b201c9e0941cfe5166082fc,0ea442119cfa4d9f99e7b3b3ca6f55ddcdc1e56bc504ecce6b0481de96d1a73b,85a65f1f57cd5918e3529a1210a45ad78cb20cab8a6db637589aecc38e333336,15cd64de2c8ddb012c7001ab2b9d14b9009c3f6c85d26ac718ef884459e419c7,2830-3980-0065,2830,test-clean,6.515,20260905,positive,1,noise_30,noise,"{""family"": ""noise"", ""id"": ""noise_30"", ""snr_db"": 30}",0.5,0.5,0.7839409112930298,0.7895920872688293,1,0010111000011000,0010111000011000,0,1.0,0.0,1,27.393288686253303,0.996348241417428,0.9605919122473138,NA,25.507585163712704,aligned_to_original,6.515,104240,0.4655592441558838,0.0,0.0,6203.158103046007,2.2811349481344223,88.72885396704078,ok,,"{""clipping_fraction"": 0.0, ""duration_seconds"": 6.515, ""family"": ""noise"", ""id"": ""noise_30"", ""input_samples"": 104240, ""noise_snr_db"": 30.00000000676995, ""noise_snr_db_pre_clipping"": 30.0, ""output_peak"": 0.4655592441558838, ""output_samples"": 104240, ""pre_limiter_peak"": 0.46555924741768956, ""sample_aligned"": true, ""sample_rate"": 16000, ""seed"": 2777471924612597144, ""snr_db"": 30}",c75581a42ad14db42b76da7f692a77386cbbdf53daac648cb27f02ba69a58509
20260905T233538.930635Z,b4f3de4a4f74b8742b201c9e0941cfe5166082fc,0ea442119cfa4d9f99e7b3b3ca6f55ddcdc1e56bc504ecce6b0481de96d1a73b,85a65f1f57cd5918e3529a1210a45ad78cb20cab8a6db637589aecc38e333336,15cd64de2c8ddb012c7001ab2b9d14b9009c3f6c85d26ac718ef884459e419c7,2830-3980-0065,2830,test-clean,6.515,20260905,negative,0,noise_30,noise,"{""family"": ""noise"", ""id"": ""noise_30"", ""snr_db"": 30}",0.5,0.5,0.0,0.008469612337648869,0,0010111000011000,0100111111110101,NA,NA,NA,NA,NA,NA,0.9622707273986959,NA,29.999999990420314,aligned_to_original,6.515,104240,0.4686720371246338,0.0,0.0,NA,2.1606560330837965,90.62915202230215,ok,,"{""clipping_fraction"": 0.0, ""duration_seconds"": 6.515, ""family"": ""noise"", ""id"": ""noise_30"", ""input_samples"": 104240, ""noise_snr_db"": 29.999999990420314, ""noise_snr_db_pre_clipping"": 30.0, ""output_peak"": 0.4686720371246338, ""output_samples"": 104240, ""pre_limiter_peak"": 0.468672025159847, ""sample_aligned"": true, ""sample_rate"": 16000, ""seed"": 2777471924612597144, ""snr_db"": 30}",f9c1cd5be5af84de36d4dd662b218c7ef6fae0f2e44692ae31db4f0341f61acb
20260905T233538.930635Z,b4f3de4a4f74b8742b201c9e0941cfe5166082fc,0ea442119cfa4d9f99e7b3b3ca6f55ddcdc1e56bc504ecce6b0481de96d1a73b,85a65f1f57cd5918e3529a1210a45ad78cb20cab8a6db637589aecc38e333336,15cd64de2c8ddb012c7001ab2b9d14b9009c3f6c85d26ac718ef884459e419c7,2830-3980-0065,2830,test-clean,6.515,20260905,positive,1,noise_20,noise,"{""family"": ""noise"", ""id"": ""noise_20"", ""snr_db"": 20}",0.5,0.5,0.5899174809455872,0.5855503082275391,1,0010111000011000,0010111000011000,0,1.0,0.0,1,27.393288686253303,0.996348241417428,0.8946238108612766,NA,19.273763236550643,aligned_to_original,6.515,104240,0.4764663875102997,0.0,0.0,6203.158103046007,2.1417690441012383,91.23307198751718,ok,,"{""clipping_fraction"": 0.0, ""duration_seconds"": 6.515, ""family"": ""noise"", ""id"": ""noise_20"", ""input_samples"": 104240, ""noise_snr_db"": 20.000000008351474, ""noise_snr_db_pre_clipping"": 20.0, ""output_peak"": 0.4764663875102997, ""output_samples"": 104240, ""pre_limiter_peak"": 0.4764663812836053, ""sample_aligned"": true, ""sample_rate"": 16000, ""seed"": 12531467936175980827, ""snr_db"": 20}",b3920517cbc4b4da796e53e41cadd616c16309224638c8e1a4621795fc78f78f
20260905T233538.930635Z,b4f3de4a4f74b8742b201c9e0941cfe5166082fc,0ea442119cfa4d9f99e7b3b3ca6f55ddcdc1e56bc504ecce6b0481de96d1a73b,85a65f1f57cd5918e3529a1210a45ad78cb20cab8a6db637589aecc38e333336,15cd64de2c8ddb012c7001ab2b9d14b9009c3f6c85d26ac718ef884459e419c7,2830-3980-0065,2830,test-clean,6.515,20260905,negative,0,noise_20,noise,"{""family"": ""noise"", ""id"": ""noise_20"", ""snr_db"": 20}",0.5,0.5,0.0,0.0063318489119410515,0,0010111000011000,0110111110110101,NA,NA,NA,NA,NA,NA,0.8963783685233843,NA,20.000000000532125,aligned_to_original,6.515,104240,0.47979629039764404,0.0,0.0,NA,2.125267987139523,90.0515919784084,ok,,"{""clipping_fraction"": 0.0, ""duration_seconds"": 6.515, ""family"": ""noise"", ""id"": ""noise_20"", ""input_samples"": 104240, ""noise_snr_db"": 20.000000000532125, ""noise_snr_db_pre_clipping"": 20.0, ""output_peak"": 0.47979629039764404, ""output_samples"": 104240, ""pre_limiter_peak"": 0.47979628314131795, ""sample_aligned"": true, ""sample_rate"": 16000, ""seed"": 12531467936175980827, ""snr_db"": 20}",9f7751672d8e0fa2a94fe0a73ae0c39e7acf6bc4f3f213665f4b816b72afde38
20260905T233538.930635Z,b4f3de4a4f74b8742b201c9e0941cfe5166082fc,0ea442119cfa4d9f99e7b3b3ca6f55ddcdc1e56bc504ecce6b0481de96d1a73b,85a65f1f57cd5918e3529a1210a45ad78cb20cab8a6db637589aecc38e333336,15cd64de2c8ddb012c7001ab2b9d14b9009c3f6c85d26ac718ef884459e419c7,2830-3980-0065,2830,test-clean,6.515,20260905,positive,1,resample_12000,resample,"{""family"": ""resample"", ""id"": ""resample_12000"", ""intermediate_sr"": 12000}",0.5,0.5,1.0,0.99998539686203,1,0010111000011000,0010111000011000,0,1.0,0.0,1,27.393288686253303,0.996348241417428,0.9963483240328408,NA,16.30020066019405,aligned_to_original,6.515,104240,0.47087135910987854,0.0,0.0,6203.158103046007,3.222897998057306,94.87634000834078,ok,,"{""clipping_fraction"": 0.0, ""duration_seconds"": 6.515, ""family"": ""resample"", ""id"": ""resample_12000"", ""input_samples"": 104240, ""intermediate_sr"": 12000, ""output_peak"": 0.47087135910987854, ""output_samples"": 104240, ""pre_limiter_peak"": 0.47087135910987854, ""resampler"": ""scipy.signal.resample_poly"", ""resampler_window"": [""kaiser"", 5.0], ""sample_aligned"": true, ""sample_rate"": 16000, ""seed"": 14514020262564309830}",d42a40a14b4d52ef72203f4d272d8e36372b0779094aad89dc1a5831f59918ad
20260905T233538.930635Z,b4f3de4a4f74b8742b201c9e0941cfe5166082fc,0ea442119cfa4d9f99e7b3b3ca6f55ddcdc1e56bc504ecce6b0481de96d1a73b,85a65f1f57cd5918e3529a1210a45ad78cb20cab8a6db637589aecc38e333336,15cd64de2c8ddb012c7001ab2b9d14b9009c3f6c85d26ac718ef884459e419c7,2830-3980-0065,2830,test-clean,6.515,20260905,negative,0,resample_12000,resample,"{""family"": ""resample"", ""id"": ""resample_12000"", ""intermediate_sr"": 12000}",0.5,0.5,0.0,0.007686699740588665,0,0010111000011000,0100011110110001,NA,NA,NA,NA,NA,NA,0.9999992243279537,NA,16.651641173753358,aligned_to_original,6.515,104240,0.4741854965686798,0.0,0.0,NA,3.200286068022251,90.39868193212897,ok,,"{""clipping_fraction"": 0.0, ""duration_seconds"": 6.515, ""family"": ""resample"", ""id"": ""resample_12000"", ""input_samples"": 104240, ""intermediate_sr"": 12000, ""output_peak"": 0.4741854965686798, ""output_samples"": 104240, ""pre_limiter_peak"": 0.4741854965686798, ""resampler"": ""scipy.signal.resample_poly"", ""resampler_window"": [""kaiser"", 5.0], ""sample_aligned"": true, ""sample_rate"": 16000, ""seed"": 14514020262564309830}",17adc9f95307264875e2d4c1797e56d2c72349451f9ca37f6e3d17bc5e878a5e
20260905T233538.930635Z,b4f3de4a4f74b8742b201c9e0941cfe5166082fc,0ea442119cfa4d9f99e7b3b3ca6f55ddcdc1e56bc504ecce6b0481de96d1a73b,85a65f1f57cd5918e3529a1210a45ad78cb20cab8a6db637589aecc38e333336,15cd64de2c8ddb012c7001ab2b9d14b9009c3f6c85d26ac718ef884459e419c7,2830-3980-0065,2830,test-clean,6.515,20260905,positive,1,resample_8000,resample,"{""family"": ""resample"", ""id"": ""resample_8000"", ""intermediate_sr"": 8000}",0.5,0.5,1.0,0.9999854564666748,1,0010111000011000,0010111000011000,0,1.0,0.0,1,27.393288686253303,0.996348241417428,0.9942198352619369,NA,11.845759842588095,aligned_to_original,6.515,104240,0.46884679794311523,0.0,0.0,6203.158103046007,3.2116270158439875,91.33500594180077,ok,,"{""clipping_fraction"": 0.0, ""duration_seconds"": 6.515, ""family"": ""resample"", ""id"": ""resample_8000"", ""input_samples"": 104240, ""intermediate_sr"": 8000, ""output_peak"": 0.46884679794311523, ""output_samples"": 104240, ""pre_limiter_peak"": 0.46884679794311523, ""resampler"": ""scipy.signal.resample_poly"", ""resampler_window"": [""kaiser"", 5.0], ""sample_aligned"": true, ""sample_rate"": 16000, ""seed"": 12107404336504808531}",76b3d1d222a735de3e46c419d171cd06e3c62ea1e3c5e07b8a3b0ea2e5a9fc5e
20260905T233538.930635Z,b4f3de4a4f74b8742b201c9e0941cfe5166082fc,0ea442119cfa4d9f99e7b3b3ca6f55ddcdc1e56bc504ecce6b0481de96d1a73b,85a65f1f57cd5918e3529a1210a45ad78cb20cab8a6db637589aecc38e333336,15cd64de2c8ddb012c7001ab2b9d14b9009c3f6c85d26ac718ef884459e419c7,2830-3980-0065,2830,test-clean,6.515,20260905,negative,0,resample_8000,resample,"{""family"": ""resample"", ""id"": ""resample_8000"", ""intermediate_sr"": 8000}",0.5,0.5,0.0,0.0054047987796366215,0,0010111000011000,0100011110110001,NA,NA,NA,NA,NA,NA,0.9978732078503609,NA,11.968557934537014,aligned_to_original,6.515,104240,0.46329957246780396,0.0,0.0,NA,3.2273769611492753,90.47888498753309,ok,,"{""clipping_fraction"": 0.0, ""duration_seconds"": 6.515, ""family"": ""resample"", ""id"": ""resample_8000"", ""input_samples"": 104240, ""intermediate_sr"": 8000, ""output_peak"": 0.46329957246780396, ""output_samples"": 104240, ""pre_limiter_peak"": 0.46329957246780396, ""resampler"": ""scipy.signal.resample_poly"", ""resampler_window"": [""kaiser"", 5.0], ""sample_aligned"": true, ""sample_rate"": 16000, ""seed"": 12107404336504808531}",1bdf5255224c56fd069728cc1a549cbd46e91462fcbf9fa115cab319560dc1d6
20260905T233538.930635Z,b4f3de4a4f74b8742b201c9e0941cfe5166082fc,0ea442119cfa4d9f99e7b3b3ca6f55ddcdc1e56bc504ecce6b0481de96d1a73b,85a65f1f57cd5918e3529a1210a45ad78cb20cab8a6db637589aecc38e333336,15cd64de2c8ddb012c7001ab2b9d14b9009c3f6c85d26ac718ef884459e419c7,2830-3980-0065,2830,test-clean,6.515,20260905,positive,1,pitch_minus2,pitch,"{""family"": ""pitch"", ""id"": ""pitch_minus2"", ""semitones"": -2}",0.5,0.5,0.0,0.012917975895106792,0,0010111000011000,0100110110000101,9,0.4375,0.5625,0,27.393288686253303,0.996348241417428,NA,NA,NA,NA: Pitch shifting changes sample phase and content,6.515,104240,0.28718528151512146,0.0,0.0,6203.158103046007,22.651763050816953,90.88273404631764,ok,,"{""alignment_reason"": ""Pitch shifting changes sample phase and content"", ""clipping_fraction"": 0.0, ""duration_seconds"": 6.515, ""family"": ""pitch"", ""hop_length"": 512, ""id"": ""pitch_minus2"", ""implementation"": ""librosa"", ""input_samples"": 104240, ""n_fft"": 2048, ""output_peak"": 0.28718528151512146, ""output_samples"": 104240, ""pre_limiter_peak"": 0.28718528151512146, ""res_type"": ""soxr_hq"", ""sample_aligned"": false, ""sample_rate"": 16000, ""seed"": 13880392929659382513, ""semitones"": -2}",17117f070b43321bd98e214ed805323eee07ff78bf6fddf6f41431a18e119244
20260905T233538.930635Z,b4f3de4a4f74b8742b201c9e0941cfe5166082fc,0ea442119cfa4d9f99e7b3b3ca6f55ddcdc1e56bc504ecce6b0481de96d1a73b,85a65f1f57cd5918e3529a1210a45ad78cb20cab8a6db637589aecc38e333336,15cd64de2c8ddb012c7001ab2b9d14b9009c3f6c85d26ac718ef884459e419c7,2830-3980-0065,2830,test-clean,6.515,20260905,negative,0,pitch_minus2,pitch,"{""family"": ""pitch"", ""id"": ""pitch_minus2"", ""semitones"": -2}",0.5,0.5,0.0,0.011022805236279964,0,0010111000011000,0100011010000101,NA,NA,NA,NA,NA,NA,NA,NA,NA,NA: Pitch shifting changes sample phase and content,6.515,104240,0.2849785089492798,0.0,0.0,NA,22.97492790967226,91.3207990815863,ok,,"{""alignment_reason"": ""Pitch shifting changes sample phase and content"", ""clipping_fraction"": 0.0, ""duration_seconds"": 6.515, ""family"": ""pitch"", ""hop_length"": 512, ""id"": ""pitch_minus2"", ""implementation"": ""librosa"", ""input_samples"": 104240, ""n_fft"": 2048, ""output_peak"": 0.2849785089492798, ""output_samples"": 104240, ""pre_limiter_peak"": 0.2849785089492798, ""res_type"": ""soxr_hq"", ""sample_aligned"": false, ""sample_rate"": 16000, ""seed"": 13880392929659382513, ""semitones"": -2}",83413256c33ab7e4ea6b94f660d9a3796e693310c504a55a2b9104679bdcf4bf
20260905T233538.930635Z,b4f3de4a4f74b8742b201c9e0941cfe5166082fc,0ea442119cfa4d9f99e7b3b3ca6f55ddcdc1e56bc504ecce6b0481de96d1a73b,85a65f1f57cd5918e3529a1210a45ad78cb20cab8a6db637589aecc38e333336,15cd64de2c8ddb012c7001ab2b9d14b9009c3f6c85d26ac718ef884459e419c7,2830-3980-0065,2830,test-clean,6.515,20260905,positive,1,pitch_plus2,pitch,"{""family"": ""pitch"", ""id"": ""pitch_plus2"", ""semitones"": 2}",0.5,0.5,0.0,0.02168419398367405,0,0010111000011000,0100111110100100,8,0.5,0.5,0,27.393288686253303,0.996348241417428,NA,NA,NA,NA: Pitch shifting changes sample phase and content,6.515,104240,0.3240659236907959,0.0,0.0,6203.158103046007,26.803639018908143,89.17391998693347,ok,,"{""alignment_reason"": ""Pitch shifting changes sample phase and content"", ""clipping_fraction"": 0.0, ""duration_seconds"": 6.515, ""family"": ""pitch"", ""hop_length"": 512, ""id"": ""pitch_plus2"", ""implementation"": ""librosa"", ""input_samples"": 104240, ""n_fft"": 2048, ""output_peak"": 0.3240659236907959, ""output_samples"": 104240, ""pre_limiter_peak"": 0.3240659236907959, ""res_type"": ""soxr_hq"", ""sample_aligned"": false, ""sample_rate"": 16000, ""seed"": 11275970290674972657, ""semitones"": 2}",8d15918a3614348df1e1124f20d05ae4572442aa12b51f2c152ea1a67b7514cc
20260905T233538.930635Z,b4f3de4a4f74b8742b201c9e0941cfe5166082fc,0ea442119cfa4d9f99e7b3b3ca6f55ddcdc1e56bc504ecce6b0481de96d1a73b,85a65f1f57cd5918e3529a1210a45ad78cb20cab8a6db637589aecc38e333336,15cd64de2c8ddb012c7001ab2b9d14b9009c3f6c85d26ac718ef884459e419c7,2830-3980-0065,2830,test-clean,6.515,20260905,negative,0,pitch_plus2,pitch,"{""family"": ""pitch"", ""id"": ""pitch_plus2"", ""semitones"": 2}",0.5,0.5,0.0006907137576490641,0.013660349883139133,0,0010111000011000,0100110110100100,NA,NA,NA,NA,NA,NA,NA,NA,NA,NA: Pitch shifting changes sample phase and content,6.515,104240,0.35433927178382874,0.0,0.0,NA,27.082280023023486,89.97298101894557,ok,,"{""alignment_reason"": ""Pitch shifting changes sample phase and content"", ""clipping_fraction"": 0.0, ""duration_seconds"": 6.515, ""family"": ""pitch"", ""hop_length"": 512, ""id"": ""pitch_plus2"", ""implementation"": ""librosa"", ""input_samples"": 104240, ""n_fft"": 2048, ""output_peak"": 0.35433927178382874, ""output_samples"": 104240, ""pre_limiter_peak"": 0.35433927178382874, ""res_type"": ""soxr_hq"", ""sample_aligned"": false, ""sample_rate"": 16000, ""seed"": 11275970290674972657, ""semitones"": 2}",257464ab9076b5e540e6186aba8b35ef8d0bfdf6da8d59f025158c47c4e187a3
20260905T233538.930635Z,b4f3de4a4f74b8742b201c9e0941cfe5166082fc,0ea442119cfa4d9f99e7b3b3ca6f55ddcdc1e56bc504ecce6b0481de96d1a73b,85a65f1f57cd5918e3529a1210a45ad78cb20cab8a6db637589aecc38e333336,15cd64de2c8ddb012c7001ab2b9d14b9009c3f6c85d26ac718ef884459e419c7,2830-3980-0065,2830,test-clean,6.515,20260905,positive,1,stretch_09,stretch,"{""family"": ""stretch"", ""id"": ""stretch_09"", ""rate"": 0.9}",0.5,0.5,0.16023726761341095,0.17700356245040894,0,0010111000011000,0110111000111000,2,0.875,0.125,0,27.393288686253303,0.996348241417428,NA,NA,NA,NA: Time stretching changes the temporal coordinate,7.238875,115822,0.31852179765701294,0.0,0.0,6203.158103046007,25.01551399473101,171.962606953457,ok,,"{""alignment_reason"": ""Time stretching changes the temporal coordinate"", ""clipping_fraction"": 0.0, ""duration_seconds"": 7.238875, ""family"": ""stretch"", ""hop_length"": 512, ""id"": ""stretch_09"", ""implementation"": ""librosa"", ""input_samples"": 104240, ""n_fft"": 2048, ""output_peak"": 0.31852179765701294, ""output_samples"": 115822, ""pre_limiter_peak"": 0.31852179765701294, ""rate"": 0.9, ""sample_aligned"": false, ""sample_rate"": 16000, ""seed"": 3539657104616346512}",64d0805316c5caacdee76fa59df44249a0d0caa31d49a2d850235748cc52438a
20260905T233538.930635Z,b4f3de4a4f74b8742b201c9e0941cfe5166082fc,0ea442119cfa4d9f99e7b3b3ca6f55ddcdc1e56bc504ecce6b0481de96d1a73b,85a65f1f57cd5918e3529a1210a45ad78cb20cab8a6db637589aecc38e333336,15cd64de2c8ddb012c7001ab2b9d14b9009c3f6c85d26ac718ef884459e419c7,2830-3980-0065,2830,test-clean,6.515,20260905,negative,0,stretch_09,stretch,"{""family"": ""stretch"", ""id"": ""stretch_09"", ""rate"": 0.9}",0.5,0.5,0.0036694237496703863,0.012233953922986984,0,0010111000011000,0100111110110100,NA,NA,NA,NA,NA,NA,NA,NA,NA,NA: Time stretching changes the temporal coordinate,7.238875,115822,0.29381072521209717,0.0,0.0,NA,24.951271945610642,107.30255593080074,ok,,"{""alignment_reason"": ""Time stretching changes the temporal coordinate"", ""clipping_fraction"": 0.0, ""duration_seconds"": 7.238875, ""family"": ""stretch"", ""hop_length"": 512, ""id"": ""stretch_09"", ""implementation"": ""librosa"", ""input_samples"": 104240, ""n_fft"": 2048, ""output_peak"": 0.29381072521209717, ""output_samples"": 115822, ""pre_limiter_peak"": 0.29381072521209717, ""rate"": 0.9, ""sample_aligned"": false, ""sample_rate"": 16000, ""seed"": 3539657104616346512}",01f98cbae36475fb8bef9943002dcb6453ffdda7288dab5469e8022ec4eb50d7
20260905T233538.930635Z,b4f3de4a4f74b8742b201c9e0941cfe5166082fc,0ea442119cfa4d9f99e7b3b3ca6f55ddcdc1e56bc504ecce6b0481de96d1a73b,85a65f1f57cd5918e3529a1210a45ad78cb20cab8a6db637589aecc38e333336,15cd64de2c8ddb012c7001ab2b9d14b9009c3f6c85d26ac718ef884459e419c7,2830-3980-0065,2830,test-clean,6.515,20260905,positive,1,stretch_11,stretch,"{""family"": ""stretch"", ""id"": ""stretch_11"", ""rate"": 1.1}",0.5,0.5,0.13371111452579498,0.14751708507537842,0,0010111000011000,0010111000011000,0,1.0,0.0,1,27.393288686253303,0.996348241417428,NA,NA,NA,NA: Time stretching changes the temporal coordinate,5.92275,94764,0.3155294954776764,0.0,0.0,6203.158103046007,21.68796700425446,218.0272409459576,ok,,"{""alignment_reason"": ""Time stretching changes the temporal coordinate"", ""clipping_fraction"": 0.0, ""duration_seconds"": 5.92275, ""family"": ""stretch"", ""hop_length"": 512, ""id"": ""stretch_11"", ""implementation"": ""librosa"", ""input_samples"": 104240, ""n_fft"": 2048, ""output_peak"": 0.3155294954776764, ""output_samples"": 94764, ""pre_limiter_peak"": 0.3155294954776764, ""rate"": 1.1, ""sample_aligned"": false, ""sample_rate"": 16000, ""seed"": 8448870662952893565}",4d8b3ee2c0a95e7f4670c208dc596ae2c6f7f35ab286c8e9195ad38d14790fb9
20260905T233538.930635Z,b4f3de4a4f74b8742b201c9e0941cfe5166082fc,0ea442119cfa4d9f99e7b3b3ca6f55ddcdc1e56bc504ecce6b0481de96d1a73b,85a65f1f57cd5918e3529a1210a45ad78cb20cab8a6db637589aecc38e333336,15cd64de2c8ddb012c7001ab2b9d14b9009c3f6c85d26ac718ef884459e419c7,2830-3980-0065,2830,test-clean,6.515,20260905,negative,0,stretch_11,stretch,"{""family"": ""stretch"", ""id"": ""stretch_11"", ""rate"": 1.1}",0.5,0.5,0.0,0.0023451962042599916,0,0010111000011000,0100110110100101,NA,NA,NA,NA,NA,NA,NA,NA,NA,NA: Time stretching changes the temporal coordinate,5.92275,94764,0.2813686430454254,0.0,0.0,NA,22.142282919958234,88.49277207627892,ok,,"{""alignment_reason"": ""Time stretching changes the temporal coordinate"", ""clipping_fraction"": 0.0, ""duration_seconds"": 5.92275, ""family"": ""stretch"", ""hop_length"": 512, ""id"": ""stretch_11"", ""implementation"": ""librosa"", ""input_samples"": 104240, ""n_fft"": 2048, ""output_peak"": 0.2813686430454254, ""output_samples"": 94764, ""pre_limiter_peak"": 0.2813686430454254, ""rate"": 1.1, ""sample_aligned"": false, ""sample_rate"": 16000, ""seed"": 8448870662952893565}",da015c700aa0c16fd2222aa3ee756928620b962ce94d68bef7d4a708964ca667
20260905T233538.930635Z,b4f3de4a4f74b8742b201c9e0941cfe5166082fc,0ea442119cfa4d9f99e7b3b3ca6f55ddcdc1e56bc504ecce6b0481de96d1a73b,85a65f1f57cd5918e3529a1210a45ad78cb20cab8a6db637589aecc38e333336,15cd64de2c8ddb012c7001ab2b9d14b9009c3f6c85d26ac718ef884459e419c7,2830-3980-0065,2830,test-clean,6.515,20260905,positive,1,crop_10,crop,"{""family"": ""crop"", ""fraction"": 0.1, ""id"": ""crop_10""}",0.5,0.5,0.16707171499729156,0.18211497366428375,0,0010111000011000,0000101000010001,4,0.75,0.25,0,27.393288686253303,0.996348241417428,NA,NA,NA,NA: Contiguous crop changes length and may shift time origin,5.8635,93816,0.46540430188179016,0.0,0.0,6203.158103046007,0.40713499765843153,141.0670840414241,ok,,"{""alignment_reason"": ""Contiguous crop changes length and may shift time origin"", ""clipping_fraction"": 0.0, ""crop_end_sample"": 103333, ""crop_start_sample"": 9517, ""duration_seconds"": 5.8635, ""family"": ""crop"", ""fraction"": 0.1, ""id"": ""crop_10"", ""input_samples"": 104240, ""output_peak"": 0.46540430188179016, ""output_samples"": 93816, ""pre_limiter_peak"": 0.46540430188179016, ""removed_fraction_actual"": 0.09999999999999998, ""sample_aligned"": false, ""sample_rate"": 16000, ""seed"": 13109197331710131722}",f2b6dc7e995efadbceef3a341041e445b11b6bfc5c960d9bbf885c967b4a40cc
20260905T233538.930635Z,b4f3de4a4f74b8742b201c9e0941cfe5166082fc,0ea442119cfa4d9f99e7b3b3ca6f55ddcdc1e56bc504ecce6b0481de96d1a73b,85a65f1f57cd5918e3529a1210a45ad78cb20cab8a6db637589aecc38e333336,15cd64de2c8ddb012c7001ab2b9d14b9009c3f6c85d26ac718ef884459e419c7,2830-3980-0065,2830,test-clean,6.515,20260905,negative,0,crop_10,crop,"{""family"": ""crop"", ""fraction"": 0.1, ""id"": ""crop_10""}",0.5,0.5,0.0,0.009504612535238266,0,0010111000011000,0100100111110100,NA,NA,NA,NA,NA,NA,NA,NA,NA,NA: Contiguous crop changes length and may shift time origin,5.8635,93816,0.468719482421875,0.0,0.0,NA,0.4191779298707843,82.49595109373331,ok,,"{""alignment_reason"": ""Contiguous crop changes length and may shift time origin"", ""clipping_fraction"": 0.0, ""crop_end_sample"": 103333, ""crop_start_sample"": 9517, ""duration_seconds"": 5.8635, ""family"": ""crop"", ""fraction"": 0.1, ""id"": ""crop_10"", ""input_samples"": 104240, ""output_peak"": 0.468719482421875, ""output_samples"": 93816, ""pre_limiter_peak"": 0.468719482421875, ""removed_fraction_actual"": 0.09999999999999998, ""sample_aligned"": false, ""sample_rate"": 16000, ""seed"": 13109197331710131722}",b80597e54dfdf7567192337c1cca2bf8c5fa36bd0d7da648b52f56c63df97671
20260905T233538.930635Z,b4f3de4a4f74b8742b201c9e0941cfe5166082fc,0ea442119cfa4d9f99e7b3b3ca6f55ddcdc1e56bc504ecce6b0481de96d1a73b,85a65f1f57cd5918e3529a1210a45ad78cb20cab8a6db637589aecc38e333336,15cd64de2c8ddb012c7001ab2b9d14b9009c3f6c85d26ac718ef884459e419c7,2830-3980-0065,2830,test-clean,6.515,20260905,positive,1,crop_25,crop,"{""family"": ""crop"", ""fraction"": 0.25, ""id"": ""crop_25""}",0.5,0.5,0.9163596630096436,0.9019496440887451,1,0010111000011000,0010111100000000,3,0.8125,0.1875,0,27.393288686253303,0.996348241417428,NA,NA,NA,NA: Contiguous crop changes length and may shift time origin,4.88625,78180,0.46540430188179016,0.0,0.0,6203.158103046007,0.4368819063529372,122.81653401441872,ok,,"{""alignment_reason"": ""Contiguous crop changes length and may shift time origin"", ""clipping_fraction"": 0.0, ""crop_end_sample"": 96437, ""crop_start_sample"": 18257, ""duration_seconds"": 4.88625, ""family"": ""crop"", ""fraction"": 0.25, ""id"": ""crop_25"", ""input_samples"": 104240, ""output_peak"": 0.46540430188179016, ""output_samples"": 78180, ""pre_limiter_peak"": 0.46540430188179016, ""removed_fraction_actual"": 0.25, ""sample_aligned"": false, ""sample_rate"": 16000, ""seed"": 3289635303941603711}",617206f0f94da6f0f8deeb80ace080e59051a02b0753c9343f9442800a368085
20260905T233538.930635Z,b4f3de4a4f74b8742b201c9e0941cfe5166082fc,0ea442119cfa4d9f99e7b3b3ca6f55ddcdc1e56bc504ecce6b0481de96d1a73b,85a65f1f57cd5918e3529a1210a45ad78cb20cab8a6db637589aecc38e333336,15cd64de2c8ddb012c7001ab2b9d14b9009c3f6c85d26ac718ef884459e419c7,2830-3980-0065,2830,test-clean,6.515,20260905,negative,0,crop_25,crop,"{""family"": ""crop"", ""fraction"": 0.25, ""id"": ""crop_25""}",0.5,0.5,0.0,0.007695621345192194,0,0010111000011000,0101111101110100,NA,NA,NA,NA,NA,NA,NA,NA,NA,NA: Contiguous crop changes length and may shift time origin,4.88625,78180,0.468719482421875,0.0,0.0,NA,0.40452100802212954,68.51833802647889,ok,,"{""alignment_reason"": ""Contiguous crop changes length and may shift time origin"", ""clipping_fraction"": 0.0, ""crop_end_sample"": 96437, ""crop_start_sample"": 18257, ""duration_seconds"": 4.88625, ""family"": ""crop"", ""fraction"": 0.25, ""id"": ""crop_25"", ""input_samples"": 104240, ""output_peak"": 0.468719482421875, ""output_samples"": 78180, ""pre_limiter_peak"": 0.468719482421875, ""removed_fraction_actual"": 0.25, ""sample_aligned"": false, ""sample_rate"": 16000, ""seed"": 3289635303941603711}",a9fbb4222d8d158346b5fc3ab6bacffc2a4bc1ae25cae34bbd46bdc06f4b22e4
20260905T233538.930635Z,b4f3de4a4f74b8742b201c9e0941cfe5166082fc,0ea442119cfa4d9f99e7b3b3ca6f55ddcdc1e56bc504ecce6b0481de96d1a73b,85a65f1f57cd5918e3529a1210a45ad78cb20cab8a6db637589aecc38e333336,15cd64de2c8ddb012c7001ab2b9d14b9009c3f6c85d26ac718ef884459e419c7,7021-79740-0003,7021,test-clean,4.985,20260905,positive,1,clean,clean,"{""family"": ""clean"", ""id"": ""clean""}",0.5,0.5,1.0,0.9999912977218628,1,0100100111011011,0100100111011011,0,1.0,0.0,1,28.4197134087405,0.9991025647959144,0.9991025647959144,NA,28.4197134087405,aligned_to_original,4.985,79760,0.4024308919906616,0.0,0.0,1535.5928121134639,0.31089200638234615,70.6226349575445,ok,,"{""clipping_fraction"": 0.0, ""duration_seconds"": 4.985, ""family"": ""clean"", ""id"": ""clean"", ""input_samples"": 79760, ""output_peak"": 0.4024308919906616, ""output_samples"": 79760, ""pre_limiter_peak"": 0.4024308919906616, ""sample_aligned"": true, ""sample_rate"": 16000, ""seed"": 16351555149681162263}",c66cf744d570a3a74da7693d80257911b3790091fd8dbc623e1a211b85c32f6b
20260905T233538.930635Z,b4f3de4a4f74b8742b201c9e0941cfe5166082fc,0ea442119cfa4d9f99e7b3b3ca6f55ddcdc1e56bc504ecce6b0481de96d1a73b,85a65f1f57cd5918e3529a1210a45ad78cb20cab8a6db637589aecc38e333336,15cd64de2c8ddb012c7001ab2b9d14b9009c3f6c85d26ac718ef884459e419c7,7021-79740-0003,7021,test-clean,4.985,20260905,negative,0,clean,clean,"{""family"": ""clean"", ""id"": ""clean""}",0.5,0.5,0.006970912683755159,0.013757215812802315,0,0100100111011011,0110110110100100,NA,NA,NA,NA,NA,NA,0.9999999999999998,NA,inf,aligned_to_original,4.985,79760,0.402557373046875,0.0,0.0,NA,0.31636294443160295,71.7670350568369,ok,,"{""clipping_fraction"": 0.0, ""duration_seconds"": 4.985, ""family"": ""clean"", ""id"": ""clean"", ""input_samples"": 79760, ""output_peak"": 0.402557373046875, ""output_samples"": 79760, ""pre_limiter_peak"": 0.402557373046875, ""sample_aligned"": true, ""sample_rate"": 16000, ""seed"": 16351555149681162263}",b3eaaa7993bb032d384204d9d8323d556d873263893d0639da1935bef22b3051
20260905T233538.930635Z,b4f3de4a4f74b8742b201c9e0941cfe5166082fc,0ea442119cfa4d9f99e7b3b3ca6f55ddcdc1e56bc504ecce6b0481de96d1a73b,85a65f1f57cd5918e3529a1210a45ad78cb20cab8a6db637589aecc38e333336,15cd64de2c8ddb012c7001ab2b9d14b9009c3f6c85d26ac718ef884459e419c7,7021-79740-0003,7021,test-clean,4.985,20260905,positive,1,mp3_128,mp3,"{""bitrate_kbps"": 128, ""family"": ""mp3"", ""id"": ""mp3_128""}",0.5,0.5,1.0,0.9999908804893494,1,0100100111011011,0100100111011011,0,1.0,0.0,1,28.4197134087405,0.9991025647959144,NA,NA,NA,NA: MP3 codec delay/alignment not independently verified,4.985,79760,0.3811575770378113,0.0,0.0,1535.5928121134639,21.12338098231703,71.15527999121696,ok,,"{""alignment_reason"": ""MP3 codec delay/alignment not independently verified"", ""bitrate_kbps"": 128, ""clipping_fraction"": 0.0, ""codec"": ""libmp3lame"", ""duration_seconds"": 4.985, ""family"": ""mp3"", ""id"": ""mp3_128"", ""input_samples"": 79760, ""output_peak"": 0.3811575770378113, ""output_samples"": 79760, ""pre_limiter_peak"": 0.3811575770378113, ""sample_aligned"": false, ""sample_rate"": 16000, ""seed"": 4956495861902674994}",12ee56a79419e2e7b7712e1f5145b03a7e48e6bdcda2fc64e48c89b12d1e5079
20260905T233538.930635Z,b4f3de4a4f74b8742b201c9e0941cfe5166082fc,0ea442119cfa4d9f99e7b3b3ca6f55ddcdc1e56bc504ecce6b0481de96d1a73b,85a65f1f57cd5918e3529a1210a45ad78cb20cab8a6db637589aecc38e333336,15cd64de2c8ddb012c7001ab2b9d14b9009c3f6c85d26ac718ef884459e419c7,7021-79740-0003,7021,test-clean,4.985,20260905,negative,0,mp3_128,mp3,"{""bitrate_kbps"": 128, ""family"": ""mp3"", ""id"": ""mp3_128""}",0.5,0.5,0.006782848387956619,0.014184024184942245,0,0100100111011011,0110110110100100,NA,NA,NA,NA,NA,NA,NA,NA,NA,NA: MP3 codec delay/alignment not independently verified,4.985,79760,0.38157814741134644,0.0,0.0,NA,24.203898035921156,71.3995749829337,ok,,"{""alignment_reason"": ""MP3 codec delay/alignment not independently verified"", ""bitrate_kbps"": 128, ""clipping_fraction"": 0.0, ""codec"": ""libmp3lame"", ""duration_seconds"": 4.985, ""family"": ""mp3"", ""id"": ""mp3_128"", ""input_samples"": 79760, ""output_peak"": 0.38157814741134644, ""output_samples"": 79760, ""pre_limiter_peak"": 0.38157814741134644, ""sample_aligned"": false, ""sample_rate"": 16000, ""seed"": 4956495861902674994}",2393a4acccbd5259a5ae6d2772d50bd4da1e302bf31f7ed510538a31fa0bb9d3
20260905T233538.930635Z,b4f3de4a4f74b8742b201c9e0941cfe5166082fc,0ea442119cfa4d9f99e7b3b3ca6f55ddcdc1e56bc504ecce6b0481de96d1a73b,85a65f1f57cd5918e3529a1210a45ad78cb20cab8a6db637589aecc38e333336,15cd64de2c8ddb012c7001ab2b9d14b9009c3f6c85d26ac718ef884459e419c7,7021-79740-0003,7021,test-clean,4.985,20260905,positive,1,mp3_64,mp3,"{""bitrate_kbps"": 64, ""family"": ""mp3"", ""id"": ""mp3_64""}",0.5,0.5,1.0,0.9999898076057434,1,0100100111011011,0100100111011011,0,1.0,0.0,1,28.4197134087405,0.9991025647959144,NA,NA,NA,NA: MP3 codec delay/alignment not independently verified,4.985,79760,0.3804108202457428,0.0,0.0,1535.5928121134639,23.833693005144596,71.87793590128422,ok,,"{""alignment_reason"": ""MP3 codec delay/alignment not independently verified"", ""bitrate_kbps"": 64, ""clipping_fraction"": 0.0, ""codec"": ""libmp3lame"", ""duration_seconds"": 4.985, ""family"": ""mp3"", ""id"": ""mp3_64"", ""input_samples"": 79760, ""output_peak"": 0.3804108202457428, ""output_samples"": 79760, ""pre_limiter_peak"": 0.3804108202457428, ""sample_aligned"": false, ""sample_rate"": 16000, ""seed"": 5336118448871029506}",195f70504eae6f88d75c2147a2278a4f4de36bde42b84b9238b25278ec17fa11
20260905T233538.930635Z,b4f3de4a4f74b8742b201c9e0941cfe5166082fc,0ea442119cfa4d9f99e7b3b3ca6f55ddcdc1e56bc504ecce6b0481de96d1a73b,85a65f1f57cd5918e3529a1210a45ad78cb20cab8a6db637589aecc38e333336,15cd64de2c8ddb012c7001ab2b9d14b9009c3f6c85d26ac718ef884459e419c7,7021-79740-0003,7021,test-clean,4.985,20260905,negative,0,mp3_64,mp3,"{""bitrate_kbps"": 64, ""family"": ""mp3"", ""id"": ""mp3_64""}",0.5,0.5,0.0029463390819728374,0.015345548279583454,0,0100100111011011,0110110110100101,NA,NA,NA,NA,NA,NA,NA,NA,NA,NA: MP3 codec delay/alignment not independently verified,4.985,79760,0.3818449079990387,0.0,0.0,NA,25.96156601794064,70.99937205202878,ok,,"{""alignment_reason"": ""MP3 codec delay/alignment not independently verified"", ""bitrate_kbps"": 64, ""clipping_fraction"": 0.0, ""codec"": ""libmp3lame"", ""duration_seconds"": 4.985, ""family"": ""mp3"", ""id"": ""mp3_64"", ""input_samples"": 79760, ""output_peak"": 0.3818449079990387, ""output_samples"": 79760, ""pre_limiter_peak"": 0.3818449079990387, ""sample_aligned"": false, ""sample_rate"": 16000, ""seed"": 5336118448871029506}",59d6d50c90d49e35186e6bb0daaf049687ee35cc5c3104e33cfb96651d1dd872
20260905T233538.930635Z,b4f3de4a4f74b8742b201c9e0941cfe5166082fc,0ea442119cfa4d9f99e7b3b3ca6f55ddcdc1e56bc504ecce6b0481de96d1a73b,85a65f1f57cd5918e3529a1210a45ad78cb20cab8a6db637589aecc38e333336,15cd64de2c8ddb012c7001ab2b9d14b9009c3f6c85d26ac718ef884459e419c7,7021-79740-0003,7021,test-clean,4.985,20260905,positive,1,noise_30,noise,"{""family"": ""noise"", ""id"": ""noise_30"", ""snr_db"": 30}",0.5,0.5,0.7672016024589539,0.7584777474403381,1,0100100111011011,0100100111011011,0,1.0,0.0,1,28.4197134087405,0.9991025647959144,0.9839506439399655,NA,26.13162734380473,aligned_to_original,4.985,79760,0.40254488587379456,0.0,0.0,1535.5928121134639,1.764019951224327,69.98316803947091,ok,,"{""clipping_fraction"": 0.0, ""duration_seconds"": 4.985, ""family"": ""noise"", ""id"": ""noise_30"", ""input_samples"": 79760, ""noise_snr_db"": 29.999999983200567, ""noise_snr_db_pre_clipping"": 30.0, ""output_peak"": 0.40254488587379456, ""output_samples"": 79760, ""pre_limiter_peak"": 0.4025448960405862, ""sample_aligned"": true, ""sample_rate"": 16000, ""seed"": 5737664316337928540, ""snr_db"": 30}",94038078924e931dc9d1fcea4d3b61983f5bc12814893c257ce9f8ce7a521c80
20260905T233538.930635Z,b4f3de4a4f74b8742b201c9e0941cfe5166082fc,0ea442119cfa4d9f99e7b3b3ca6f55ddcdc1e56bc504ecce6b0481de96d1a73b,85a65f1f57cd5918e3529a1210a45ad78cb20cab8a6db637589aecc38e333336,15cd64de2c8ddb012c7001ab2b9d14b9009c3f6c85d26ac718ef884459e419c7,7021-79740-0003,7021,test-clean,4.985,20260905,negative,0,noise_30,noise,"{""family"": ""noise"", ""id"": ""noise_30"", ""snr_db"": 30}",0.5,0.5,0.004187562502920628,0.0133074214681983,0,0100100111011011,0100011110110101,NA,NA,NA,NA,NA,NA,0.9849263197537934,NA,29.999999975102618,aligned_to_original,4.985,79760,0.4026714563369751,0.0,0.0,NA,1.6876639565452933,71.31925201974809,ok,,"{""clipping_fraction"": 0.0, ""duration_seconds"": 4.985, ""family"": ""noise"", ""id"": ""noise_30"", ""input_samples"": 79760, ""noise_snr_db"": 29.999999975102618, ""noise_snr_db_pre_clipping"": 30.0, ""output_peak"": 0.4026714563369751, ""output_samples"": 79760, ""pre_limiter_peak"": 0.4026714489124881, ""sample_aligned"": true, ""sample_rate"": 16000, ""seed"": 5737664316337928540, ""snr_db"": 30}",c88c1e800d28791e4c05b075ec429c77e97765836c6aa09c5366069ef284b04e
20260905T233538.930635Z,b4f3de4a4f74b8742b201c9e0941cfe5166082fc,0ea442119cfa4d9f99e7b3b3ca6f55ddcdc1e56bc504ecce6b0481de96d1a73b,85a65f1f57cd5918e3529a1210a45ad78cb20cab8a6db637589aecc38e333336,15cd64de2c8ddb012c7001ab2b9d14b9009c3f6c85d26ac718ef884459e419c7,7021-79740-0003,7021,test-clean,4.985,20260905,positive,1,noise_20,noise,"{""family"": ""noise"", ""id"": ""noise_20"", ""snr_db"": 20}",0.5,0.5,0.40915244817733765,0.41810038685798645,0,0100100111011011,0100100111011011,0,1.0,0.0,1,28.4197134087405,0.9991025647959144,0.9527323812879684,NA,19.40267393411791,aligned_to_original,4.985,79760,0.39794862270355225,0.0,0.0,1535.5928121134639,1.683235983364284,71.4944259962067,ok,,"{""clipping_fraction"": 0.0, ""duration_seconds"": 4.985, ""family"": ""noise"", ""id"": ""noise_20"", ""input_samples"": 79760, ""noise_snr_db"": 20.0000000031851, ""noise_snr_db_pre_clipping"": 19.999999999999996, ""output_peak"": 0.39794862270355225, ""output_samples"": 79760, ""pre_limiter_peak"": 0.39794861036183493, ""sample_aligned"": true, ""sample_rate"": 16000, ""seed"": 14202105627546016268, ""snr_db"": 20}",f9f8e54a3d4ec81585eaea6840d3379aa4e11a9d3367620ace57b9226f8f6293
20260905T233538.930635Z,b4f3de4a4f74b8742b201c9e0941cfe5166082fc,0ea442119cfa4d9f99e7b3b3ca6f55ddcdc1e56bc504ecce6b0481de96d1a73b,85a65f1f57cd5918e3529a1210a45ad78cb20cab8a6db637589aecc38e333336,15cd64de2c8ddb012c7001ab2b9d14b9009c3f6c85d26ac718ef884459e419c7,7021-79740-0003,7021,test-clean,4.985,20260905,negative,0,noise_20,noise,"{""family"": ""noise"", ""id"": ""noise_20"", ""snr_db"": 20}",0.5,0.5,0.0,0.006927686743438244,0,0100100111011011,0100011110100101,NA,NA,NA,NA,NA,NA,0.9535980743276686,NA,20.00000001783679,aligned_to_original,4.985,79760,0.3980722725391388,0.0,0.0,NA,1.677665044553578,71.13465096335858,ok,,"{""clipping_fraction"": 0.0, ""duration_seconds"": 4.985, ""family"": ""noise"", ""id"": ""noise_20"", ""input_samples"": 79760, ""noise_snr_db"": 20.00000001783679, ""noise_snr_db_pre_clipping"": 20.0, ""output_peak"": 0.3980722725391388, ""output_samples"": 79760, ""pre_limiter_peak"": 0.3980722678504503, ""sample_aligned"": true, ""sample_rate"": 16000, ""seed"": 14202105627546016268, ""snr_db"": 20}",d486d30b66089fb9aeb847bc285b017380a8a3baa4eca015bbfb0c47fc9d121c
20260905T233538.930635Z,b4f3de4a4f74b8742b201c9e0941cfe5166082fc,0ea442119cfa4d9f99e7b3b3ca6f55ddcdc1e56bc504ecce6b0481de96d1a73b,85a65f1f57cd5918e3529a1210a45ad78cb20cab8a6db637589aecc38e333336,15cd64de2c8ddb012c7001ab2b9d14b9009c3f6c85d26ac718ef884459e419c7,7021-79740-0003,7021,test-clean,4.985,20260905,positive,1,resample_12000,resample,"{""family"": ""resample"", ""id"": ""resample_12000"", ""intermediate_sr"": 12000}",0.5,0.5,1.0,0.9999911785125732,1,0100100111011011,0100100111011011,0,1.0,0.0,1,28.4197134087405,0.9991025647959144,0.9990940665001287,NA,26.2118357411143,aligned_to_original,4.985,79760,0.4017164707183838,0.0,0.0,1535.5928121134639,2.535438979975879,71.10851001925766,ok,,"{""clipping_fraction"": 0.0, ""duration_seconds"": 4.985, ""family"": ""resample"", ""id"": ""resample_12000"", ""input_samples"": 79760, ""intermediate_sr"": 12000, ""output_peak"": 0.4017164707183838, ""output_samples"": 79760, ""pre_limiter_peak"": 0.4017164707183838, ""resampler"": ""scipy.signal.resample_poly"", ""resampler_window"": [""kaiser"", 5.0], ""sample_aligned"": true, ""sample_rate"": 16000, ""seed"": 995847979792837641}",ef91eccc69cad0486453a30b8f82afde4ce57176b69e15289813d48536496b39
20260905T233538.930635Z,b4f3de4a4f74b8742b201c9e0941cfe5166082fc,0ea442119cfa4d9f99e7b3b3ca6f55ddcdc1e56bc504ecce6b0481de96d1a73b,85a65f1f57cd5918e3529a1210a45ad78cb20cab8a6db637589aecc38e333336,15cd64de2c8ddb012c7001ab2b9d14b9009c3f6c85d26ac718ef884459e419c7,7021-79740-0003,7021,test-clean,4.985,20260905,negative,0,resample_12000,resample,"{""family"": ""resample"", ""id"": ""resample_12000"", ""intermediate_sr"": 12000}",0.5,0.5,0.006983450148254633,0.013857617042958736,0,0100100111011011,0110110110100100,NA,NA,NA,NA,NA,NA,0.9999914325164552,NA,30.20500789396761,aligned_to_original,4.985,79760,0.4021344482898712,0.0,0.0,NA,2.5456880684942007,70.54817397147417,ok,,"{""clipping_fraction"": 0.0, ""duration_seconds"": 4.985, ""family"": ""resample"", ""id"": ""resample_12000"", ""input_samples"": 79760, ""intermediate_sr"": 12000, ""output_peak"": 0.4021344482898712, ""output_samples"": 79760, ""pre_limiter_peak"": 0.4021344482898712, ""resampler"": ""scipy.signal.resample_poly"", ""resampler_window"": [""kaiser"", 5.0], ""sample_aligned"": true, ""sample_rate"": 16000, ""seed"": 995847979792837641}",f8da363a67bd596df4d0db5dc8146cae6e12cf7901226e75ab620ca81466c561
20260905T233538.930635Z,b4f3de4a4f74b8742b201c9e0941cfe5166082fc,0ea442119cfa4d9f99e7b3b3ca6f55ddcdc1e56bc504ecce6b0481de96d1a73b,85a65f1f57cd5918e3529a1210a45ad78cb20cab8a6db637589aecc38e333336,15cd64de2c8ddb012c7001ab2b9d14b9009c3f6c85d26ac718ef884459e419c7,7021-79740-0003,7021,test-clean,4.985,20260905,positive,1,resample_8000,resample,"{""family"": ""resample"", ""id"": ""resample_8000"", ""intermediate_sr"": 8000}",0.5,0.5,1.0,0.9999923706054688,1,0100100111011011,0100100111011011,0,1.0,0.0,1,28.4197134087405,0.9991025647959144,0.9958622541851115,NA,23.142498339357967,aligned_to_original,4.985,79760,0.41219374537467957,0.0,0.0,1535.5928121134639,2.5964650558307767,70.68798004183918,ok,,"{""clipping_fraction"": 0.0, ""duration_seconds"": 4.985, ""family"": ""resample"", ""id"": ""resample_8000"", ""input_samples"": 79760, ""intermediate_sr"": 8000, ""output_peak"": 0.41219374537467957, ""output_samples"": 79760, ""pre_limiter_peak"": 0.41219374537467957, ""resampler"": ""scipy.signal.resample_poly"", ""resampler_window"": [""kaiser"", 5.0], ""sample_aligned"": true, ""sample_rate"": 16000, ""seed"": 13318777105182799803}",084e0e36e442723b9e7247fce5c7bcc70a3433dd565c4b200b9517ad7d29a697
20260905T233538.930635Z,b4f3de4a4f74b8742b201c9e0941cfe5166082fc,0ea442119cfa4d9f99e7b3b3ca6f55ddcdc1e56bc504ecce6b0481de96d1a73b,85a65f1f57cd5918e3529a1210a45ad78cb20cab8a6db637589aecc38e333336,15cd64de2c8ddb012c7001ab2b9d14b9009c3f6c85d26ac718ef884459e419c7,7021-79740-0003,7021,test-clean,4.985,20260905,negative,0,resample_8000,resample,"{""family"": ""resample"", ""id"": ""resample_8000"", ""intermediate_sr"": 8000}",0.5,0.5,0.004375626798719168,0.016684437170624733,0,0100100111011011,0110010110100101,NA,NA,NA,NA,NA,NA,0.99675454211731,NA,24.671996933656615,aligned_to_original,4.985,79760,0.4123201370239258,0.0,0.0,NA,2.5668590096756816,72.35046604182571,ok,,"{""clipping_fraction"": 0.0, ""duration_seconds"": 4.985, ""family"": ""resample"", ""id"": ""resample_8000"", ""input_samples"": 79760, ""intermediate_sr"": 8000, ""output_peak"": 0.4123201370239258, ""output_samples"": 79760, ""pre_limiter_peak"": 0.4123201370239258, ""resampler"": ""scipy.signal.resample_poly"", ""resampler_window"": [""kaiser"", 5.0], ""sample_aligned"": true, ""sample_rate"": 16000, ""seed"": 13318777105182799803}",6fdefc94f5dd2ff767bca9df42048b80fa16ed85f9e769ae903496a30cfde384
20260905T233538.930635Z,b4f3de4a4f74b8742b201c9e0941cfe5166082fc,0ea442119cfa4d9f99e7b3b3ca6f55ddcdc1e56bc504ecce6b0481de96d1a73b,85a65f1f57cd5918e3529a1210a45ad78cb20cab8a6db637589aecc38e333336,15cd64de2c8ddb012c7001ab2b9d14b9009c3f6c85d26ac718ef884459e419c7,7021-79740-0003,7021,test-clean,4.985,20260905,positive,1,pitch_minus2,pitch,"{""family"": ""pitch"", ""id"": ""pitch_minus2"", ""semitones"": -2}",0.5,0.5,0.0,0.011663583107292652,0,0100100111011011,0110011110110101,9,0.4375,0.5625,0,28.4197134087405,0.9991025647959144,NA,NA,NA,NA: Pitch shifting changes sample phase and content,4.985,79760,0.2465660125017166,0.0,0.0,1535.5928121134639,17.744094948284328,71.3967690244317,ok,,"{""alignment_reason"": ""Pitch shifting changes sample phase and content"", ""clipping_fraction"": 0.0, ""duration_seconds"": 4.985, ""family"": ""pitch"", ""hop_length"": 512, ""id"": ""pitch_minus2"", ""implementation"": ""librosa"", ""input_samples"": 79760, ""n_fft"": 2048, ""output_peak"": 0.2465660125017166, ""output_samples"": 79760, ""pre_limiter_peak"": 0.2465660125017166, ""res_type"": ""soxr_hq"", ""sample_aligned"": false, ""sample_rate"": 16000, ""seed"": 3977666960466273062, ""semitones"": -2}",5b74a6a559622a0b6fd0a54c7823b07a4a58daf2e4a634e2c8f2b58ad4ab9eb1
20260905T233538.930635Z,b4f3de4a4f74b8742b201c9e0941cfe5166082fc,0ea442119cfa4d9f99e7b3b3ca6f55ddcdc1e56bc504ecce6b0481de96d1a73b,85a65f1f57cd5918e3529a1210a45ad78cb20cab8a6db637589aecc38e333336,15cd64de2c8ddb012c7001ab2b9d14b9009c3f6c85d26ac718ef884459e419c7,7021-79740-0003,7021,test-clean,4.985,20260905,negative,0,pitch_minus2,pitch,"{""family"": ""pitch"", ""id"": ""pitch_minus2"", ""semitones"": -2}",0.5,0.5,0.0,0.002040785038843751,0,0100100111011011,0110110100110101,NA,NA,NA,NA,NA,NA,NA,NA,NA,NA: Pitch shifting changes sample phase and content,4.985,79760,0.3024047017097473,0.0,0.0,NA,18.17126793321222,71.62484398577362,ok,,"{""alignment_reason"": ""Pitch shifting changes sample phase and content"", ""clipping_fraction"": 0.0, ""duration_seconds"": 4.985, ""family"": ""pitch"", ""hop_length"": 512, ""id"": ""pitch_minus2"", ""implementation"": ""librosa"", ""input_samples"": 79760, ""n_fft"": 2048, ""output_peak"": 0.3024047017097473, ""output_samples"": 79760, ""pre_limiter_peak"": 0.3024047017097473, ""res_type"": ""soxr_hq"", ""sample_aligned"": false, ""sample_rate"": 16000, ""seed"": 3977666960466273062, ""semitones"": -2}",bd642a830d716d2660b79dc4f3f4cf57391ea672c43838556bb2bf0a262ef4b7
20260905T233538.930635Z,b4f3de4a4f74b8742b201c9e0941cfe5166082fc,0ea442119cfa4d9f99e7b3b3ca6f55ddcdc1e56bc504ecce6b0481de96d1a73b,85a65f1f57cd5918e3529a1210a45ad78cb20cab8a6db637589aecc38e333336,15cd64de2c8ddb012c7001ab2b9d14b9009c3f6c85d26ac718ef884459e419c7,7021-79740-0003,7021,test-clean,4.985,20260905,positive,1,pitch_plus2,pitch,"{""family"": ""pitch"", ""id"": ""pitch_plus2"", ""semitones"": 2}",0.5,0.5,0.0032973922789096832,0.030284695327281952,0,0100100111011011,0111011101101101,10,0.375,0.625,0,28.4197134087405,0.9991025647959144,NA,NA,NA,NA: Pitch shifting changes sample phase and content,4.985,79760,0.24589379131793976,0.0,0.0,1535.5928121134639,21.69080195017159,71.5582970296964,ok,,"{""alignment_reason"": ""Pitch shifting changes sample phase and content"", ""clipping_fraction"": 0.0, ""duration_seconds"": 4.985, ""family"": ""pitch"", ""hop_length"": 512, ""id"": ""pitch_plus2"", ""implementation"": ""librosa"", ""input_samples"": 79760, ""n_fft"": 2048, ""output_peak"": 0.24589379131793976, ""output_samples"": 79760, ""pre_limiter_peak"": 0.24589379131793976, ""res_type"": ""soxr_hq"", ""sample_aligned"": false, ""sample_rate"": 16000, ""seed"": 9949340214315551512, ""semitones"": 2}",525463109c680b4581098ca7d2195c60e7f652fea73289fcb2a81ec30d1f20a1
20260905T233538.930635Z,b4f3de4a4f74b8742b201c9e0941cfe5166082fc,0ea442119cfa4d9f99e7b3b3ca6f55ddcdc1e56bc504ecce6b0481de96d1a73b,85a65f1f57cd5918e3529a1210a45ad78cb20cab8a6db637589aecc38e333336,15cd64de2c8ddb012c7001ab2b9d14b9009c3f6c85d26ac718ef884459e419c7,7021-79740-0003,7021,test-clean,4.985,20260905,negative,0,pitch_plus2,pitch,"{""family"": ""pitch"", ""id"": ""pitch_plus2"", ""semitones"": 2}",0.5,0.5,0.0,0.0034499850589782,0,0100100111011011,0110110110100100,NA,NA,NA,NA,NA,NA,NA,NA,NA,NA: Pitch shifting changes sample phase and content,4.985,79760,0.24701917171478271,0.0,0.0,NA,21.53624698985368,70.84835495334119,ok,,"{""alignment_reason"": ""Pitch shifting changes sample phase and content"", ""clipping_fraction"": 0.0, ""duration_seconds"": 4.985, ""family"": ""pitch"", ""hop_length"": 512, ""id"": ""pitch_plus2"", ""implementation"": ""librosa"", ""input_samples"": 79760, ""n_fft"": 2048, ""output_peak"": 0.24701917171478271, ""output_samples"": 79760, ""pre_limiter_peak"": 0.24701917171478271, ""res_type"": ""soxr_hq"", ""sample_aligned"": false, ""sample_rate"": 16000, ""seed"": 9949340214315551512, ""semitones"": 2}",45202c460781c1b51bd2a4771ea566d630ced6fc97aa7fa4f7561301ba79e8f1
20260905T233538.930635Z,b4f3de4a4f74b8742b201c9e0941cfe5166082fc,0ea442119cfa4d9f99e7b3b3ca6f55ddcdc1e56bc504ecce6b0481de96d1a73b,85a65f1f57cd5918e3529a1210a45ad78cb20cab8a6db637589aecc38e333336,15cd64de2c8ddb012c7001ab2b9d14b9009c3f6c85d26ac718ef884459e419c7,7021-79740-0003,7021,test-clean,4.985,20260905,positive,1,stretch_09,stretch,"{""family"": ""stretch"", ""id"": ""stretch_09"", ""rate"": 0.9}",0.5,0.5,0.1915212869644165,0.23268267512321472,0,0100100111011011,0100100111011011,0,1.0,0.0,1,28.4197134087405,0.9991025647959144,NA,NA,NA,NA: Time stretching changes the temporal coordinate,5.538875,88622,0.20328021049499512,0.0,0.0,1535.5928121134639,20.274483948014677,135.3907099692151,ok,,"{""alignment_reason"": ""Time stretching changes the temporal coordinate"", ""clipping_fraction"": 0.0, ""duration_seconds"": 5.538875, ""family"": ""stretch"", ""hop_length"": 512, ""id"": ""stretch_09"", ""implementation"": ""librosa"", ""input_samples"": 79760, ""n_fft"": 2048, ""output_peak"": 0.20328021049499512, ""output_samples"": 88622, ""pre_limiter_peak"": 0.20328021049499512, ""rate"": 0.9, ""sample_aligned"": false, ""sample_rate"": 16000, ""seed"": 1926134920640163928}",430866ef42c9585d32305a53a396de3fb637bb5fd0f2fc4420f7dfd1b1a0c0a2
20260905T233538.930635Z,b4f3de4a4f74b8742b201c9e0941cfe5166082fc,0ea442119cfa4d9f99e7b3b3ca6f55ddcdc1e56bc504ecce6b0481de96d1a73b,85a65f1f57cd5918e3529a1210a45ad78cb20cab8a6db637589aecc38e333336,15cd64de2c8ddb012c7001ab2b9d14b9009c3f6c85d26ac718ef884459e419c7,7021-79740-0003,7021,test-clean,4.985,20260905,negative,0,stretch_09,stretch,"{""family"": ""stretch"", ""id"": ""stretch_09"", ""rate"": 0.9}",0.5,0.5,0.0032723252661526203,0.00851375237107277,0,0100100111011011,1100111110100101,NA,NA,NA,NA,NA,NA,NA,NA,NA,NA: Time stretching changes the temporal coordinate,5.538875,88622,0.22244180738925934,0.0,0.0,NA,19.66928190086037,79.49318003375083,ok,,"{""alignment_reason"": ""Time stretching changes the temporal coordinate"", ""clipping_fraction"": 0.0, ""duration_seconds"": 5.538875, ""family"": ""stretch"", ""hop_length"": 512, ""id"": ""stretch_09"", ""implementation"": ""librosa"", ""input_samples"": 79760, ""n_fft"": 2048, ""output_peak"": 0.22244180738925934, ""output_samples"": 88622, ""pre_limiter_peak"": 0.22244180738925934, ""rate"": 0.9, ""sample_aligned"": false, ""sample_rate"": 16000, ""seed"": 1926134920640163928}",57b17a51029e64e49d7750acde00710bda051fd761a5fa95e7b419f7e92510b2
20260905T233538.930635Z,b4f3de4a4f74b8742b201c9e0941cfe5166082fc,0ea442119cfa4d9f99e7b3b3ca6f55ddcdc1e56bc504ecce6b0481de96d1a73b,85a65f1f57cd5918e3529a1210a45ad78cb20cab8a6db637589aecc38e333336,15cd64de2c8ddb012c7001ab2b9d14b9009c3f6c85d26ac718ef884459e419c7,7021-79740-0003,7021,test-clean,4.985,20260905,positive,1,stretch_11,stretch,"{""family"": ""stretch"", ""id"": ""stretch_11"", ""rate"": 1.1}",0.5,0.5,0.29459792375564575,0.2827144265174866,0,0100100111011011,0100100111011011,0,1.0,0.0,1,28.4197134087405,0.9991025647959144,NA,NA,NA,NA: Time stretching changes the temporal coordinate,4.5318125,72509,0.22383297979831696,0.0,0.0,1535.5928121134639,16.673546051606536,116.27943092025816,ok,,"{""alignment_reason"": ""Time stretching changes the temporal coordinate"", ""clipping_fraction"": 0.0, ""duration_seconds"": 4.5318125, ""family"": ""stretch"", ""hop_length"": 512, ""id"": ""stretch_11"", ""implementation"": ""librosa"", ""input_samples"": 79760, ""n_fft"": 2048, ""output_peak"": 0.22383297979831696, ""output_samples"": 72509, ""pre_limiter_peak"": 0.22383297979831696, ""rate"": 1.1, ""sample_aligned"": false, ""sample_rate"": 16000, ""seed"": 9009029250376126084}",669b0424e86fc280cef6a50e4c13860b4593fb3984af96970d8efa7df17a534e
20260905T233538.930635Z,b4f3de4a4f74b8742b201c9e0941cfe5166082fc,0ea442119cfa4d9f99e7b3b3ca6f55ddcdc1e56bc504ecce6b0481de96d1a73b,85a65f1f57cd5918e3529a1210a45ad78cb20cab8a6db637589aecc38e333336,15cd64de2c8ddb012c7001ab2b9d14b9009c3f6c85d26ac718ef884459e419c7,7021-79740-0003,7021,test-clean,4.985,20260905,negative,0,stretch_11,stretch,"{""family"": ""stretch"", ""id"": ""stretch_11"", ""rate"": 1.1}",0.5,0.5,0.003144437214359641,0.024257270619273186,0,0100100111011011,0110011110110100,NA,NA,NA,NA,NA,NA,NA,NA,NA,NA: Time stretching changes the temporal coordinate,4.5318125,72509,0.23280884325504303,0.0,0.0,NA,17.327341018244624,66.18732796050608,ok,,"{""alignment_reason"": ""Time stretching changes the temporal coordinate"", ""clipping_fraction"": 0.0, ""duration_seconds"": 4.5318125, ""family"": ""stretch"", ""hop_length"": 512, ""id"": ""stretch_11"", ""implementation"": ""librosa"", ""input_samples"": 79760, ""n_fft"": 2048, ""output_peak"": 0.23280884325504303, ""output_samples"": 72509, ""pre_limiter_peak"": 0.23280884325504303, ""rate"": 1.1, ""sample_aligned"": false, ""sample_rate"": 16000, ""seed"": 9009029250376126084}",0957ddedbfd1f68453f4b6a50e50815b584db5cd4d81fe8ad30bf5735849e468
20260905T233538.930635Z,b4f3de4a4f74b8742b201c9e0941cfe5166082fc,0ea442119cfa4d9f99e7b3b3ca6f55ddcdc1e56bc504ecce6b0481de96d1a73b,85a65f1f57cd5918e3529a1210a45ad78cb20cab8a6db637589aecc38e333336,15cd64de2c8ddb012c7001ab2b9d14b9009c3f6c85d26ac718ef884459e419c7,7021-79740-0003,7021,test-clean,4.985,20260905,positive,1,crop_10,crop,"{""family"": ""crop"", ""fraction"": 0.1, ""id"": ""crop_10""}",0.5,0.5,0.983993649482727,0.9779807329177856,1,0100100111011011,0100100111011011,0,1.0,0.0,1,28.4197134087405,0.9991025647959144,NA,NA,NA,NA: Contiguous crop changes length and may shift time origin,4.4865,71784,0.4024308919906616,0.0,0.0,1535.5928121134639,0.34328398760408163,99.05331302434206,ok,,"{""alignment_reason"": ""Contiguous crop changes length and may shift time origin"", ""clipping_fraction"": 0.0, ""crop_end_sample"": 77171, ""crop_start_sample"": 5387, ""duration_seconds"": 4.4865, ""family"": ""crop"", ""fraction"": 0.1, ""id"": ""crop_10"", ""input_samples"": 79760, ""output_peak"": 0.4024308919906616, ""output_samples"": 71784, ""pre_limiter_peak"": 0.4024308919906616, ""removed_fraction_actual"": 0.09999999999999998, ""sample_aligned"": false, ""sample_rate"": 16000, ""seed"": 16522496998111960742}",b3d8af3a842889263f10677503afbc088d3184bb9b4d96fb8202b0a00cb579be
20260905T233538.930635Z,b4f3de4a4f74b8742b201c9e0941cfe5166082fc,0ea442119cfa4d9f99e7b3b3ca6f55ddcdc1e56bc504ecce6b0481de96d1a73b,85a65f1f57cd5918e3529a1210a45ad78cb20cab8a6db637589aecc38e333336,15cd64de2c8ddb012c7001ab2b9d14b9009c3f6c85d26ac718ef884459e419c7,7021-79740-0003,7021,test-clean,4.985,20260905,negative,0,crop_10,crop,"{""family"": ""crop"", ""fraction"": 0.1, ""id"": ""crop_10""}",0.5,0.5,0.0007661874406039715,0.011565967462956905,0,0100100111011011,0010110110110100,NA,NA,NA,NA,NA,NA,NA,NA,NA,NA: Contiguous crop changes length and may shift time origin,4.4865,71784,0.402557373046875,0.0,0.0,NA,0.3294280031695962,66.30975101143122,ok,,"{""alignment_reason"": ""Contiguous crop changes length and may shift time origin"", ""clipping_fraction"": 0.0, ""crop_end_sample"": 77171, ""crop_start_sample"": 5387, ""duration_seconds"": 4.4865, ""family"": ""crop"", ""fraction"": 0.1, ""id"": ""crop_10"", ""input_samples"": 79760, ""output_peak"": 0.402557373046875, ""output_samples"": 71784, ""pre_limiter_peak"": 0.402557373046875, ""removed_fraction_actual"": 0.09999999999999998, ""sample_aligned"": false, ""sample_rate"": 16000, ""seed"": 16522496998111960742}",10f81c9225708e7de226ba943c860b5e295f6e06dc38214afce3632f62223262
20260905T233538.930635Z,b4f3de4a4f74b8742b201c9e0941cfe5166082fc,0ea442119cfa4d9f99e7b3b3ca6f55ddcdc1e56bc504ecce6b0481de96d1a73b,85a65f1f57cd5918e3529a1210a45ad78cb20cab8a6db637589aecc38e333336,15cd64de2c8ddb012c7001ab2b9d14b9009c3f6c85d26ac718ef884459e419c7,7021-79740-0003,7021,test-clean,4.985,20260905,positive,1,crop_25,crop,"{""family"": ""crop"", ""fraction"": 0.25, ""id"": ""crop_25""}",0.5,0.5,0.9827315211296082,0.9765110611915588,1,0100100111011011,0000010111010010,5,0.6875,0.3125,0,28.4197134087405,0.9991025647959144,NA,NA,NA,NA: Contiguous crop changes length and may shift time origin,3.73875,59820,0.3631514608860016,0.0,0.0,1535.5928121134639,0.2926670713350177,215.00700199976563,ok,,"{""alignment_reason"": ""Contiguous crop changes length and may shift time origin"", ""clipping_fraction"": 0.0, ""crop_end_sample"": 67940, ""crop_start_sample"": 8120, ""duration_seconds"": 3.73875, ""family"": ""crop"", ""fraction"": 0.25, ""id"": ""crop_25"", ""input_samples"": 79760, ""output_peak"": 0.3631514608860016, ""output_samples"": 59820, ""pre_limiter_peak"": 0.3631514608860016, ""removed_fraction_actual"": 0.25, ""sample_aligned"": false, ""sample_rate"": 16000, ""seed"": 13831880696141937202}",085ab5f4322ec554c69171a555bebc08926e98a1e60b7d1d88f9aa71cddec31d
20260905T233538.930635Z,b4f3de4a4f74b8742b201c9e0941cfe5166082fc,0ea442119cfa4d9f99e7b3b3ca6f55ddcdc1e56bc504ecce6b0481de96d1a73b,85a65f1f57cd5918e3529a1210a45ad78cb20cab8a6db637589aecc38e333336,15cd64de2c8ddb012c7001ab2b9d14b9009c3f6c85d26ac718ef884459e419c7,7021-79740-0003,7021,test-clean,4.985,20260905,negative,0,crop_25,crop,"{""family"": ""crop"", ""fraction"": 0.25, ""id"": ""crop_25""}",0.5,0.5,0.0,0.00021930050570517778,0,0100100111011011,0110111110100100,NA,NA,NA,NA,NA,NA,NA,NA,NA,NA: Contiguous crop changes length and may shift time origin,3.73875,59820,0.37481689453125,0.0,0.0,NA,0.3147890092805028,60.06880500353873,ok,,"{""alignment_reason"": ""Contiguous crop changes length and may shift time origin"", ""clipping_fraction"": 0.0, ""crop_end_sample"": 67940, ""crop_start_sample"": 8120, ""duration_seconds"": 3.73875, ""family"": ""crop"", ""fraction"": 0.25, ""id"": ""crop_25"", ""input_samples"": 79760, ""output_peak"": 0.37481689453125, ""output_samples"": 59820, ""pre_limiter_peak"": 0.37481689453125, ""removed_fraction_actual"": 0.25, ""sample_aligned"": false, ""sample_rate"": 16000, ""seed"": 13831880696141937202}",c3564836b2704742ced4572175913435e9bccae86e2a14c802e3bea188f08a84
20260905T233538.930635Z,b4f3de4a4f74b8742b201c9e0941cfe5166082fc,0ea442119cfa4d9f99e7b3b3ca6f55ddcdc1e56bc504ecce6b0481de96d1a73b,85a65f1f57cd5918e3529a1210a45ad78cb20cab8a6db637589aecc38e333336,15cd64de2c8ddb012c7001ab2b9d14b9009c3f6c85d26ac718ef884459e419c7,5105-28241-0003,5105,test-clean,3.98,20260905,positive,1,clean,clean,"{""family"": ""clean"", ""id"": ""clean""}",0.5,0.5,1.0,0.9999864101409912,1,1011100010001010,1011100010001010,0,1.0,0.0,1,26.404718847271063,0.9986095452579181,0.9986095452579181,NA,26.404718847271063,aligned_to_original,3.98,63680,0.45151829719543457,0.0,0.0,1193.5850939480588,0.3116439329460263,99.9199120560661,ok,,"{""clipping_fraction"": 0.0, ""duration_seconds"": 3.98, ""family"": ""clean"", ""id"": ""clean"", ""input_samples"": 63680, ""output_peak"": 0.45151829719543457, ""output_samples"": 63680, ""pre_limiter_peak"": 0.45151829719543457, ""sample_aligned"": true, ""sample_rate"": 16000, ""seed"": 16026529222503909900}",3680db9f122273ace1665eb0df39c87bbec0ef958356cbd982017e69489aff5a
20260905T233538.930635Z,b4f3de4a4f74b8742b201c9e0941cfe5166082fc,0ea442119cfa4d9f99e7b3b3ca6f55ddcdc1e56bc504ecce6b0481de96d1a73b,85a65f1f57cd5918e3529a1210a45ad78cb20cab8a6db637589aecc38e333336,15cd64de2c8ddb012c7001ab2b9d14b9009c3f6c85d26ac718ef884459e419c7,5105-28241-0003,5105,test-clean,3.98,20260905,negative,0,clean,clean,"{""family"": ""clean"", ""id"": ""clean""}",0.5,0.5,0.0,0.0016665393486618996,0,1011100010001010,1110110110100100,NA,NA,NA,NA,NA,NA,0.9999999999999996,NA,inf,aligned_to_original,3.98,63680,0.45904541015625,0.0,0.0,NA,0.276547041721642,59.28992002736777,ok,,"{""clipping_fraction"": 0.0, ""duration_seconds"": 3.98, ""family"": ""clean"", ""id"": ""clean"", ""input_samples"": 63680, ""output_peak"": 0.45904541015625, ""output_samples"": 63680, ""pre_limiter_peak"": 0.45904541015625, ""sample_aligned"": true, ""sample_rate"": 16000, ""seed"": 16026529222503909900}",087629fa1183bead17289f60441258ba6337c68a07c994b539fda6d82fd73865
20260905T233538.930635Z,b4f3de4a4f74b8742b201c9e0941cfe5166082fc,0ea442119cfa4d9f99e7b3b3ca6f55ddcdc1e56bc504ecce6b0481de96d1a73b,85a65f1f57cd5918e3529a1210a45ad78cb20cab8a6db637589aecc38e333336,15cd64de2c8ddb012c7001ab2b9d14b9009c3f6c85d26ac718ef884459e419c7,5105-28241-0003,5105,test-clean,3.98,20260905,positive,1,mp3_128,mp3,"{""bitrate_kbps"": 128, ""family"": ""mp3"", ""id"": ""mp3_128""}",0.5,0.5,1.0,0.9999851584434509,1,1011100010001010,1011100010001010,0,1.0,0.0,1,26.404718847271063,0.9986095452579181,NA,NA,NA,NA: MP3 codec delay/alignment not independently verified,3.98,63680,0.4278542697429657,0.0,0.0,1193.5850939480588,19.77656490635127,59.39454899635166,ok,,"{""alignment_reason"": ""MP3 codec delay/alignment not independently verified"", ""bitrate_kbps"": 128, ""clipping_fraction"": 0.0, ""codec"": ""libmp3lame"", ""duration_seconds"": 3.98, ""family"": ""mp3"", ""id"": ""mp3_128"", ""input_samples"": 63680, ""output_peak"": 0.4278542697429657, ""output_samples"": 63680, ""pre_limiter_peak"": 0.4278542697429657, ""sample_aligned"": false, ""sample_rate"": 16000, ""seed"": 4364645751946203315}",5103de41608b5f1b0cea4183804cc301b377e6aa893531d396b02f2014a96933
20260905T233538.930635Z,b4f3de4a4f74b8742b201c9e0941cfe5166082fc,0ea442119cfa4d9f99e7b3b3ca6f55ddcdc1e56bc504ecce6b0481de96d1a73b,85a65f1f57cd5918e3529a1210a45ad78cb20cab8a6db637589aecc38e333336,15cd64de2c8ddb012c7001ab2b9d14b9009c3f6c85d26ac718ef884459e419c7,5105-28241-0003,5105,test-clean,3.98,20260905,negative,0,mp3_128,mp3,"{""bitrate_kbps"": 128, ""family"": ""mp3"", ""id"": ""mp3_128""}",0.5,0.5,0.0,0.0012526364298537374,0,1011100010001010,0110110110100100,NA,NA,NA,NA,NA,NA,NA,NA,NA,NA: MP3 codec delay/alignment not independently verified,3.98,63680,0.43522214889526367,0.0,0.0,NA,26.9325349945575,63.21442499756813,ok,,"{""alignment_reason"": ""MP3 codec delay/alignment not independently verified"", ""bitrate_kbps"": 128, ""clipping_fraction"": 0.0, ""codec"": ""libmp3lame"", ""duration_seconds"": 3.98, ""family"": ""mp3"", ""id"": ""mp3_128"", ""input_samples"": 63680, ""output_peak"": 0.43522214889526367, ""output_samples"": 63680, ""pre_limiter_peak"": 0.43522214889526367, ""sample_aligned"": false, ""sample_rate"": 16000, ""seed"": 4364645751946203315}",b7992024b2b379ffc20edd1f74a53af3aa767c23a0d2deb3008fc3cba9d9cf62
20260905T233538.930635Z,b4f3de4a4f74b8742b201c9e0941cfe5166082fc,0ea442119cfa4d9f99e7b3b3ca6f55ddcdc1e56bc504ecce6b0481de96d1a73b,85a65f1f57cd5918e3529a1210a45ad78cb20cab8a6db637589aecc38e333336,15cd64de2c8ddb012c7001ab2b9d14b9009c3f6c85d26ac718ef884459e419c7,5105-28241-0003,5105,test-clean,3.98,20260905,positive,1,mp3_64,mp3,"{""bitrate_kbps"": 64, ""family"": ""mp3"", ""id"": ""mp3_64""}",0.5,0.5,1.0,0.9999840259552002,1,1011100010001010,1011100010001010,0,1.0,0.0,1,26.404718847271063,0.9986095452579181,NA,NA,NA,NA: MP3 codec delay/alignment not independently verified,3.98,63680,0.4250587821006775,0.0,0.0,1193.5850939480588,23.803915944881737,63.13139700796455,ok,,"{""alignment_reason"": ""MP3 codec delay/alignment not independently verified"", ""bitrate_kbps"": 64, ""clipping_fraction"": 0.0, ""codec"": ""libmp3lame"", ""duration_seconds"": 3.98, ""family"": ""mp3"", ""id"": ""mp3_64"", ""input_samples"": 63680, ""output_peak"": 0.4250587821006775, ""output_samples"": 63680, ""pre_limiter_peak"": 0.4250587821006775, ""sample_aligned"": false, ""sample_rate"": 16000, ""seed"": 16010506090162665301}",bbeeebf50b55b59db07b24fe958943f8686d9c5015d13222c48ce60b6f336ff3
20260905T233538.930635Z,b4f3de4a4f74b8742b201c9e0941cfe5166082fc,0ea442119cfa4d9f99e7b3b3ca6f55ddcdc1e56bc504ecce6b0481de96d1a73b,85a65f1f57cd5918e3529a1210a45ad78cb20cab8a6db637589aecc38e333336,15cd64de2c8ddb012c7001ab2b9d14b9009c3f6c85d26ac718ef884459e419c7,5105-28241-0003,5105,test-clean,3.98,20260905,negative,0,mp3_64,mp3,"{""bitrate_kbps"": 64, ""family"": ""mp3"", ""id"": ""mp3_64""}",0.5,0.5,0.0,0.0005862184334546328,0,1011100010001010,0110110110100100,NA,NA,NA,NA,NA,NA,NA,NA,NA,NA: MP3 codec delay/alignment not independently verified,3.98,63680,0.43158018589019775,0.0,0.0,NA,23.3229590812698,62.284081941470504,ok,,"{""alignment_reason"": ""MP3 codec delay/alignment not independently verified"", ""bitrate_kbps"": 64, ""clipping_fraction"": 0.0, ""codec"": ""libmp3lame"", ""duration_seconds"": 3.98, ""family"": ""mp3"", ""id"": ""mp3_64"", ""input_samples"": 63680, ""output_peak"": 0.43158018589019775, ""output_samples"": 63680, ""pre_limiter_peak"": 0.43158018589019775, ""sample_aligned"": false, ""sample_rate"": 16000, ""seed"": 16010506090162665301}",51d431044d3d1ab23029ebdb889feeb35b7953250559a6d915cafb6e146ff3ce
20260905T233538.930635Z,b4f3de4a4f74b8742b201c9e0941cfe5166082fc,0ea442119cfa4d9f99e7b3b3ca6f55ddcdc1e56bc504ecce6b0481de96d1a73b,85a65f1f57cd5918e3529a1210a45ad78cb20cab8a6db637589aecc38e333336,15cd64de2c8ddb012c7001ab2b9d14b9009c3f6c85d26ac718ef884459e419c7,5105-28241-0003,5105,test-clean,3.98,20260905,positive,1,noise_30,noise,"{""family"": ""noise"", ""id"": ""noise_30"", ""snr_db"": 30}",0.5,0.5,0.9184673428535461,0.9249753355979919,1,1011100010001010,1011100010001010,0,1.0,0.0,1,26.404718847271063,0.9986095452579181,0.9942235017823571,NA,24.831431789029196,aligned_to_original,3.98,63680,0.45280298590660095,0.0,0.0,1193.5850939480588,1.5087240608409047,57.50251607969403,ok,,"{""clipping_fraction"": 0.0, ""duration_seconds"": 3.98, ""family"": ""noise"", ""id"": ""noise_30"", ""input_samples"": 63680, ""noise_snr_db"": 29.99999998988499, ""noise_snr_db_pre_clipping"": 30.0, ""output_peak"": 0.45280298590660095, ""output_samples"": 63680, ""pre_limiter_peak"": 0.4528029754798837, ""sample_aligned"": true, ""sample_rate"": 16000, ""seed"": 18363564027616624563, ""snr_db"": 30}",10dc7b40603d703885a46882bc80540cd797ad313043fb96ee88e8ec141c4890
20260905T233538.930635Z,b4f3de4a4f74b8742b201c9e0941cfe5166082fc,0ea442119cfa4d9f99e7b3b3ca6f55ddcdc1e56bc504ecce6b0481de96d1a73b,85a65f1f57cd5918e3529a1210a45ad78cb20cab8a6db637589aecc38e333336,15cd64de2c8ddb012c7001ab2b9d14b9009c3f6c85d26ac718ef884459e419c7,5105-28241-0003,5105,test-clean,3.98,20260905,negative,0,noise_30,noise,"{""family"": ""noise"", ""id"": ""noise_30"", ""snr_db"": 30}",0.5,0.5,0.0,0.004016750026494265,0,1011100010001010,0110110110110100,NA,NA,NA,NA,NA,NA,0.995693070445029,NA,29.999999954352184,aligned_to_original,3.98,63680,0.46033143997192383,0.0,0.0,NA,1.4509039465337992,59.01323293801397,ok,,"{""clipping_fraction"": 0.0, ""duration_seconds"": 3.98, ""family"": ""noise"", ""id"": ""noise_30"", ""input_samples"": 63680, ""noise_snr_db"": 29.999999954352184, ""noise_snr_db_pre_clipping"": 30.0, ""output_peak"": 0.46033143997192383, ""output_samples"": 63680, ""pre_limiter_peak"": 0.4603314327170544, ""sample_aligned"": true, ""sample_rate"": 16000, ""seed"": 18363564027616624563, ""snr_db"": 30}",13901fc573db2811d8a0347545a77109802dbea232ac592f7e62d857664c2176
20260905T233538.930635Z,b4f3de4a4f74b8742b201c9e0941cfe5166082fc,0ea442119cfa4d9f99e7b3b3ca6f55ddcdc1e56bc504ecce6b0481de96d1a73b,85a65f1f57cd5918e3529a1210a45ad78cb20cab8a6db637589aecc38e333336,15cd64de2c8ddb012c7001ab2b9d14b9009c3f6c85d26ac718ef884459e419c7,5105-28241-0003,5105,test-clean,3.98,20260905,positive,1,noise_20,noise,"{""family"": ""noise"", ""id"": ""noise_20"", ""snr_db"": 20}",0.5,0.5,0.4718121886253357,0.4676957130432129,0,1011100010001010,1011100010001010,0,1.0,0.0,1,26.404718847271063,0.9986095452579181,0.9697284230541244,NA,19.129262047754338,aligned_to_original,3.98,63680,0.45374634861946106,0.0,0.0,1193.5850939480588,1.4389610150828958,59.16081403847784,ok,,"{""clipping_fraction"": 0.0, ""duration_seconds"": 3.98, ""family"": ""noise"", ""id"": ""noise_20"", ""input_samples"": 63680, ""noise_snr_db"": 20.000000001656918, ""noise_snr_db_pre_clipping"": 19.999999999999996, ""output_peak"": 0.45374634861946106, ""output_samples"": 63680, ""pre_limiter_peak"": 0.45374635187407536, ""sample_aligned"": true, ""sample_rate"": 16000, ""seed"": 16477218551784277100, ""snr_db"": 20}",49e020cf11e4c68e69c43ee5f5c91e8227b7eee5adaeed0bcecc9aeb432b1142
20260905T233538.930635Z,b4f3de4a4f74b8742b201c9e0941cfe5166082fc,0ea442119cfa4d9f99e7b3b3ca6f55ddcdc1e56bc504ecce6b0481de96d1a73b,85a65f1f57cd5918e3529a1210a45ad78cb20cab8a6db637589aecc38e333336,15cd64de2c8ddb012c7001ab2b9d14b9009c3f6c85d26ac718ef884459e419c7,5105-28241-0003,5105,test-clean,3.98,20260905,negative,0,noise_20,noise,"{""family"": ""noise"", ""id"": ""noise_20"", ""snr_db"": 20}",0.5,0.5,0.0,0.002385879633948207,0,1011100010001010,0111110101110100,NA,NA,NA,NA,NA,NA,0.9707375088526925,NA,20.00000000928161,aligned_to_original,3.98,63680,0.46127578616142273,0.0,0.0,NA,1.4197840355336666,59.15706790983677,ok,,"{""clipping_fraction"": 0.0, ""duration_seconds"": 3.98, ""family"": ""noise"", ""id"": ""noise_20"", ""input_samples"": 63680, ""noise_snr_db"": 20.00000000928161, ""noise_snr_db_pre_clipping"": 20.0, ""output_peak"": 0.46127578616142273, ""output_samples"": 63680, ""pre_limiter_peak"": 0.46127579625222626, ""sample_aligned"": true, ""sample_rate"": 16000, ""seed"": 16477218551784277100, ""snr_db"": 20}",10066aaabcda4370ab0cf5ff94017d298c0a428de72dfac62811d918abdd28ba
20260905T233538.930635Z,b4f3de4a4f74b8742b201c9e0941cfe5166082fc,0ea442119cfa4d9f99e7b3b3ca6f55ddcdc1e56bc504ecce6b0481de96d1a73b,85a65f1f57cd5918e3529a1210a45ad78cb20cab8a6db637589aecc38e333336,15cd64de2c8ddb012c7001ab2b9d14b9009c3f6c85d26ac718ef884459e419c7,5105-28241-0003,5105,test-clean,3.98,20260905,positive,1,resample_12000,resample,"{""family"": ""resample"", ""id"": ""resample_12000"", ""intermediate_sr"": 12000}",0.5,0.5,1.0,0.9999864101409912,1,1011100010001010,1011100010001010,0,1.0,0.0,1,26.404718847271063,0.9986095452579181,0.9986106001595243,NA,19.979605072478623,aligned_to_original,3.98,63680,0.45459192991256714,0.0,0.0,1193.5850939480588,2.145005972124636,58.86203597765416,ok,,"{""clipping_fraction"": 0.0, ""duration_seconds"": 3.98, ""family"": ""resample"", ""id"": ""resample_12000"", ""input_samples"": 63680, ""intermediate_sr"": 12000, ""output_peak"": 0.45459192991256714, ""output_samples"": 63680, ""pre_limiter_peak"": 0.45459192991256714, ""resampler"": ""scipy.signal.resample_poly"", ""resampler_window"": [""kaiser"", 5.0], ""sample_aligned"": true, ""sample_rate"": 16000, ""seed"": 13095650961240647343}",ee55e0390fa17edfcb3e0f5916480294c49911eeee9f8ddc5657250e10e238d6
20260905T233538.930635Z,b4f3de4a4f74b8742b201c9e0941cfe5166082fc,0ea442119cfa4d9f99e7b3b3ca6f55ddcdc1e56bc504ecce6b0481de96d1a73b,85a65f1f57cd5918e3529a1210a45ad78cb20cab8a6db637589aecc38e333336,15cd64de2c8ddb012c7001ab2b9d14b9009c3f6c85d26ac718ef884459e419c7,5105-28241-0003,5105,test-clean,3.98,20260905,negative,0,resample_12000,resample,"{""family"": ""resample"", ""id"": ""resample_12000"", ""intermediate_sr"": 12000}",0.5,0.5,0.0,0.0016544368118047714,0,1011100010001010,0110110110100100,NA,NA,NA,NA,NA,NA,0.9999997784044711,NA,21.10197456847139,aligned_to_original,3.98,63680,0.4621162712574005,0.0,0.0,NA,2.106170984916389,59.50788501650095,ok,,"{""clipping_fraction"": 0.0, ""duration_seconds"": 3.98, ""family"": ""resample"", ""id"": ""resample_12000"", ""input_samples"": 63680, ""intermediate_sr"": 12000, ""output_peak"": 0.4621162712574005, ""output_samples"": 63680, ""pre_limiter_peak"": 0.4621162712574005, ""resampler"": ""scipy.signal.resample_poly"", ""resampler_window"": [""kaiser"", 5.0], ""sample_aligned"": true, ""sample_rate"": 16000, ""seed"": 13095650961240647343}",36fd922e4cb9d4e0bd0ea630fb47b70a270f348546ffbd05ed21d3f10d53c598
20260905T233538.930635Z,b4f3de4a4f74b8742b201c9e0941cfe5166082fc,0ea442119cfa4d9f99e7b3b3ca6f55ddcdc1e56bc504ecce6b0481de96d1a73b,85a65f1f57cd5918e3529a1210a45ad78cb20cab8a6db637589aecc38e333336,15cd64de2c8ddb012c7001ab2b9d14b9009c3f6c85d26ac718ef884459e419c7,5105-28241-0003,5105,test-clean,3.98,20260905,positive,1,resample_8000,resample,"{""family"": ""resample"", ""id"": ""resample_8000"", ""intermediate_sr"": 8000}",0.5,0.5,1.0,0.9999859929084778,1,1011100010001010,1011100010001010,0,1.0,0.0,1,26.404718847271063,0.9986095452579181,0.9970017001805713,NA,6.5950980087398445,aligned_to_original,3.98,63680,0.44655901193618774,0.0,0.0,1193.5850939480588,2.117042080499232,58.97487991023809,ok,,"{""clipping_fraction"": 0.0, ""duration_seconds"": 3.98, ""family"": ""resample"", ""id"": ""resample_8000"", ""input_samples"": 63680, ""intermediate_sr"": 8000, ""output_peak"": 0.44655901193618774, ""output_samples"": 63680, ""pre_limiter_peak"": 0.44655901193618774, ""resampler"": ""scipy.signal.resample_poly"", ""resampler_window"": [""kaiser"", 5.0], ""sample_aligned"": true, ""sample_rate"": 16000, ""seed"": 10534590668669752126}",0f389a4817c53281a52315fb3f311993c4880f73be3ab9c5eda7500048ebd809
20260905T233538.930635Z,b4f3de4a4f74b8742b201c9e0941cfe5166082fc,0ea442119cfa4d9f99e7b3b3ca6f55ddcdc1e56bc504ecce6b0481de96d1a73b,85a65f1f57cd5918e3529a1210a45ad78cb20cab8a6db637589aecc38e333336,15cd64de2c8ddb012c7001ab2b9d14b9009c3f6c85d26ac718ef884459e419c7,5105-28241-0003,5105,test-clean,3.98,20260905,negative,0,resample_8000,resample,"{""family"": ""resample"", ""id"": ""resample_8000"", ""intermediate_sr"": 8000}",0.5,0.5,0.0,0.00311960163526237,0,1011100010001010,1110110111110100,NA,NA,NA,NA,NA,NA,0.9983921896047302,NA,6.640686918351911,aligned_to_original,3.98,63680,0.4541008174419403,0.0,0.0,NA,2.1029949421063066,58.73193801380694,ok,,"{""clipping_fraction"": 0.0, ""duration_seconds"": 3.98, ""family"": ""resample"", ""id"": ""resample_8000"", ""input_samples"": 63680, ""intermediate_sr"": 8000, ""output_peak"": 0.4541008174419403, ""output_samples"": 63680, ""pre_limiter_peak"": 0.4541008174419403, ""resampler"": ""scipy.signal.resample_poly"", ""resampler_window"": [""kaiser"", 5.0], ""sample_aligned"": true, ""sample_rate"": 16000, ""seed"": 10534590668669752126}",9dd8ffcc649a5a893bb591e257d1e388ed355721c5a9f4aeb2d3ba69c5eb5045
20260905T233538.930635Z,b4f3de4a4f74b8742b201c9e0941cfe5166082fc,0ea442119cfa4d9f99e7b3b3ca6f55ddcdc1e56bc504ecce6b0481de96d1a73b,85a65f1f57cd5918e3529a1210a45ad78cb20cab8a6db637589aecc38e333336,15cd64de2c8ddb012c7001ab2b9d14b9009c3f6c85d26ac718ef884459e419c7,5105-28241-0003,5105,test-clean,3.98,20260905,positive,1,pitch_minus2,pitch,"{""family"": ""pitch"", ""id"": ""pitch_minus2"", ""semitones"": -2}",0.5,0.5,0.0,0.014492785558104515,0,1011100010001010,0100111110000100,10,0.375,0.625,0,26.404718847271063,0.9986095452579181,NA,NA,NA,NA: Pitch shifting changes sample phase and content,3.98,63680,0.22502264380455017,0.0,0.0,1193.5850939480588,14.52846999745816,58.8962200563401,ok,,"{""alignment_reason"": ""Pitch shifting changes sample phase and content"", ""clipping_fraction"": 0.0, ""duration_seconds"": 3.98, ""family"": ""pitch"", ""hop_length"": 512, ""id"": ""pitch_minus2"", ""implementation"": ""librosa"", ""input_samples"": 63680, ""n_fft"": 2048, ""output_peak"": 0.22502264380455017, ""output_samples"": 63680, ""pre_limiter_peak"": 0.22502264380455017, ""res_type"": ""soxr_hq"", ""sample_aligned"": false, ""sample_rate"": 16000, ""seed"": 3912470261211011249, ""semitones"": -2}",3c2fe30d481c472f571e9e719f0ce08af8df0273dbd681edd406562f2fd32797
20260905T233538.930635Z,b4f3de4a4f74b8742b201c9e0941cfe5166082fc,0ea442119cfa4d9f99e7b3b3ca6f55ddcdc1e56bc504ecce6b0481de96d1a73b,85a65f1f57cd5918e3529a1210a45ad78cb20cab8a6db637589aecc38e333336,15cd64de2c8ddb012c7001ab2b9d14b9009c3f6c85d26ac718ef884459e419c7,5105-28241-0003,5105,test-clean,3.98,20260905,negative,0,pitch_minus2,pitch,"{""family"": ""pitch"", ""id"": ""pitch_minus2"", ""semitones"": -2}",0.5,0.5,0.0,0.004261846654117107,0,1011100010001010,0110111010100101,NA,NA,NA,NA,NA,NA,NA,NA,NA,NA: Pitch shifting changes sample phase and content,3.98,63680,0.22415736317634583,0.0,0.0,NA,14.611648046411574,60.65748503897339,ok,,"{""alignment_reason"": ""Pitch shifting changes sample phase and content"", ""clipping_fraction"": 0.0, ""duration_seconds"": 3.98, ""family"": ""pitch"", ""hop_length"": 512, ""id"": ""pitch_minus2"", ""implementation"": ""librosa"", ""input_samples"": 63680, ""n_fft"": 2048, ""output_peak"": 0.22415736317634583, ""output_samples"": 63680, ""pre_limiter_peak"": 0.22415736317634583, ""res_type"": ""soxr_hq"", ""sample_aligned"": false, ""sample_rate"": 16000, ""seed"": 3912470261211011249, ""semitones"": -2}",ca596a075488a64b3b3c5b331f7a6b6cc660b0e473ec7e6c227abe4e07953d55
20260905T233538.930635Z,b4f3de4a4f74b8742b201c9e0941cfe5166082fc,0ea442119cfa4d9f99e7b3b3ca6f55ddcdc1e56bc504ecce6b0481de96d1a73b,85a65f1f57cd5918e3529a1210a45ad78cb20cab8a6db637589aecc38e333336,15cd64de2c8ddb012c7001ab2b9d14b9009c3f6c85d26ac718ef884459e419c7,5105-28241-0003,5105,test-clean,3.98,20260905,positive,1,pitch_plus2,pitch,"{""family"": ""pitch"", ""id"": ""pitch_plus2"", ""semitones"": 2}",0.5,0.5,0.0,0.008168078027665615,0,1011100010001010,0100111110100100,11,0.3125,0.6875,0,26.404718847271063,0.9986095452579181,NA,NA,NA,NA: Pitch shifting changes sample phase and content,3.98,63680,0.21615135669708252,0.0,0.0,1193.5850939480588,16.941666952334344,60.1737629622221,ok,,"{""alignment_reason"": ""Pitch shifting changes sample phase and content"", ""clipping_fraction"": 0.0, ""duration_seconds"": 3.98, ""family"": ""pitch"", ""hop_length"": 512, ""id"": ""pitch_plus2"", ""implementation"": ""librosa"", ""input_samples"": 63680, ""n_fft"": 2048, ""output_peak"": 0.21615135669708252, ""output_samples"": 63680, ""pre_limiter_peak"": 0.21615135669708252, ""res_type"": ""soxr_hq"", ""sample_aligned"": false, ""sample_rate"": 16000, ""seed"": 1995992277782103340, ""semitones"": 2}",c15b28b06b6e780995c60e491c8dd9ce80864b75f7573fb6df53667dada92df8
20260905T233538.930635Z,b4f3de4a4f74b8742b201c9e0941cfe5166082fc,0ea442119cfa4d9f99e7b3b3ca6f55ddcdc1e56bc504ecce6b0481de96d1a73b,85a65f1f57cd5918e3529a1210a45ad78cb20cab8a6db637589aecc38e333336,15cd64de2c8ddb012c7001ab2b9d14b9009c3f6c85d26ac718ef884459e419c7,5105-28241-0003,5105,test-clean,3.98,20260905,negative,0,pitch_plus2,pitch,"{""family"": ""pitch"", ""id"": ""pitch_plus2"", ""semitones"": 2}",0.5,0.5,0.0,0.0024331582244485617,0,1011100010001010,0101111110100100,NA,NA,NA,NA,NA,NA,NA,NA,NA,NA: Pitch shifting changes sample phase and content,3.98,63680,0.2538507580757141,0.0,0.0,NA,16.937306965701282,61.063717934302986,ok,,"{""alignment_reason"": ""Pitch shifting changes sample phase and content"", ""clipping_fraction"": 0.0, ""duration_seconds"": 3.98, ""family"": ""pitch"", ""hop_length"": 512, ""id"": ""pitch_plus2"", ""implementation"": ""librosa"", ""input_samples"": 63680, ""n_fft"": 2048, ""output_peak"": 0.2538507580757141, ""output_samples"": 63680, ""pre_limiter_peak"": 0.2538507580757141, ""res_type"": ""soxr_hq"", ""sample_aligned"": false, ""sample_rate"": 16000, ""seed"": 1995992277782103340, ""semitones"": 2}",1f469df8264b6a4981d62d165a50956dbe1976523f41fd477166d0f88f9360e6
20260905T233538.930635Z,b4f3de4a4f74b8742b201c9e0941cfe5166082fc,0ea442119cfa4d9f99e7b3b3ca6f55ddcdc1e56bc504ecce6b0481de96d1a73b,85a65f1f57cd5918e3529a1210a45ad78cb20cab8a6db637589aecc38e333336,15cd64de2c8ddb012c7001ab2b9d14b9009c3f6c85d26ac718ef884459e419c7,5105-28241-0003,5105,test-clean,3.98,20260905,positive,1,stretch_09,stretch,"{""family"": ""stretch"", ""id"": ""stretch_09"", ""rate"": 0.9}",0.5,0.5,0.21113403141498566,0.24727383255958557,0,1011100010001010,1011100010001010,0,1.0,0.0,1,26.404718847271063,0.9986095452579181,NA,NA,NA,NA: Time stretching changes the temporal coordinate,4.42225,70756,0.25218966603279114,0.0,0.0,1193.5850939480588,16.036371001973748,116.07654194813222,ok,,"{""alignment_reason"": ""Time stretching changes the temporal coordinate"", ""clipping_fraction"": 0.0, ""duration_seconds"": 4.42225, ""family"": ""stretch"", ""hop_length"": 512, ""id"": ""stretch_09"", ""implementation"": ""librosa"", ""input_samples"": 63680, ""n_fft"": 2048, ""output_peak"": 0.25218966603279114, ""output_samples"": 70756, ""pre_limiter_peak"": 0.25218966603279114, ""rate"": 0.9, ""sample_aligned"": false, ""sample_rate"": 16000, ""seed"": 16093813297270428319}",fdec4f3fc5e55b6231c664e1f843e20d9a21abebb0452cbb7a954377e2d00812
20260905T233538.930635Z,b4f3de4a4f74b8742b201c9e0941cfe5166082fc,0ea442119cfa4d9f99e7b3b3ca6f55ddcdc1e56bc504ecce6b0481de96d1a73b,85a65f1f57cd5918e3529a1210a45ad78cb20cab8a6db637589aecc38e333336,15cd64de2c8ddb012c7001ab2b9d14b9009c3f6c85d26ac718ef884459e419c7,5105-28241-0003,5105,test-clean,3.98,20260905,negative,0,stretch_09,stretch,"{""family"": ""stretch"", ""id"": ""stretch_09"", ""rate"": 0.9}",0.5,0.5,0.0,0.02459464967250824,0,1011100010001010,0101111110100100,NA,NA,NA,NA,NA,NA,NA,NA,NA,NA: Time stretching changes the temporal coordinate,4.42225,70756,0.24430517852306366,0.0,0.0,NA,15.809510019607842,65.15400798525661,ok,,"{""alignment_reason"": ""Time stretching changes the temporal coordinate"", ""clipping_fraction"": 0.0, ""duration_seconds"": 4.42225, ""family"": ""stretch"", ""hop_length"": 512, ""id"": ""stretch_09"", ""implementation"": ""librosa"", ""input_samples"": 63680, ""n_fft"": 2048, ""output_peak"": 0.24430517852306366, ""output_samples"": 70756, ""pre_limiter_peak"": 0.24430517852306366, ""rate"": 0.9, ""sample_aligned"": false, ""sample_rate"": 16000, ""seed"": 16093813297270428319}",3258e796e943546a85cc572be1091451a772ef791cabb5bf6f3a37779524fc59
20260905T233538.930635Z,b4f3de4a4f74b8742b201c9e0941cfe5166082fc,0ea442119cfa4d9f99e7b3b3ca6f55ddcdc1e56bc504ecce6b0481de96d1a73b,85a65f1f57cd5918e3529a1210a45ad78cb20cab8a6db637589aecc38e333336,15cd64de2c8ddb012c7001ab2b9d14b9009c3f6c85d26ac718ef884459e419c7,5105-28241-0003,5105,test-clean,3.98,20260905,positive,1,stretch_11,stretch,"{""family"": ""stretch"", ""id"": ""stretch_11"", ""rate"": 1.1}",0.5,0.5,0.12679000198841095,0.16758538782596588,0,1011100010001010,1011100010001010,0,1.0,0.0,1,26.404718847271063,0.9986095452579181,NA,NA,NA,NA: Time stretching changes the temporal coordinate,3.6181875,57891,0.2398262768983841,0.0,0.0,1193.5850939480588,13.862552004866302,59.67005295678973,ok,,"{""alignment_reason"": ""Time stretching changes the temporal coordinate"", ""clipping_fraction"": 0.0, ""duration_seconds"": 3.6181875, ""family"": ""stretch"", ""hop_length"": 512, ""id"": ""stretch_11"", ""implementation"": ""librosa"", ""input_samples"": 63680, ""n_fft"": 2048, ""output_peak"": 0.2398262768983841, ""output_samples"": 57891, ""pre_limiter_peak"": 0.2398262768983841, ""rate"": 1.1, ""sample_aligned"": false, ""sample_rate"": 16000, ""seed"": 14109882825798258336}",e6deacbaf5edaa619b7d3c7e55fea1f90d46630028d0365a43f28a49ee87590e
20260905T233538.930635Z,b4f3de4a4f74b8742b201c9e0941cfe5166082fc,0ea442119cfa4d9f99e7b3b3ca6f55ddcdc1e56bc504ecce6b0481de96d1a73b,85a65f1f57cd5918e3529a1210a45ad78cb20cab8a6db637589aecc38e333336,15cd64de2c8ddb012c7001ab2b9d14b9009c3f6c85d26ac718ef884459e419c7,5105-28241-0003,5105,test-clean,3.98,20260905,negative,0,stretch_11,stretch,"{""family"": ""stretch"", ""id"": ""stretch_11"", ""rate"": 1.1}",0.5,0.5,0.0,0.002469103317707777,0,1011100010001010,0100110110100100,NA,NA,NA,NA,NA,NA,NA,NA,NA,NA: Time stretching changes the temporal coordinate,3.6181875,57891,0.2410384565591812,0.0,0.0,NA,13.735539047047496,56.13698507659137,ok,,"{""alignment_reason"": ""Time stretching changes the temporal coordinate"", ""clipping_fraction"": 0.0, ""duration_seconds"": 3.6181875, ""family"": ""stretch"", ""hop_length"": 512, ""id"": ""stretch_11"", ""implementation"": ""librosa"", ""input_samples"": 63680, ""n_fft"": 2048, ""output_peak"": 0.2410384565591812, ""output_samples"": 57891, ""pre_limiter_peak"": 0.2410384565591812, ""rate"": 1.1, ""sample_aligned"": false, ""sample_rate"": 16000, ""seed"": 14109882825798258336}",66281cc44c0caa2fb6ebe4688a85d189c01aaeb40caaa8375f5b85c4cb6b2c7e
20260905T233538.930635Z,b4f3de4a4f74b8742b201c9e0941cfe5166082fc,0ea442119cfa4d9f99e7b3b3ca6f55ddcdc1e56bc504ecce6b0481de96d1a73b,85a65f1f57cd5918e3529a1210a45ad78cb20cab8a6db637589aecc38e333336,15cd64de2c8ddb012c7001ab2b9d14b9009c3f6c85d26ac718ef884459e419c7,5105-28241-0003,5105,test-clean,3.98,20260905,positive,1,crop_10,crop,"{""family"": ""crop"", ""fraction"": 0.1, ""id"": ""crop_10""}",0.5,0.5,0.7140215039253235,0.6860758662223816,1,1011100010001010,0110111101010100,12,0.25,0.75,0,26.404718847271063,0.9986095452579181,NA,NA,NA,NA: Contiguous crop changes length and may shift time origin,3.582,57312,0.45151829719543457,0.0,0.0,1193.5850939480588,0.261557986959815,97.44444699026644,ok,,"{""alignment_reason"": ""Contiguous crop changes length and may shift time origin"", ""clipping_fraction"": 0.0, ""crop_end_sample"": 59498, ""crop_start_sample"": 2186, ""duration_seconds"": 3.582, ""family"": ""crop"", ""fraction"": 0.1, ""id"": ""crop_10"", ""input_samples"": 63680, ""output_peak"": 0.45151829719543457, ""output_samples"": 57312, ""pre_limiter_peak"": 0.45151829719543457, ""removed_fraction_actual"": 0.09999999999999998, ""sample_aligned"": false, ""sample_rate"": 16000, ""seed"": 8437115401062964780}",6746549591dbb5063baf53e3e2fbbd39d9ae3c93ee90658e549e1ba0e08a7586
20260905T233538.930635Z,b4f3de4a4f74b8742b201c9e0941cfe5166082fc,0ea442119cfa4d9f99e7b3b3ca6f55ddcdc1e56bc504ecce6b0481de96d1a73b,85a65f1f57cd5918e3529a1210a45ad78cb20cab8a6db637589aecc38e333336,15cd64de2c8ddb012c7001ab2b9d14b9009c3f6c85d26ac718ef884459e419c7,5105-28241-0003,5105,test-clean,3.98,20260905,negative,0,crop_10,crop,"{""family"": ""crop"", ""fraction"": 0.1, ""id"": ""crop_10""}",0.5,0.5,0.0,0.0005815072217956185,0,1011100010001010,0100111110100100,NA,NA,NA,NA,NA,NA,NA,NA,NA,NA: Contiguous crop changes length and may shift time origin,3.582,57312,0.45904541015625,0.0,0.0,NA,0.33740303479135036,53.42228489462286,ok,,"{""alignment_reason"": ""Contiguous crop changes length and may shift time origin"", ""clipping_fraction"": 0.0, ""crop_end_sample"": 59498, ""crop_start_sample"": 2186, ""duration_seconds"": 3.582, ""family"": ""crop"", ""fraction"": 0.1, ""id"": ""crop_10"", ""input_samples"": 63680, ""output_peak"": 0.45904541015625, ""output_samples"": 57312, ""pre_limiter_peak"": 0.45904541015625, ""removed_fraction_actual"": 0.09999999999999998, ""sample_aligned"": false, ""sample_rate"": 16000, ""seed"": 8437115401062964780}",e14b60faec46b4f8515475007252d2e6f4b6e50d913e463ff16a62404867ac6d
20260905T233538.930635Z,b4f3de4a4f74b8742b201c9e0941cfe5166082fc,0ea442119cfa4d9f99e7b3b3ca6f55ddcdc1e56bc504ecce6b0481de96d1a73b,85a65f1f57cd5918e3529a1210a45ad78cb20cab8a6db637589aecc38e333336,15cd64de2c8ddb012c7001ab2b9d14b9009c3f6c85d26ac718ef884459e419c7,5105-28241-0003,5105,test-clean,3.98,20260905,positive,1,crop_25,crop,"{""family"": ""crop"", ""fraction"": 0.25, ""id"": ""crop_25""}",0.5,0.5,0.0,0.0012071375967934728,0,1011100010001010,1101010010110100,9,0.4375,0.5625,0,26.404718847271063,0.9986095452579181,NA,NA,NA,NA: Contiguous crop changes length and may shift time origin,2.985,47760,0.45151829719543457,0.0,0.0,1193.5850939480588,0.2870169701054692,55.0869049038738,ok,,"{""alignment_reason"": ""Contiguous crop changes length and may shift time origin"", ""clipping_fraction"": 0.0, ""crop_end_sample"": 55015, ""crop_start_sample"": 7255, ""duration_seconds"": 2.985, ""family"": ""crop"", ""fraction"": 0.25, ""id"": ""crop_25"", ""input_samples"": 63680, ""output_peak"": 0.45151829719543457, ""output_samples"": 47760, ""pre_limiter_peak"": 0.45151829719543457, ""removed_fraction_actual"": 0.25, ""sample_aligned"": false, ""sample_rate"": 16000, ""seed"": 5125505957310253241}",c72785f4e1a1bce69637149c47ce3addecf97c8f486b7b024908b46b9e8281e0
20260905T233538.930635Z,b4f3de4a4f74b8742b201c9e0941cfe5166082fc,0ea442119cfa4d9f99e7b3b3ca6f55ddcdc1e56bc504ecce6b0481de96d1a73b,85a65f1f57cd5918e3529a1210a45ad78cb20cab8a6db637589aecc38e333336,15cd64de2c8ddb012c7001ab2b9d14b9009c3f6c85d26ac718ef884459e419c7,5105-28241-0003,5105,test-clean,3.98,20260905,negative,0,crop_25,crop,"{""family"": ""crop"", ""fraction"": 0.25, ""id"": ""crop_25""}",0.5,0.5,0.0,4.7154666390269995e-05,0,1011100010001010,1111111100100100,NA,NA,NA,NA,NA,NA,NA,NA,NA,NA: Contiguous crop changes length and may shift time origin,2.985,47760,0.45904541015625,0.0,0.0,NA,0.276056001894176,49.57663000095636,ok,,"{""alignment_reason"": ""Contiguous crop changes length and may shift time origin"", ""clipping_fraction"": 0.0, ""crop_end_sample"": 55015, ""crop_start_sample"": 7255, ""duration_seconds"": 2.985, ""family"": ""crop"", ""fraction"": 0.25, ""id"": ""crop_25"", ""input_samples"": 63680, ""output_peak"": 0.45904541015625, ""output_samples"": 47760, ""pre_limiter_peak"": 0.45904541015625, ""removed_fraction_actual"": 0.25, ""sample_aligned"": false, ""sample_rate"": 16000, ""seed"": 5125505957310253241}",e7f227f17101856bf1e84a609320b7a223983eaa21eae41a3a5ac81d5590c69b
20260905T233538.930635Z,b4f3de4a4f74b8742b201c9e0941cfe5166082fc,0ea442119cfa4d9f99e7b3b3ca6f55ddcdc1e56bc504ecce6b0481de96d1a73b,85a65f1f57cd5918e3529a1210a45ad78cb20cab8a6db637589aecc38e333336,15cd64de2c8ddb012c7001ab2b9d14b9009c3f6c85d26ac718ef884459e419c7,2961-961-0011,2961,test-clean,7.815,20260905,positive,1,clean,clean,"{""family"": ""clean"", ""id"": ""clean""}",0.5,0.5,1.0,0.9999891519546509,1,1000011001110011,1000011001110011,0,1.0,0.0,1,24.14239418673569,0.9990776061321807,0.9990776061321807,NA,24.14239418673569,aligned_to_original,7.815,125040,0.6222783327102661,0.0,0.0,2382.926299003884,0.43114100117236376,188.14218998886645,ok,,"{""clipping_fraction"": 0.0, ""duration_seconds"": 7.815, ""family"": ""clean"", ""id"": ""clean"", ""input_samples"": 125040, ""output_peak"": 0.6222783327102661, ""output_samples"": 125040, ""pre_limiter_peak"": 0.6222783327102661, ""sample_aligned"": true, ""sample_rate"": 16000, ""seed"": 4270065475345105300}",81fdbb2a7b44fa004d05d340d035a62191a266381fde438445629922ce6d7e48
20260905T233538.930635Z,b4f3de4a4f74b8742b201c9e0941cfe5166082fc,0ea442119cfa4d9f99e7b3b3ca6f55ddcdc1e56bc504ecce6b0481de96d1a73b,85a65f1f57cd5918e3529a1210a45ad78cb20cab8a6db637589aecc38e333336,15cd64de2c8ddb012c7001ab2b9d14b9009c3f6c85d26ac718ef884459e419c7,2961-961-0011,2961,test-clean,7.815,20260905,negative,0,clean,clean,"{""family"": ""clean"", ""id"": ""clean""}",0.5,0.5,0.0,0.0028517127502709627,0,1000011001110011,0110111110110101,NA,NA,NA,NA,NA,NA,0.9999999999999997,NA,inf,aligned_to_original,7.815,125040,0.61773681640625,0.0,0.0,NA,0.4189480096101761,113.5044819675386,ok,,"{""clipping_fraction"": 0.0, ""duration_seconds"": 7.815, ""family"": ""clean"", ""id"": ""clean"", ""input_samples"": 125040, ""output_peak"": 0.61773681640625, ""output_samples"": 125040, ""pre_limiter_peak"": 0.61773681640625, ""sample_aligned"": true, ""sample_rate"": 16000, ""seed"": 4270065475345105300}",cba777cfbc35c1145a9ec1bee7c75e9c822758990208bdae29c065d7c89e931b
20260905T233538.930635Z,b4f3de4a4f74b8742b201c9e0941cfe5166082fc,0ea442119cfa4d9f99e7b3b3ca6f55ddcdc1e56bc504ecce6b0481de96d1a73b,85a65f1f57cd5918e3529a1210a45ad78cb20cab8a6db637589aecc38e333336,15cd64de2c8ddb012c7001ab2b9d14b9009c3f6c85d26ac718ef884459e419c7,2961-961-0011,2961,test-clean,7.815,20260905,positive,1,mp3_128,mp3,"{""bitrate_kbps"": 128, ""family"": ""mp3"", ""id"": ""mp3_128""}",0.5,0.5,1.0,0.9999911189079285,1,1000011001110011,1000011001110011,0,1.0,0.0,1,24.14239418673569,0.9990776061321807,NA,NA,NA,NA: MP3 codec delay/alignment not independently verified,7.815,125040,0.5915507674217224,0.0,0.0,2382.926299003884,29.45593895856291,116.28483701497316,ok,,"{""alignment_reason"": ""MP3 codec delay/alignment not independently verified"", ""bitrate_kbps"": 128, ""clipping_fraction"": 0.0, ""codec"": ""libmp3lame"", ""duration_seconds"": 7.815, ""family"": ""mp3"", ""id"": ""mp3_128"", ""input_samples"": 125040, ""output_peak"": 0.5915507674217224, ""output_samples"": 125040, ""pre_limiter_peak"": 0.5915507674217224, ""sample_aligned"": false, ""sample_rate"": 16000, ""seed"": 2537512436117726898}",1185ea341766ef51d1c9fa92e013805ec2dfed767379214d9075432991cbd9da
20260905T233538.930635Z,b4f3de4a4f74b8742b201c9e0941cfe5166082fc,0ea442119cfa4d9f99e7b3b3ca6f55ddcdc1e56bc504ecce6b0481de96d1a73b,85a65f1f57cd5918e3529a1210a45ad78cb20cab8a6db637589aecc38e333336,15cd64de2c8ddb012c7001ab2b9d14b9009c3f6c85d26ac718ef884459e419c7,2961-961-0011,2961,test-clean,7.815,20260905,negative,0,mp3_128,mp3,"{""bitrate_kbps"": 128, ""family"": ""mp3"", ""id"": ""mp3_128""}",0.5,0.5,0.0,0.0028476365841925144,0,1000011001110011,0110111110110101,NA,NA,NA,NA,NA,NA,NA,NA,NA,NA: MP3 codec delay/alignment not independently verified,7.815,125040,0.5868314504623413,0.0,0.0,NA,32.03780599869788,114.14073291234672,ok,,"{""alignment_reason"": ""MP3 codec delay/alignment not independently verified"", ""bitrate_kbps"": 128, ""clipping_fraction"": 0.0, ""codec"": ""libmp3lame"", ""duration_seconds"": 7.815, ""family"": ""mp3"", ""id"": ""mp3_128"", ""input_samples"": 125040, ""output_peak"": 0.5868314504623413, ""output_samples"": 125040, ""pre_limiter_peak"": 0.5868314504623413, ""sample_aligned"": false, ""sample_rate"": 16000, ""seed"": 2537512436117726898}",81b521be8a09fd20de65be175c3eb94b63a2ffc4fa7b4ac6f1de69c8e98f17c2
20260905T233538.930635Z,b4f3de4a4f74b8742b201c9e0941cfe5166082fc,0ea442119cfa4d9f99e7b3b3ca6f55ddcdc1e56bc504ecce6b0481de96d1a73b,85a65f1f57cd5918e3529a1210a45ad78cb20cab8a6db637589aecc38e333336,15cd64de2c8ddb012c7001ab2b9d14b9009c3f6c85d26ac718ef884459e419c7,2961-961-0011,2961,test-clean,7.815,20260905,positive,1,mp3_64,mp3,"{""bitrate_kbps"": 64, ""family"": ""mp3"", ""id"": ""mp3_64""}",0.5,0.5,1.0,0.9999907612800598,1,1000011001110011,1000011001110011,0,1.0,0.0,1,24.14239418673569,0.9990776061321807,NA,NA,NA,NA: MP3 codec delay/alignment not independently verified,7.815,125040,0.5909859538078308,0.0,0.0,2382.926299003884,29.368963092565536,113.8529049931094,ok,,"{""alignment_reason"": ""MP3 codec delay/alignment not independently verified"", ""bitrate_kbps"": 64, ""clipping_fraction"": 0.0, ""codec"": ""libmp3lame"", ""duration_seconds"": 7.815, ""family"": ""mp3"", ""id"": ""mp3_64"", ""input_samples"": 125040, ""output_peak"": 0.5909859538078308, ""output_samples"": 125040, ""pre_limiter_peak"": 0.5909859538078308, ""sample_aligned"": false, ""sample_rate"": 16000, ""seed"": 1785529864374608133}",e19e5cdc3dc9ebb586c621a05e471701c2e1a34a2b07cde181434e85e6cecfd6
20260905T233538.930635Z,b4f3de4a4f74b8742b201c9e0941cfe5166082fc,0ea442119cfa4d9f99e7b3b3ca6f55ddcdc1e56bc504ecce6b0481de96d1a73b,85a65f1f57cd5918e3529a1210a45ad78cb20cab8a6db637589aecc38e333336,15cd64de2c8ddb012c7001ab2b9d14b9009c3f6c85d26ac718ef884459e419c7,2961-961-0011,2961,test-clean,7.815,20260905,negative,0,mp3_64,mp3,"{""bitrate_kbps"": 64, ""family"": ""mp3"", ""id"": ""mp3_64""}",0.5,0.5,0.000359884841600433,0.004158019088208675,0,1000011001110011,0110111110010101,NA,NA,NA,NA,NA,NA,NA,NA,NA,NA: MP3 codec delay/alignment not independently verified,7.815,125040,0.5882418155670166,0.0,0.0,NA,34.329080022871494,116.99784302618355,ok,,"{""alignment_reason"": ""MP3 codec delay/alignment not independently verified"", ""bitrate_kbps"": 64, ""clipping_fraction"": 0.0, ""codec"": ""libmp3lame"", ""duration_seconds"": 7.815, ""family"": ""mp3"", ""id"": ""mp3_64"", ""input_samples"": 125040, ""output_peak"": 0.5882418155670166, ""output_samples"": 125040, ""pre_limiter_peak"": 0.5882418155670166, ""sample_aligned"": false, ""sample_rate"": 16000, ""seed"": 1785529864374608133}",6350cc768bd5c1a220bc825ff9808ce62e0ae2b90d1382022b903dee40adf285
20260905T233538.930635Z,b4f3de4a4f74b8742b201c9e0941cfe5166082fc,0ea442119cfa4d9f99e7b3b3ca6f55ddcdc1e56bc504ecce6b0481de96d1a73b,85a65f1f57cd5918e3529a1210a45ad78cb20cab8a6db637589aecc38e333336,15cd64de2c8ddb012c7001ab2b9d14b9009c3f6c85d26ac718ef884459e419c7,2961-961-0011,2961,test-clean,7.815,20260905,positive,1,noise_30,noise,"{""family"": ""noise"", ""id"": ""noise_30"", ""snr_db"": 30}",0.5,0.5,0.8138355612754822,0.8176801800727844,1,1000011001110011,1000011001110011,0,1.0,0.0,1,24.14239418673569,0.9990776061321807,0.9980022266839805,NA,23.149506851243903,aligned_to_original,7.815,125040,0.6221587061882019,0.0,0.0,2382.926299003884,2.7909050695598125,112.28392599150538,ok,,"{""clipping_fraction"": 0.0, ""duration_seconds"": 7.815, ""family"": ""noise"", ""id"": ""noise_30"", ""input_samples"": 125040, ""noise_snr_db"": 29.99999998567219, ""noise_snr_db_pre_clipping"": 30.0, ""output_peak"": 0.6221587061882019, ""output_samples"": 125040, ""pre_limiter_peak"": 0.622158728327526, ""sample_aligned"": true, ""sample_rate"": 16000, ""seed"": 4747380146573806514, ""snr_db"": 30}",42d654abb59f75b1c6fad1240d113089426a8b79cefd35a5ff86cfcb55e06823
20260905T233538.930635Z,b4f3de4a4f74b8742b201c9e0941cfe5166082fc,0ea442119cfa4d9f99e7b3b3ca6f55ddcdc1e56bc504ecce6b0481de96d1a73b,85a65f1f57cd5918e3529a1210a45ad78cb20cab8a6db637589aecc38e333336,15cd64de2c8ddb012c7001ab2b9d14b9009c3f6c85d26ac718ef884459e419c7,2961-961-0011,2961,test-clean,7.815,20260905,negative,0,noise_30,noise,"{""family"": ""noise"", ""id"": ""noise_30"", ""snr_db"": 30}",0.5,0.5,0.0,0.0038448497653007507,0,1000011001110011,0100111110110001,NA,NA,NA,NA,NA,NA,0.9989154548304945,NA,29.999999991688405,aligned_to_original,7.815,125040,0.6176168918609619,0.0,0.0,NA,2.5048210518434644,114.81882398948073,ok,,"{""clipping_fraction"": 0.0, ""duration_seconds"": 7.815, ""family"": ""noise"", ""id"": ""noise_30"", ""input_samples"": 125040, ""noise_snr_db"": 29.999999991688405, ""noise_snr_db_pre_clipping"": 30.0, ""output_peak"": 0.6176168918609619, ""output_samples"": 125040, ""pre_limiter_peak"": 0.6176168893485744, ""sample_aligned"": true, ""sample_rate"": 16000, ""seed"": 4747380146573806514, ""snr_db"": 30}",11dd79be95d20e861269a95683e0e4c353396d84f31fc2de485f2acc563008ec
20260905T233538.930635Z,b4f3de4a4f74b8742b201c9e0941cfe5166082fc,0ea442119cfa4d9f99e7b3b3ca6f55ddcdc1e56bc504ecce6b0481de96d1a73b,85a65f1f57cd5918e3529a1210a45ad78cb20cab8a6db637589aecc38e333336,15cd64de2c8ddb012c7001ab2b9d14b9009c3f6c85d26ac718ef884459e419c7,2961-961-0011,2961,test-clean,7.815,20260905,positive,1,noise_20,noise,"{""family"": ""noise"", ""id"": ""noise_20"", ""snr_db"": 20}",0.5,0.5,0.4525271952152252,0.4476012885570526,0,1000011001110011,1000011001110011,0,1.0,0.0,1,24.14239418673569,0.9990776061321807,0.9877244651940199,NA,18.592072949354318,aligned_to_original,7.815,125040,0.6285950541496277,0.0,0.0,2382.926299003884,2.5252399500459433,113.74232301022857,ok,,"{""clipping_fraction"": 0.0, ""duration_seconds"": 7.815, ""family"": ""noise"", ""id"": ""noise_20"", ""input_samples"": 125040, ""noise_snr_db"": 19.999999994129297, ""noise_snr_db_pre_clipping"": 20.0, ""output_peak"": 0.6285950541496277, ""output_samples"": 125040, ""pre_limiter_peak"": 0.62859504078998, ""sample_aligned"": true, ""sample_rate"": 16000, ""seed"": 4696804168883866885, ""snr_db"": 20}",fc5aef8ac4042101c6e6d42f9dc7a37d45189f98ed8988fb88d5f9c02c6ebe0a
20260905T233538.930635Z,b4f3de4a4f74b8742b201c9e0941cfe5166082fc,0ea442119cfa4d9f99e7b3b3ca6f55ddcdc1e56bc504ecce6b0481de96d1a73b,85a65f1f57cd5918e3529a1210a45ad78cb20cab8a6db637589aecc38e333336,15cd64de2c8ddb012c7001ab2b9d14b9009c3f6c85d26ac718ef884459e419c7,2961-961-0011,2961,test-clean,7.815,20260905,negative,0,noise_20,noise,"{""family"": ""noise"", ""id"": ""noise_20"", ""snr_db"": 20}",0.5,0.5,0.0,0.005645804572850466,0,1000011001110011,0101111110110101,NA,NA,NA,NA,NA,NA,0.9889019912294127,NA,20.00000000909735,aligned_to_original,7.815,125040,0.6240705847740173,0.0,0.0,NA,2.4941100273281336,114.04692404903471,ok,,"{""clipping_fraction"": 0.0, ""duration_seconds"": 7.815, ""family"": ""noise"", ""id"": ""noise_20"", ""input_samples"": 125040, ""noise_snr_db"": 20.00000000909735, ""noise_snr_db_pre_clipping"": 20.0, ""output_peak"": 0.6240705847740173, ""output_samples"": 125040, ""pre_limiter_peak"": 0.6240705660301331, ""sample_aligned"": true, ""sample_rate"": 16000, ""seed"": 4696804168883866885, ""snr_db"": 20}",88fba531bf6f34e7fa82eb9993eeae2bc2ba1c56fae45c34591fe0f73e78040a
20260905T233538.930635Z,b4f3de4a4f74b8742b201c9e0941cfe5166082fc,0ea442119cfa4d9f99e7b3b3ca6f55ddcdc1e56bc504ecce6b0481de96d1a73b,85a65f1f57cd5918e3529a1210a45ad78cb20cab8a6db637589aecc38e333336,15cd64de2c8ddb012c7001ab2b9d14b9009c3f6c85d26ac718ef884459e419c7,2961-961-0011,2961,test-clean,7.815,20260905,positive,1,resample_12000,resample,"{""family"": ""resample"", ""id"": ""resample_12000"", ""intermediate_sr"": 12000}",0.5,0.5,1.0,0.99998939037323,1,1000011001110011,1000011001110011,0,1.0,0.0,1,24.14239418673569,0.9990776061321807,0.9990775271950249,NA,19.452752387855657,aligned_to_original,7.815,125040,0.6252566576004028,0.0,0.0,2382.926299003884,3.756233025342226,114.37598103657365,ok,,"{""clipping_fraction"": 0.0, ""duration_seconds"": 7.815, ""family"": ""resample"", ""id"": ""resample_12000"", ""input_samples"": 125040, ""intermediate_sr"": 12000, ""output_peak"": 0.6252566576004028, ""output_samples"": 125040, ""pre_limiter_peak"": 0.6252566576004028, ""resampler"": ""scipy.signal.resample_poly"", ""resampler_window"": [""kaiser"", 5.0], ""sample_aligned"": true, ""sample_rate"": 16000, ""seed"": 3925510588527221373}",84655f386b27a900269d8993c3114a9db51da4b46d189efa0effb357edf8f8d1
20260905T233538.930635Z,b4f3de4a4f74b8742b201c9e0941cfe5166082fc,0ea442119cfa4d9f99e7b3b3ca6f55ddcdc1e56bc504ecce6b0481de96d1a73b,85a65f1f57cd5918e3529a1210a45ad78cb20cab8a6db637589aecc38e333336,15cd64de2c8ddb012c7001ab2b9d14b9009c3f6c85d26ac718ef884459e419c7,2961-961-0011,2961,test-clean,7.815,20260905,negative,0,resample_12000,resample,"{""family"": ""resample"", ""id"": ""resample_12000"", ""intermediate_sr"": 12000}",0.5,0.5,0.0,0.0027614557184278965,0,1000011001110011,0110111110110101,NA,NA,NA,NA,NA,NA,0.9999998781724191,NA,21.254796260654114,aligned_to_original,7.815,125040,0.6207151412963867,0.0,0.0,NA,3.7332199281081557,114.24295709002763,ok,,"{""clipping_fraction"": 0.0, ""duration_seconds"": 7.815, ""family"": ""resample"", ""id"": ""resample_12000"", ""input_samples"": 125040, ""intermediate_sr"": 12000, ""output_peak"": 0.6207151412963867, ""output_samples"": 125040, ""pre_limiter_peak"": 0.6207151412963867, ""resampler"": ""scipy.signal.resample_poly"", ""resampler_window"": [""kaiser"", 5.0], ""sample_aligned"": true, ""sample_rate"": 16000, ""seed"": 3925510588527221373}",8a1e36f4e7b2cdea197feecdb8a0f4927792caedf09683d2f103ebe2eaa5eaca
20260905T233538.930635Z,b4f3de4a4f74b8742b201c9e0941cfe5166082fc,0ea442119cfa4d9f99e7b3b3ca6f55ddcdc1e56bc504ecce6b0481de96d1a73b,85a65f1f57cd5918e3529a1210a45ad78cb20cab8a6db637589aecc38e333336,15cd64de2c8ddb012c7001ab2b9d14b9009c3f6c85d26ac718ef884459e419c7,2961-961-0011,2961,test-clean,7.815,20260905,positive,1,resample_8000,resample,"{""family"": ""resample"", ""id"": ""resample_8000"", ""intermediate_sr"": 8000}",0.5,0.5,1.0,0.9999905824661255,1,1000011001110011,1000011001110011,0,1.0,0.0,1,24.14239418673569,0.9990776061321807,0.9967695101215917,NA,14.932491045387552,aligned_to_original,7.815,125040,0.5989753007888794,0.0,0.0,2382.926299003884,3.796381060965359,114.12423092406243,ok,,"{""clipping_fraction"": 0.0, ""duration_seconds"": 7.815, ""family"": ""resample"", ""id"": ""resample_8000"", ""input_samples"": 125040, ""intermediate_sr"": 8000, ""output_peak"": 0.5989753007888794, ""output_samples"": 125040, ""pre_limiter_peak"": 0.5989753007888794, ""resampler"": ""scipy.signal.resample_poly"", ""resampler_window"": [""kaiser"", 5.0], ""sample_aligned"": true, ""sample_rate"": 16000, ""seed"": 14010275134005296477}",14fd285c16cda5c0d94d780f96f0a673336b96cf44c3750a7066c8f7a3248091
20260905T233538.930635Z,b4f3de4a4f74b8742b201c9e0941cfe5166082fc,0ea442119cfa4d9f99e7b3b3ca6f55ddcdc1e56bc504ecce6b0481de96d1a73b,85a65f1f57cd5918e3529a1210a45ad78cb20cab8a6db637589aecc38e333336,15cd64de2c8ddb012c7001ab2b9d14b9009c3f6c85d26ac718ef884459e419c7,2961-961-0011,2961,test-clean,7.815,20260905,negative,0,resample_8000,resample,"{""family"": ""resample"", ""id"": ""resample_8000"", ""intermediate_sr"": 8000}",0.5,0.5,0.0,0.002724860794842243,0,1000011001110011,0110111110110101,NA,NA,NA,NA,NA,NA,0.9976917679312679,NA,15.48698271008994,aligned_to_original,7.815,125040,0.5944236516952515,0.0,0.0,NA,3.7570749409496784,113.99243900086731,ok,,"{""clipping_fraction"": 0.0, ""duration_seconds"": 7.815, ""family"": ""resample"", ""id"": ""resample_8000"", ""input_samples"": 125040, ""intermediate_sr"": 8000, ""output_peak"": 0.5944236516952515, ""output_samples"": 125040, ""pre_limiter_peak"": 0.5944236516952515, ""resampler"": ""scipy.signal.resample_poly"", ""resampler_window"": [""kaiser"", 5.0], ""sample_aligned"": true, ""sample_rate"": 16000, ""seed"": 14010275134005296477}",b4bbaf3237b1049ec74e4b95857fe525069e60bdab75ba3cff210fe8cc4ee12a
20260905T233538.930635Z,b4f3de4a4f74b8742b201c9e0941cfe5166082fc,0ea442119cfa4d9f99e7b3b3ca6f55ddcdc1e56bc504ecce6b0481de96d1a73b,85a65f1f57cd5918e3529a1210a45ad78cb20cab8a6db637589aecc38e333336,15cd64de2c8ddb012c7001ab2b9d14b9009c3f6c85d26ac718ef884459e419c7,2961-961-0011,2961,test-clean,7.815,20260905,positive,1,pitch_minus2,pitch,"{""family"": ""pitch"", ""id"": ""pitch_minus2"", ""semitones"": -2}",0.5,0.5,0.00012795905058737844,0.01220402680337429,0,1000011001110011,1110011110100100,9,0.4375,0.5625,0,24.14239418673569,0.9990776061321807,NA,NA,NA,NA: Pitch shifting changes sample phase and content,7.815,125040,0.288116991519928,0.0,0.0,2382.926299003884,26.550114969722927,114.02486101724207,ok,,"{""alignment_reason"": ""Pitch shifting changes sample phase and content"", ""clipping_fraction"": 0.0, ""duration_seconds"": 7.815, ""family"": ""pitch"", ""hop_length"": 512, ""id"": ""pitch_minus2"", ""implementation"": ""librosa"", ""input_samples"": 125040, ""n_fft"": 2048, ""output_peak"": 0.288116991519928, ""output_samples"": 125040, ""pre_limiter_peak"": 0.288116991519928, ""res_type"": ""soxr_hq"", ""sample_aligned"": false, ""sample_rate"": 16000, ""seed"": 14731804627851428256, ""semitones"": -2}",257e3776ca73785d1500cf28c08f36b548a5ac26e1a2b5426c8f37469c8f3495
20260905T233538.930635Z,b4f3de4a4f74b8742b201c9e0941cfe5166082fc,0ea442119cfa4d9f99e7b3b3ca6f55ddcdc1e56bc504ecce6b0481de96d1a73b,85a65f1f57cd5918e3529a1210a45ad78cb20cab8a6db637589aecc38e333336,15cd64de2c8ddb012c7001ab2b9d14b9009c3f6c85d26ac718ef884459e419c7,2961-961-0011,2961,test-clean,7.815,20260905,negative,0,pitch_minus2,pitch,"{""family"": ""pitch"", ""id"": ""pitch_minus2"", ""semitones"": -2}",0.5,0.5,0.0,0.004846745636314154,0,1000011001110011,0111111110100101,NA,NA,NA,NA,NA,NA,NA,NA,NA,NA: Pitch shifting changes sample phase and content,7.815,125040,0.3264065086841583,0.0,0.0,NA,27.185946004465222,117.53010691609234,ok,,"{""alignment_reason"": ""Pitch shifting changes sample phase and content"", ""clipping_fraction"": 0.0, ""duration_seconds"": 7.815, ""family"": ""pitch"", ""hop_length"": 512, ""id"": ""pitch_minus2"", ""implementation"": ""librosa"", ""input_samples"": 125040, ""n_fft"": 2048, ""output_peak"": 0.3264065086841583, ""output_samples"": 125040, ""pre_limiter_peak"": 0.3264065086841583, ""res_type"": ""soxr_hq"", ""sample_aligned"": false, ""sample_rate"": 16000, ""seed"": 14731804627851428256, ""semitones"": -2}",16715ba37edbe89309e1a481ca7e46ea07ac23bfbf9d8247112c17236f64309d
20260905T233538.930635Z,b4f3de4a4f74b8742b201c9e0941cfe5166082fc,0ea442119cfa4d9f99e7b3b3ca6f55ddcdc1e56bc504ecce6b0481de96d1a73b,85a65f1f57cd5918e3529a1210a45ad78cb20cab8a6db637589aecc38e333336,15cd64de2c8ddb012c7001ab2b9d14b9009c3f6c85d26ac718ef884459e419c7,2961-961-0011,2961,test-clean,7.815,20260905,positive,1,pitch_plus2,pitch,"{""family"": ""pitch"", ""id"": ""pitch_plus2"", ""semitones"": 2}",0.5,0.5,0.0,0.006677087862044573,0,1000011001110011,0110111110100101,10,0.375,0.625,0,24.14239418673569,0.9990776061321807,NA,NA,NA,NA: Pitch shifting changes sample phase and content,7.815,125040,0.3013721704483032,0.0,0.0,2382.926299003884,30.810908996500075,118.60587494447827,ok,,"{""alignment_reason"": ""Pitch shifting changes sample phase and content"", ""clipping_fraction"": 0.0, ""duration_seconds"": 7.815, ""family"": ""pitch"", ""hop_length"": 512, ""id"": ""pitch_plus2"", ""implementation"": ""librosa"", ""input_samples"": 125040, ""n_fft"": 2048, ""output_peak"": 0.3013721704483032, ""output_samples"": 125040, ""pre_limiter_peak"": 0.3013721704483032, ""res_type"": ""soxr_hq"", ""sample_aligned"": false, ""sample_rate"": 16000, ""seed"": 14682195957371790200, ""semitones"": 2}",bb4bec39fc013721ec7f4c5c6c4bc3351504ec63b7b8ec5ec099fd8456689fe1
20260905T233538.930635Z,b4f3de4a4f74b8742b201c9e0941cfe5166082fc,0ea442119cfa4d9f99e7b3b3ca6f55ddcdc1e56bc504ecce6b0481de96d1a73b,85a65f1f57cd5918e3529a1210a45ad78cb20cab8a6db637589aecc38e333336,15cd64de2c8ddb012c7001ab2b9d14b9009c3f6c85d26ac718ef884459e419c7,2961-961-0011,2961,test-clean,7.815,20260905,negative,0,pitch_plus2,pitch,"{""family"": ""pitch"", ""id"": ""pitch_plus2"", ""semitones"": 2}",0.5,0.5,0.0,0.007156569045037031,0,1000011001110011,0100110110100101,NA,NA,NA,NA,NA,NA,NA,NA,NA,NA: Pitch shifting changes sample phase and content,7.815,125040,0.28619927167892456,0.0,0.0,NA,31.28425101749599,113.79799898713827,ok,,"{""alignment_reason"": ""Pitch shifting changes sample phase and content"", ""clipping_fraction"": 0.0, ""duration_seconds"": 7.815, ""family"": ""pitch"", ""hop_length"": 512, ""id"": ""pitch_plus2"", ""implementation"": ""librosa"", ""input_samples"": 125040, ""n_fft"": 2048, ""output_peak"": 0.28619927167892456, ""output_samples"": 125040, ""pre_limiter_peak"": 0.28619927167892456, ""res_type"": ""soxr_hq"", ""sample_aligned"": false, ""sample_rate"": 16000, ""seed"": 14682195957371790200, ""semitones"": 2}",42fe90538fd8ccbb5c50e5b9501dc6fb1d9981c06de531b959a592e517cb1424
20260905T233538.930635Z,b4f3de4a4f74b8742b201c9e0941cfe5166082fc,0ea442119cfa4d9f99e7b3b3ca6f55ddcdc1e56bc504ecce6b0481de96d1a73b,85a65f1f57cd5918e3529a1210a45ad78cb20cab8a6db637589aecc38e333336,15cd64de2c8ddb012c7001ab2b9d14b9009c3f6c85d26ac718ef884459e419c7,2961-961-0011,2961,test-clean,7.815,20260905,positive,1,stretch_09,stretch,"{""family"": ""stretch"", ""id"": ""stretch_09"", ""rate"": 0.9}",0.5,0.5,0.48955971002578735,0.4881863594055176,0,1000011001110011,1001011001111011,2,0.875,0.125,0,24.14239418673569,0.9990776061321807,NA,NA,NA,NA: Time stretching changes the temporal coordinate,8.6833125,138933,0.28316792845726013,0.0,0.0,2382.926299003884,30.06587002892047,214.88535008393228,ok,,"{""alignment_reason"": ""Time stretching changes the temporal coordinate"", ""clipping_fraction"": 0.0, ""duration_seconds"": 8.6833125, ""family"": ""stretch"", ""hop_length"": 512, ""id"": ""stretch_09"", ""implementation"": ""librosa"", ""input_samples"": 125040, ""n_fft"": 2048, ""output_peak"": 0.28316792845726013, ""output_samples"": 138933, ""pre_limiter_peak"": 0.28316792845726013, ""rate"": 0.9, ""sample_aligned"": false, ""sample_rate"": 16000, ""seed"": 18130327116841383106}",6ac697b81eeb9967bdb993e321788d1bd8d055e5d75381c01173690efe7baf9f
20260905T233538.930635Z,b4f3de4a4f74b8742b201c9e0941cfe5166082fc,0ea442119cfa4d9f99e7b3b3ca6f55ddcdc1e56bc504ecce6b0481de96d1a73b,85a65f1f57cd5918e3529a1210a45ad78cb20cab8a6db637589aecc38e333336,15cd64de2c8ddb012c7001ab2b9d14b9009c3f6c85d26ac718ef884459e419c7,2961-961-0011,2961,test-clean,7.815,20260905,negative,0,stretch_09,stretch,"{""family"": ""stretch"", ""id"": ""stretch_09"", ""rate"": 0.9}",0.5,0.5,0.0,0.0024389545433223248,0,1000011001110011,0100110110100101,NA,NA,NA,NA,NA,NA,NA,NA,NA,NA: Time stretching changes the temporal coordinate,8.6833125,138933,0.2733096778392792,0.0,0.0,NA,29.339325963519514,150.66143404692411,ok,,"{""alignment_reason"": ""Time stretching changes the temporal coordinate"", ""clipping_fraction"": 0.0, ""duration_seconds"": 8.6833125, ""family"": ""stretch"", ""hop_length"": 512, ""id"": ""stretch_09"", ""implementation"": ""librosa"", ""input_samples"": 125040, ""n_fft"": 2048, ""output_peak"": 0.2733096778392792, ""output_samples"": 138933, ""pre_limiter_peak"": 0.2733096778392792, ""rate"": 0.9, ""sample_aligned"": false, ""sample_rate"": 16000, ""seed"": 18130327116841383106}",0bea038f787f4242bbcc647bc28670b78c00e18c7e8914ecd784c6729d69bd47
20260905T233538.930635Z,b4f3de4a4f74b8742b201c9e0941cfe5166082fc,0ea442119cfa4d9f99e7b3b3ca6f55ddcdc1e56bc504ecce6b0481de96d1a73b,85a65f1f57cd5918e3529a1210a45ad78cb20cab8a6db637589aecc38e333336,15cd64de2c8ddb012c7001ab2b9d14b9009c3f6c85d26ac718ef884459e419c7,2961-961-0011,2961,test-clean,7.815,20260905,positive,1,stretch_11,stretch,"{""family"": ""stretch"", ""id"": ""stretch_11"", ""rate"": 1.1}",0.5,0.5,0.2607303261756897,0.27612265944480896,0,1000011001110011,1000011001110011,0,1.0,0.0,1,24.14239418673569,0.9990776061321807,NA,NA,NA,NA: Time stretching changes the temporal coordinate,7.1045625,113673,0.3444931209087372,0.0,0.0,2382.926299003884,24.423504015430808,173.54078800417483,ok,,"{""alignment_reason"": ""Time stretching changes the temporal coordinate"", ""clipping_fraction"": 0.0, ""duration_seconds"": 7.1045625, ""family"": ""stretch"", ""hop_length"": 512, ""id"": ""stretch_11"", ""implementation"": ""librosa"", ""input_samples"": 125040, ""n_fft"": 2048, ""output_peak"": 0.3444931209087372, ""output_samples"": 113673, ""pre_limiter_peak"": 0.3444931209087372, ""rate"": 1.1, ""sample_aligned"": false, ""sample_rate"": 16000, ""seed"": 5941972066568424522}",8081e036b1d609bf6c04b035dd52f6d90af6ac428d4cffa2cbaa97818a585577
20260905T233538.930635Z,b4f3de4a4f74b8742b201c9e0941cfe5166082fc,0ea442119cfa4d9f99e7b3b3ca6f55ddcdc1e56bc504ecce6b0481de96d1a73b,85a65f1f57cd5918e3529a1210a45ad78cb20cab8a6db637589aecc38e333336,15cd64de2c8ddb012c7001ab2b9d14b9009c3f6c85d26ac718ef884459e419c7,2961-961-0011,2961,test-clean,7.815,20260905,negative,0,stretch_11,stretch,"{""family"": ""stretch"", ""id"": ""stretch_11"", ""rate"": 1.1}",0.5,0.5,0.0004134667105972767,0.010157649405300617,0,1000011001110011,0100110110100101,NA,NA,NA,NA,NA,NA,NA,NA,NA,NA: Time stretching changes the temporal coordinate,7.1045625,113673,0.3455817401409149,0.0,0.0,NA,25.691029033623636,102.35768998973072,ok,,"{""alignment_reason"": ""Time stretching changes the temporal coordinate"", ""clipping_fraction"": 0.0, ""duration_seconds"": 7.1045625, ""family"": ""stretch"", ""hop_length"": 512, ""id"": ""stretch_11"", ""implementation"": ""librosa"", ""input_samples"": 125040, ""n_fft"": 2048, ""output_peak"": 0.3455817401409149, ""output_samples"": 113673, ""pre_limiter_peak"": 0.3455817401409149, ""rate"": 1.1, ""sample_aligned"": false, ""sample_rate"": 16000, ""seed"": 5941972066568424522}",df29a4050ee3bb6f8a95dddf808712b54b13255783f4f4e7fbd81cffd917ffe4
20260905T233538.930635Z,b4f3de4a4f74b8742b201c9e0941cfe5166082fc,0ea442119cfa4d9f99e7b3b3ca6f55ddcdc1e56bc504ecce6b0481de96d1a73b,85a65f1f57cd5918e3529a1210a45ad78cb20cab8a6db637589aecc38e333336,15cd64de2c8ddb012c7001ab2b9d14b9009c3f6c85d26ac718ef884459e419c7,2961-961-0011,2961,test-clean,7.815,20260905,positive,1,crop_10,crop,"{""family"": ""crop"", ""fraction"": 0.1, ""id"": ""crop_10""}",0.5,0.5,0.5923704504966736,0.5697604417800903,1,1000011001110011,0111011001001111,8,0.5,0.5,0,24.14239418673569,0.9990776061321807,NA,NA,NA,NA: Contiguous crop changes length and may shift time origin,7.0335,112536,0.6222783327102661,0.0,0.0,2382.926299003884,0.43626094702631235,163.2263750070706,ok,,"{""alignment_reason"": ""Contiguous crop changes length and may shift time origin"", ""clipping_fraction"": 0.0, ""crop_end_sample"": 122996, ""crop_start_sample"": 10460, ""duration_seconds"": 7.0335, ""family"": ""crop"", ""fraction"": 0.1, ""id"": ""crop_10"", ""input_samples"": 125040, ""output_peak"": 0.6222783327102661, ""output_samples"": 112536, ""pre_limiter_peak"": 0.6222783327102661, ""removed_fraction_actual"": 0.09999999999999998, ""sample_aligned"": false, ""sample_rate"": 16000, ""seed"": 3359092120872938925}",e6adb6ab395b149095c4b6bde7b96ad40fb0b0b3cb47387711fc35c661f8d7d0
20260905T233538.930635Z,b4f3de4a4f74b8742b201c9e0941cfe5166082fc,0ea442119cfa4d9f99e7b3b3ca6f55ddcdc1e56bc504ecce6b0481de96d1a73b,85a65f1f57cd5918e3529a1210a45ad78cb20cab8a6db637589aecc38e333336,15cd64de2c8ddb012c7001ab2b9d14b9009c3f6c85d26ac718ef884459e419c7,2961-961-0011,2961,test-clean,7.815,20260905,negative,0,crop_10,crop,"{""family"": ""crop"", ""fraction"": 0.1, ""id"": ""crop_10""}",0.5,0.5,0.0,0.005272739101201296,0,1000011001110011,0100111110110101,NA,NA,NA,NA,NA,NA,NA,NA,NA,NA: Contiguous crop changes length and may shift time origin,7.0335,112536,0.61773681640625,0.0,0.0,NA,0.47205889131873846,103.00607501994818,ok,,"{""alignment_reason"": ""Contiguous crop changes length and may shift time origin"", ""clipping_fraction"": 0.0, ""crop_end_sample"": 122996, ""crop_start_sample"": 10460, ""duration_seconds"": 7.0335, ""family"": ""crop"", ""fraction"": 0.1, ""id"": ""crop_10"", ""input_samples"": 125040, ""output_peak"": 0.61773681640625, ""output_samples"": 112536, ""pre_limiter_peak"": 0.61773681640625, ""removed_fraction_actual"": 0.09999999999999998, ""sample_aligned"": false, ""sample_rate"": 16000, ""seed"": 3359092120872938925}",4fa2c10eb8a637c0e0bf193226f7e2f4c76bf13b1cb03ab3461bc95101aad05e
20260905T233538.930635Z,b4f3de4a4f74b8742b201c9e0941cfe5166082fc,0ea442119cfa4d9f99e7b3b3ca6f55ddcdc1e56bc504ecce6b0481de96d1a73b,85a65f1f57cd5918e3529a1210a45ad78cb20cab8a6db637589aecc38e333336,15cd64de2c8ddb012c7001ab2b9d14b9009c3f6c85d26ac718ef884459e419c7,2961-961-0011,2961,test-clean,7.815,20260905,positive,1,crop_25,crop,"{""family"": ""crop"", ""fraction"": 0.25, ""id"": ""crop_25""}",0.5,0.5,0.9596396088600159,0.9439714550971985,1,1000011001110011,1101101101011001,8,0.5,0.5,0,24.14239418673569,0.9990776061321807,NA,NA,NA,NA: Contiguous crop changes length and may shift time origin,5.86125,93780,0.6222783327102661,0.0,0.0,2382.926299003884,0.4397170851007104,90.10623802896589,ok,,"{""alignment_reason"": ""Contiguous crop changes length and may shift time origin"", ""clipping_fraction"": 0.0, ""crop_end_sample"": 99871, ""crop_start_sample"": 6091, ""duration_seconds"": 5.86125, ""family"": ""crop"", ""fraction"": 0.25, ""id"": ""crop_25"", ""input_samples"": 125040, ""output_peak"": 0.6222783327102661, ""output_samples"": 93780, ""pre_limiter_peak"": 0.6222783327102661, ""removed_fraction_actual"": 0.25, ""sample_aligned"": false, ""sample_rate"": 16000, ""seed"": 15896382630722799394}",2b338236c49ff46aad3b5000c91e774ca5b8ad54dce10203cb654e28c089971b
20260905T233538.930635Z,b4f3de4a4f74b8742b201c9e0941cfe5166082fc,0ea442119cfa4d9f99e7b3b3ca6f55ddcdc1e56bc504ecce6b0481de96d1a73b,85a65f1f57cd5918e3529a1210a45ad78cb20cab8a6db637589aecc38e333336,15cd64de2c8ddb012c7001ab2b9d14b9009c3f6c85d26ac718ef884459e419c7,2961-961-0011,2961,test-clean,7.815,20260905,negative,0,crop_25,crop,"{""family"": ""crop"", ""fraction"": 0.25, ""id"": ""crop_25""}",0.5,0.5,0.0030923436861485243,0.01255032792687416,0,1000011001110011,0101111110110001,NA,NA,NA,NA,NA,NA,NA,NA,NA,NA: Contiguous crop changes length and may shift time origin,5.86125,93780,0.61773681640625,0.0,0.0,NA,0.42777496855705976,79.58353601861745,ok,,"{""alignment_reason"": ""Contiguous crop changes length and may shift time origin"", ""clipping_fraction"": 0.0, ""crop_end_sample"": 99871, ""crop_start_sample"": 6091, ""duration_seconds"": 5.86125, ""family"": ""crop"", ""fraction"": 0.25, ""id"": ""crop_25"", ""input_samples"": 125040, ""output_peak"": 0.61773681640625, ""output_samples"": 93780, ""pre_limiter_peak"": 0.61773681640625, ""removed_fraction_actual"": 0.25, ""sample_aligned"": false, ""sample_rate"": 16000, ""seed"": 15896382630722799394}",43610c88679255011ec343853be7a886c31c23c0840c3bf93db2842d45a2a16b
20260905T233538.930635Z,b4f3de4a4f74b8742b201c9e0941cfe5166082fc,0ea442119cfa4d9f99e7b3b3ca6f55ddcdc1e56bc504ecce6b0481de96d1a73b,85a65f1f57cd5918e3529a1210a45ad78cb20cab8a6db637589aecc38e333336,15cd64de2c8ddb012c7001ab2b9d14b9009c3f6c85d26ac718ef884459e419c7,672-122797-0000,672,test-clean,4.07,20260905,positive,1,clean,clean,"{""family"": ""clean"", ""id"": ""clean""}",0.5,0.5,1.0,0.9999853372573853,1,1011001010010011,1011001010010011,0,1.0,0.0,1,27.588756949062333,0.9986928055683222,0.9986928055683222,NA,27.588756949062333,aligned_to_original,4.07,65120,0.7902899980545044,0.0,0.0,1717.1391469892114,0.288488925434649,107.4381039943546,ok,,"{""clipping_fraction"": 0.0, ""duration_seconds"": 4.07, ""family"": ""clean"", ""id"": ""clean"", ""input_samples"": 65120, ""output_peak"": 0.7902899980545044, ""output_samples"": 65120, ""pre_limiter_peak"": 0.7902899980545044, ""sample_aligned"": true, ""sample_rate"": 16000, ""seed"": 3449352947688568048}",b69558ad9297c0510910c832b13748ec1e980ed9d9207f9cd642ec4f26913949
20260905T233538.930635Z,b4f3de4a4f74b8742b201c9e0941cfe5166082fc,0ea442119cfa4d9f99e7b3b3ca6f55ddcdc1e56bc504ecce6b0481de96d1a73b,85a65f1f57cd5918e3529a1210a45ad78cb20cab8a6db637589aecc38e333336,15cd64de2c8ddb012c7001ab2b9d14b9009c3f6c85d26ac718ef884459e419c7,672-122797-0000,672,test-clean,4.07,20260905,negative,0,clean,clean,"{""family"": ""clean"", ""id"": ""clean""}",0.5,0.5,0.0,0.0023528034798800945,0,1011001010010011,0110111110100100,NA,NA,NA,NA,NA,NA,1.0000000000000002,NA,inf,aligned_to_original,4.07,65120,0.7890625,0.0,0.0,NA,0.2843820257112384,59.42701897583902,ok,,"{""clipping_fraction"": 0.0, ""duration_seconds"": 4.07, ""family"": ""clean"", ""id"": ""clean"", ""input_samples"": 65120, ""output_peak"": 0.7890625, ""output_samples"": 65120, ""pre_limiter_peak"": 0.7890625, ""sample_aligned"": true, ""sample_rate"": 16000, ""seed"": 3449352947688568048}",5b07ce1aae5549a52630c37d65f97da5ad6c5341a23185db7da3e1054e14ff98
20260905T233538.930635Z,b4f3de4a4f74b8742b201c9e0941cfe5166082fc,0ea442119cfa4d9f99e7b3b3ca6f55ddcdc1e56bc504ecce6b0481de96d1a73b,85a65f1f57cd5918e3529a1210a45ad78cb20cab8a6db637589aecc38e333336,15cd64de2c8ddb012c7001ab2b9d14b9009c3f6c85d26ac718ef884459e419c7,672-122797-0000,672,test-clean,4.07,20260905,positive,1,mp3_128,mp3,"{""bitrate_kbps"": 128, ""family"": ""mp3"", ""id"": ""mp3_128""}",0.5,0.5,1.0,0.9999855160713196,1,1011001010010011,1011001010010011,0,1.0,0.0,1,27.588756949062333,0.9986928055683222,NA,NA,NA,NA: MP3 codec delay/alignment not independently verified,4.0709375,65135,0.7301788926124573,0.0,0.0,1717.1391469892114,20.645608892664313,64.50244400184602,ok,,"{""alignment_reason"": ""MP3 codec delay/alignment not independently verified"", ""bitrate_kbps"": 128, ""clipping_fraction"": 0.0, ""codec"": ""libmp3lame"", ""duration_seconds"": 4.0709375, ""family"": ""mp3"", ""id"": ""mp3_128"", ""input_samples"": 65120, ""output_peak"": 0.7301788926124573, ""output_samples"": 65135, ""pre_limiter_peak"": 0.7301788926124573, ""sample_aligned"": false, ""sample_rate"": 16000, ""seed"": 15059886971894578999}",4401e01d55cef8dcd425b7f0225150067743db57521f814b6593bf2a0e58dc94
20260905T233538.930635Z,b4f3de4a4f74b8742b201c9e0941cfe5166082fc,0ea442119cfa4d9f99e7b3b3ca6f55ddcdc1e56bc504ecce6b0481de96d1a73b,85a65f1f57cd5918e3529a1210a45ad78cb20cab8a6db637589aecc38e333336,15cd64de2c8ddb012c7001ab2b9d14b9009c3f6c85d26ac718ef884459e419c7,672-122797-0000,672,test-clean,4.07,20260905,negative,0,mp3_128,mp3,"{""bitrate_kbps"": 128, ""family"": ""mp3"", ""id"": ""mp3_128""}",0.5,0.5,0.0,0.002510483842343092,0,1011001010010011,0110111110100100,NA,NA,NA,NA,NA,NA,NA,NA,NA,NA: MP3 codec delay/alignment not independently verified,4.0709375,65135,0.7303618788719177,0.0,0.0,NA,22.72951800841838,59.58366603590548,ok,,"{""alignment_reason"": ""MP3 codec delay/alignment not independently verified"", ""bitrate_kbps"": 128, ""clipping_fraction"": 0.0, ""codec"": ""libmp3lame"", ""duration_seconds"": 4.0709375, ""family"": ""mp3"", ""id"": ""mp3_128"", ""input_samples"": 65120, ""output_peak"": 0.7303618788719177, ""output_samples"": 65135, ""pre_limiter_peak"": 0.7303618788719177, ""sample_aligned"": false, ""sample_rate"": 16000, ""seed"": 15059886971894578999}",62fd69077e86fd3513841e99636f91c9a3322654833da3a8e409355323d214c6
20260905T233538.930635Z,b4f3de4a4f74b8742b201c9e0941cfe5166082fc,0ea442119cfa4d9f99e7b3b3ca6f55ddcdc1e56bc504ecce6b0481de96d1a73b,85a65f1f57cd5918e3529a1210a45ad78cb20cab8a6db637589aecc38e333336,15cd64de2c8ddb012c7001ab2b9d14b9009c3f6c85d26ac718ef884459e419c7,672-122797-0000,672,test-clean,4.07,20260905,positive,1,mp3_64,mp3,"{""bitrate_kbps"": 64, ""family"": ""mp3"", ""id"": ""mp3_64""}",0.5,0.5,1.0,0.9999829530715942,1,1011001010010011,1011001010010011,0,1.0,0.0,1,27.588756949062333,0.9986928055683222,NA,NA,NA,NA: MP3 codec delay/alignment not independently verified,4.0709375,65135,0.7280787229537964,0.0,0.0,1717.1391469892114,21.32768905721605,59.87232597544789,ok,,"{""alignment_reason"": ""MP3 codec delay/alignment not independently verified"", ""bitrate_kbps"": 64, ""clipping_fraction"": 0.0, ""codec"": ""libmp3lame"", ""duration_seconds"": 4.0709375, ""family"": ""mp3"", ""id"": ""mp3_64"", ""input_samples"": 65120, ""output_peak"": 0.7280787229537964, ""output_samples"": 65135, ""pre_limiter_peak"": 0.7280787229537964, ""sample_aligned"": false, ""sample_rate"": 16000, ""seed"": 10372770404717370102}",5c70711de404594282cf716cec026286306a3805723b1bf7c569d91511705bef
20260905T233538.930635Z,b4f3de4a4f74b8742b201c9e0941cfe5166082fc,0ea442119cfa4d9f99e7b3b3ca6f55ddcdc1e56bc504ecce6b0481de96d1a73b,85a65f1f57cd5918e3529a1210a45ad78cb20cab8a6db637589aecc38e333336,15cd64de2c8ddb012c7001ab2b9d14b9009c3f6c85d26ac718ef884459e419c7,672-122797-0000,672,test-clean,4.07,20260905,negative,0,mp3_64,mp3,"{""bitrate_kbps"": 64, ""family"": ""mp3"", ""id"": ""mp3_64""}",0.5,0.5,0.0,0.0031781066209077835,0,1011001010010011,0100111110100100,NA,NA,NA,NA,NA,NA,NA,NA,NA,NA: MP3 codec delay/alignment not independently verified,4.0709375,65135,0.7276592254638672,0.0,0.0,NA,22.431501070968807,58.76479600556195,ok,,"{""alignment_reason"": ""MP3 codec delay/alignment not independently verified"", ""bitrate_kbps"": 64, ""clipping_fraction"": 0.0, ""codec"": ""libmp3lame"", ""duration_seconds"": 4.0709375, ""family"": ""mp3"", ""id"": ""mp3_64"", ""input_samples"": 65120, ""output_peak"": 0.7276592254638672, ""output_samples"": 65135, ""pre_limiter_peak"": 0.7276592254638672, ""sample_aligned"": false, ""sample_rate"": 16000, ""seed"": 10372770404717370102}",8627ef8a29badd8595e739b37bba3b1cc0487c3240088a1bc446f3ef0777be09
20260905T233538.930635Z,b4f3de4a4f74b8742b201c9e0941cfe5166082fc,0ea442119cfa4d9f99e7b3b3ca6f55ddcdc1e56bc504ecce6b0481de96d1a73b,85a65f1f57cd5918e3529a1210a45ad78cb20cab8a6db637589aecc38e333336,15cd64de2c8ddb012c7001ab2b9d14b9009c3f6c85d26ac718ef884459e419c7,672-122797-0000,672,test-clean,4.07,20260905,positive,1,noise_30,noise,"{""family"": ""noise"", ""id"": ""noise_30"", ""snr_db"": 30}",0.5,0.5,0.84385746717453,0.8530333638191223,1,1011001010010011,1011001010010011,0,1.0,0.0,1,27.588756949062333,0.9986928055683222,0.9973790202283235,NA,25.612430352798327,aligned_to_original,4.07,65120,0.7943633198738098,0.0,0.0,1717.1391469892114,1.6170499147847295,57.65781900845468,ok,,"{""clipping_fraction"": 0.0, ""duration_seconds"": 4.07, ""family"": ""noise"", ""id"": ""noise_30"", ""input_samples"": 65120, ""noise_snr_db"": 30.000000049298038, ""noise_snr_db_pre_clipping"": 30.0, ""output_peak"": 0.7943633198738098, ""output_samples"": 65120, ""pre_limiter_peak"": 0.7943633343821368, ""sample_aligned"": true, ""sample_rate"": 16000, ""seed"": 10702483748371626752, ""snr_db"": 30}",b8ef66bd36c95ab776c60b2c1fb25b94b6bcf05af2c85e237955d3346a25532f
20260905T233538.930635Z,b4f3de4a4f74b8742b201c9e0941cfe5166082fc,0ea442119cfa4d9f99e7b3b3ca6f55ddcdc1e56bc504ecce6b0481de96d1a73b,85a65f1f57cd5918e3529a1210a45ad78cb20cab8a6db637589aecc38e333336,15cd64de2c8ddb012c7001ab2b9d14b9009c3f6c85d26ac718ef884459e419c7,672-122797-0000,672,test-clean,4.07,20260905,negative,0,noise_30,noise,"{""family"": ""noise"", ""id"": ""noise_30"", ""snr_db"": 30}",0.5,0.5,0.0,0.004692120477557182,0,1011001010010011,0110110110100100,NA,NA,NA,NA,NA,NA,0.9987099552437544,NA,29.999999991489666,aligned_to_original,4.07,65120,0.7931393384933472,0.0,0.0,NA,1.62322202231735,67.17778800521046,ok,,"{""clipping_fraction"": 0.0, ""duration_seconds"": 4.07, ""family"": ""noise"", ""id"": ""noise_30"", ""input_samples"": 65120, ""noise_snr_db"": 29.999999991489666, ""noise_snr_db_pre_clipping"": 30.0, ""output_peak"": 0.7931393384933472, ""output_samples"": 65120, ""pre_limiter_peak"": 0.7931393659776722, ""sample_aligned"": true, ""sample_rate"": 16000, ""seed"": 10702483748371626752, ""snr_db"": 30}",5a4700242f1db90fe694430848ddae83e61ef11651378bb2bff553b7ba7eec18
20260905T233538.930635Z,b4f3de4a4f74b8742b201c9e0941cfe5166082fc,0ea442119cfa4d9f99e7b3b3ca6f55ddcdc1e56bc504ecce6b0481de96d1a73b,85a65f1f57cd5918e3529a1210a45ad78cb20cab8a6db637589aecc38e333336,15cd64de2c8ddb012c7001ab2b9d14b9009c3f6c85d26ac718ef884459e419c7,672-122797-0000,672,test-clean,4.07,20260905,positive,1,noise_20,noise,"{""family"": ""noise"", ""id"": ""noise_20"", ""snr_db"": 20}",0.5,0.5,0.3466830551624298,0.3504866659641266,0,1011001010010011,1011001010000011,1,0.9375,0.0625,0,27.588756949062333,0.9986928055683222,0.9852912026048842,NA,19.307815528667078,aligned_to_original,4.07,65120,0.780665934085846,0.0,0.0,1717.1391469892114,1.407730975188315,59.11952198948711,ok,,"{""clipping_fraction"": 0.0, ""duration_seconds"": 4.07, ""family"": ""noise"", ""id"": ""noise_20"", ""input_samples"": 65120, ""noise_snr_db"": 19.999999993819003, ""noise_snr_db_pre_clipping"": 20.0, ""output_peak"": 0.780665934085846, ""output_samples"": 65120, ""pre_limiter_peak"": 0.7806659413795173, ""sample_aligned"": true, ""sample_rate"": 16000, ""seed"": 5465277041018240624, ""snr_db"": 20}",4fa3c9d28f96be89ceb4470c6fd8848f06e1354b97033206dc1b983536c6f84e
20260905T233538.930635Z,b4f3de4a4f74b8742b201c9e0941cfe5166082fc,0ea442119cfa4d9f99e7b3b3ca6f55ddcdc1e56bc504ecce6b0481de96d1a73b,85a65f1f57cd5918e3529a1210a45ad78cb20cab8a6db637589aecc38e333336,15cd64de2c8ddb012c7001ab2b9d14b9009c3f6c85d26ac718ef884459e419c7,672-122797-0000,672,test-clean,4.07,20260905,negative,0,noise_20,noise,"{""family"": ""noise"", ""id"": ""noise_20"", ""snr_db"": 20}",0.5,0.5,0.0,0.007699533365666866,0,1011001010010011,0110111110100101,NA,NA,NA,NA,NA,NA,0.9870299025447274,NA,19.999999993490196,aligned_to_original,4.07,65120,0.779430091381073,0.0,0.0,NA,1.3954980531707406,58.733497047796845,ok,,"{""clipping_fraction"": 0.0, ""duration_seconds"": 4.07, ""family"": ""noise"", ""id"": ""noise_20"", ""input_samples"": 65120, ""noise_snr_db"": 19.999999993490196, ""noise_snr_db_pre_clipping"": 19.999999999999996, ""output_peak"": 0.779430091381073, ""output_samples"": 65120, ""pre_limiter_peak"": 0.7794301038339193, ""sample_aligned"": true, ""sample_rate"": 16000, ""seed"": 5465277041018240624, ""snr_db"": 20}",a8bc03141495f5db872d85f6bdce3cb6dfb7b973988adc34e5c951584474d57c
20260905T233538.930635Z,b4f3de4a4f74b8742b201c9e0941cfe5166082fc,0ea442119cfa4d9f99e7b3b3ca6f55ddcdc1e56bc504ecce6b0481de96d1a73b,85a65f1f57cd5918e3529a1210a45ad78cb20cab8a6db637589aecc38e333336,15cd64de2c8ddb012c7001ab2b9d14b9009c3f6c85d26ac718ef884459e419c7,672-122797-0000,672,test-clean,4.07,20260905,positive,1,resample_12000,resample,"{""family"": ""resample"", ""id"": ""resample_12000"", ""intermediate_sr"": 12000}",0.5,0.5,1.0,0.9999853372573853,1,1011001010010011,1011001010010011,0,1.0,0.0,1,27.588756949062333,0.9986928055683222,0.9986884148107291,NA,16.07401261946102,aligned_to_original,4.07,65120,0.7264447212219238,0.0,0.0,1717.1391469892114,2.176124951802194,58.75505891162902,ok,,"{""clipping_fraction"": 0.0, ""duration_seconds"": 4.07, ""family"": ""resample"", ""id"": ""resample_12000"", ""input_samples"": 65120, ""intermediate_sr"": 12000, ""output_peak"": 0.7264447212219238, ""output_samples"": 65120, ""pre_limiter_peak"": 0.7264447212219238, ""resampler"": ""scipy.signal.resample_poly"", ""resampler_window"": [""kaiser"", 5.0], ""sample_aligned"": true, ""sample_rate"": 16000, ""seed"": 3346064356715877964}",e5994b96c847e8186d4d148086e6777ac353f36572996b310c24a2405107d050
20260905T233538.930635Z,b4f3de4a4f74b8742b201c9e0941cfe5166082fc,0ea442119cfa4d9f99e7b3b3ca6f55ddcdc1e56bc504ecce6b0481de96d1a73b,85a65f1f57cd5918e3529a1210a45ad78cb20cab8a6db637589aecc38e333336,15cd64de2c8ddb012c7001ab2b9d14b9009c3f6c85d26ac718ef884459e419c7,672-122797-0000,672,test-clean,4.07,20260905,negative,0,resample_12000,resample,"{""family"": ""resample"", ""id"": ""resample_12000"", ""intermediate_sr"": 12000}",0.5,0.5,0.0,0.0027615989092737436,0,1011001010010011,0100111110100100,NA,NA,NA,NA,NA,NA,0.9999994292353621,NA,16.391753557622877,aligned_to_original,4.07,65120,0.7268075942993164,0.0,0.0,NA,2.1365490974858403,58.84700291790068,ok,,"{""clipping_fraction"": 0.0, ""duration_seconds"": 4.07, ""family"": ""resample"", ""id"": ""resample_12000"", ""input_samples"": 65120, ""intermediate_sr"": 12000, ""output_peak"": 0.7268075942993164, ""output_samples"": 65120, ""pre_limiter_peak"": 0.7268075942993164, ""resampler"": ""scipy.signal.resample_poly"", ""resampler_window"": [""kaiser"", 5.0], ""sample_aligned"": true, ""sample_rate"": 16000, ""seed"": 3346064356715877964}",1814ccbe36d9d32c98cc9c8a24f8edbbcbae1a5a1221807c12c157d3584987cb
20260905T233538.930635Z,b4f3de4a4f74b8742b201c9e0941cfe5166082fc,0ea442119cfa4d9f99e7b3b3ca6f55ddcdc1e56bc504ecce6b0481de96d1a73b,85a65f1f57cd5918e3529a1210a45ad78cb20cab8a6db637589aecc38e333336,15cd64de2c8ddb012c7001ab2b9d14b9009c3f6c85d26ac718ef884459e419c7,672-122797-0000,672,test-clean,4.07,20260905,positive,1,resample_8000,resample,"{""family"": ""resample"", ""id"": ""resample_8000"", ""intermediate_sr"": 8000}",0.5,0.5,1.0,0.9999796748161316,1,1011001010010011,1011001010010011,0,1.0,0.0,1,27.588756949062333,0.9986928055683222,0.9977192497767279,NA,4.309699922610108,aligned_to_original,4.07,65120,0.5482784509658813,0.0,0.0,1717.1391469892114,2.1477910922840238,59.08975494094193,ok,,"{""clipping_fraction"": 0.0, ""duration_seconds"": 4.07, ""family"": ""resample"", ""id"": ""resample_8000"", ""input_samples"": 65120, ""intermediate_sr"": 8000, ""output_peak"": 0.5482784509658813, ""output_samples"": 65120, ""pre_limiter_peak"": 0.5482784509658813, ""resampler"": ""scipy.signal.resample_poly"", ""resampler_window"": [""kaiser"", 5.0], ""sample_aligned"": true, ""sample_rate"": 16000, ""seed"": 6029017121025744407}",4b2b5356fce94cf67d4834343162e6c075d7eec75128fb9585e342eb67023e34
20260905T233538.930635Z,b4f3de4a4f74b8742b201c9e0941cfe5166082fc,0ea442119cfa4d9f99e7b3b3ca6f55ddcdc1e56bc504ecce6b0481de96d1a73b,85a65f1f57cd5918e3529a1210a45ad78cb20cab8a6db637589aecc38e333336,15cd64de2c8ddb012c7001ab2b9d14b9009c3f6c85d26ac718ef884459e419c7,672-122797-0000,672,test-clean,4.07,20260905,negative,0,resample_8000,resample,"{""family"": ""resample"", ""id"": ""resample_8000"", ""intermediate_sr"": 8000}",0.5,0.5,0.0,0.003646495984867215,0,1011001010010011,0110111110100100,NA,NA,NA,NA,NA,NA,0.9990260847401663,NA,4.330155152536812,aligned_to_original,4.07,65120,0.5461239218711853,0.0,0.0,NA,2.1730789449065924,59.00946306064725,ok,,"{""clipping_fraction"": 0.0, ""duration_seconds"": 4.07, ""family"": ""resample"", ""id"": ""resample_8000"", ""input_samples"": 65120, ""intermediate_sr"": 8000, ""output_peak"": 0.5461239218711853, ""output_samples"": 65120, ""pre_limiter_peak"": 0.5461239218711853, ""resampler"": ""scipy.signal.resample_poly"", ""resampler_window"": [""kaiser"", 5.0], ""sample_aligned"": true, ""sample_rate"": 16000, ""seed"": 6029017121025744407}",9af762f3eed87c8f2f7d5aedd2119a4762d1c2b97def8c23b63dad24c5387d4f
20260905T233538.930635Z,b4f3de4a4f74b8742b201c9e0941cfe5166082fc,0ea442119cfa4d9f99e7b3b3ca6f55ddcdc1e56bc504ecce6b0481de96d1a73b,85a65f1f57cd5918e3529a1210a45ad78cb20cab8a6db637589aecc38e333336,15cd64de2c8ddb012c7001ab2b9d14b9009c3f6c85d26ac718ef884459e419c7,672-122797-0000,672,test-clean,4.07,20260905,positive,1,pitch_minus2,pitch,"{""family"": ""pitch"", ""id"": ""pitch_minus2"", ""semitones"": -2}",0.5,0.5,0.003101965645328164,0.01798000931739807,0,1011001010010011,0100111110000101,10,0.375,0.625,0,27.588756949062333,0.9986928055683222,NA,NA,NA,NA: Pitch shifting changes sample phase and content,4.07,65120,0.4328031539916992,0.0,0.0,1717.1391469892114,14.692932949401438,59.0791649883613,ok,,"{""alignment_reason"": ""Pitch shifting changes sample phase and content"", ""clipping_fraction"": 0.0, ""duration_seconds"": 4.07, ""family"": ""pitch"", ""hop_length"": 512, ""id"": ""pitch_minus2"", ""implementation"": ""librosa"", ""input_samples"": 65120, ""n_fft"": 2048, ""output_peak"": 0.4328031539916992, ""output_samples"": 65120, ""pre_limiter_peak"": 0.4328031539916992, ""res_type"": ""soxr_hq"", ""sample_aligned"": false, ""sample_rate"": 16000, ""seed"": 14632826742648227860, ""semitones"": -2}",4244d5166596d35050f231d48f2ca232671278d48ac3f75bc03b699ab2d4b195
20260905T233538.930635Z,b4f3de4a4f74b8742b201c9e0941cfe5166082fc,0ea442119cfa4d9f99e7b3b3ca6f55ddcdc1e56bc504ecce6b0481de96d1a73b,85a65f1f57cd5918e3529a1210a45ad78cb20cab8a6db637589aecc38e333336,15cd64de2c8ddb012c7001ab2b9d14b9009c3f6c85d26ac718ef884459e419c7,672-122797-0000,672,test-clean,4.07,20260905,negative,0,pitch_minus2,pitch,"{""family"": ""pitch"", ""id"": ""pitch_minus2"", ""semitones"": -2}",0.5,0.5,0.0,0.002355505246669054,0,1011001010010011,0100111110100101,NA,NA,NA,NA,NA,NA,NA,NA,NA,NA: Pitch shifting changes sample phase and content,4.07,65120,0.43162038922309875,0.0,0.0,NA,15.191121026873589,58.3171839825809,ok,,"{""alignment_reason"": ""Pitch shifting changes sample phase and content"", ""clipping_fraction"": 0.0, ""duration_seconds"": 4.07, ""family"": ""pitch"", ""hop_length"": 512, ""id"": ""pitch_minus2"", ""implementation"": ""librosa"", ""input_samples"": 65120, ""n_fft"": 2048, ""output_peak"": 0.43162038922309875, ""output_samples"": 65120, ""pre_limiter_peak"": 0.43162038922309875, ""res_type"": ""soxr_hq"", ""sample_aligned"": false, ""sample_rate"": 16000, ""seed"": 14632826742648227860, ""semitones"": -2}",a2fb57d93c7ce592a6af19702324dc1b2de202d9a7f12162056d0c2f3aed7a30
20260905T233538.930635Z,b4f3de4a4f74b8742b201c9e0941cfe5166082fc,0ea442119cfa4d9f99e7b3b3ca6f55ddcdc1e56bc504ecce6b0481de96d1a73b,85a65f1f57cd5918e3529a1210a45ad78cb20cab8a6db637589aecc38e333336,15cd64de2c8ddb012c7001ab2b9d14b9009c3f6c85d26ac718ef884459e419c7,672-122797-0000,672,test-clean,4.07,20260905,positive,1,pitch_plus2,pitch,"{""family"": ""pitch"", ""id"": ""pitch_plus2"", ""semitones"": 2}",0.5,0.5,0.010227272287011147,0.013264363631606102,0,1011001010010011,0100111110100101,11,0.3125,0.6875,0,27.588756949062333,0.9986928055683222,NA,NA,NA,NA: Pitch shifting changes sample phase and content,4.07,65120,0.4972943067550659,0.0,0.0,1717.1391469892114,17.537890002131462,58.98014607373625,ok,,"{""alignment_reason"": ""Pitch shifting changes sample phase and content"", ""clipping_fraction"": 0.0, ""duration_seconds"": 4.07, ""family"": ""pitch"", ""hop_length"": 512, ""id"": ""pitch_plus2"", ""implementation"": ""librosa"", ""input_samples"": 65120, ""n_fft"": 2048, ""output_peak"": 0.4972943067550659, ""output_samples"": 65120, ""pre_limiter_peak"": 0.4972943067550659, ""res_type"": ""soxr_hq"", ""sample_aligned"": false, ""sample_rate"": 16000, ""seed"": 6606860926609413928, ""semitones"": 2}",4625a5e56dcc45557f6848add0319c55dbecfd3712c1691501bed5ea65d84544
20260905T233538.930635Z,b4f3de4a4f74b8742b201c9e0941cfe5166082fc,0ea442119cfa4d9f99e7b3b3ca6f55ddcdc1e56bc504ecce6b0481de96d1a73b,85a65f1f57cd5918e3529a1210a45ad78cb20cab8a6db637589aecc38e333336,15cd64de2c8ddb012c7001ab2b9d14b9009c3f6c85d26ac718ef884459e419c7,672-122797-0000,672,test-clean,4.07,20260905,negative,0,pitch_plus2,pitch,"{""family"": ""pitch"", ""id"": ""pitch_plus2"", ""semitones"": 2}",0.5,0.5,0.0,0.001473948359489441,0,1011001010010011,0101111110100100,NA,NA,NA,NA,NA,NA,NA,NA,NA,NA: Pitch shifting changes sample phase and content,4.07,65120,0.4811782240867615,0.0,0.0,NA,17.435024958103895,60.38130493834615,ok,,"{""alignment_reason"": ""Pitch shifting changes sample phase and content"", ""clipping_fraction"": 0.0, ""duration_seconds"": 4.07, ""family"": ""pitch"", ""hop_length"": 512, ""id"": ""pitch_plus2"", ""implementation"": ""librosa"", ""input_samples"": 65120, ""n_fft"": 2048, ""output_peak"": 0.4811782240867615, ""output_samples"": 65120, ""pre_limiter_peak"": 0.4811782240867615, ""res_type"": ""soxr_hq"", ""sample_aligned"": false, ""sample_rate"": 16000, ""seed"": 6606860926609413928, ""semitones"": 2}",b433f7cdea2ceb2ce189e5b8f2216957d1132d8d5c55402e2d9c3193679dc474
20260905T233538.930635Z,b4f3de4a4f74b8742b201c9e0941cfe5166082fc,0ea442119cfa4d9f99e7b3b3ca6f55ddcdc1e56bc504ecce6b0481de96d1a73b,85a65f1f57cd5918e3529a1210a45ad78cb20cab8a6db637589aecc38e333336,15cd64de2c8ddb012c7001ab2b9d14b9009c3f6c85d26ac718ef884459e419c7,672-122797-0000,672,test-clean,4.07,20260905,positive,1,stretch_09,stretch,"{""family"": ""stretch"", ""id"": ""stretch_09"", ""rate"": 0.9}",0.5,0.5,0.2050832062959671,0.22781671583652496,0,1011001010010011,1011001010010011,0,1.0,0.0,1,27.588756949062333,0.9986928055683222,NA,NA,NA,NA: Time stretching changes the temporal coordinate,4.52225,72356,0.5737984776496887,0.0,0.0,1717.1391469892114,16.435330966487527,71.26568397507071,ok,,"{""alignment_reason"": ""Time stretching changes the temporal coordinate"", ""clipping_fraction"": 0.0, ""duration_seconds"": 4.52225, ""family"": ""stretch"", ""hop_length"": 512, ""id"": ""stretch_09"", ""implementation"": ""librosa"", ""input_samples"": 65120, ""n_fft"": 2048, ""output_peak"": 0.5737984776496887, ""output_samples"": 72356, ""pre_limiter_peak"": 0.5737984776496887, ""rate"": 0.9, ""sample_aligned"": false, ""sample_rate"": 16000, ""seed"": 7867038866446909224}",298aaeb336d8dbca389c35736d052c471d8a4107ded1f2c82c4e83b7102f0ee6
20260905T233538.930635Z,b4f3de4a4f74b8742b201c9e0941cfe5166082fc,0ea442119cfa4d9f99e7b3b3ca6f55ddcdc1e56bc504ecce6b0481de96d1a73b,85a65f1f57cd5918e3529a1210a45ad78cb20cab8a6db637589aecc38e333336,15cd64de2c8ddb012c7001ab2b9d14b9009c3f6c85d26ac718ef884459e419c7,672-122797-0000,672,test-clean,4.07,20260905,negative,0,stretch_09,stretch,"{""family"": ""stretch"", ""id"": ""stretch_09"", ""rate"": 0.9}",0.5,0.5,0.003372215200215578,0.012011144310235977,0,1011001010010011,0100111110100100,NA,NA,NA,NA,NA,NA,NA,NA,NA,NA: Time stretching changes the temporal coordinate,4.52225,72356,0.5747857093811035,0.0,0.0,NA,16.722236992791295,64.72532800398767,ok,,"{""alignment_reason"": ""Time stretching changes the temporal coordinate"", ""clipping_fraction"": 0.0, ""duration_seconds"": 4.52225, ""family"": ""stretch"", ""hop_length"": 512, ""id"": ""stretch_09"", ""implementation"": ""librosa"", ""input_samples"": 65120, ""n_fft"": 2048, ""output_peak"": 0.5747857093811035, ""output_samples"": 72356, ""pre_limiter_peak"": 0.5747857093811035, ""rate"": 0.9, ""sample_aligned"": false, ""sample_rate"": 16000, ""seed"": 7867038866446909224}",591bf25ec0b87499f2e5530c6055dc136da83f9385f558539343b8f0fb0ef58b
20260905T233538.930635Z,b4f3de4a4f74b8742b201c9e0941cfe5166082fc,0ea442119cfa4d9f99e7b3b3ca6f55ddcdc1e56bc504ecce6b0481de96d1a73b,85a65f1f57cd5918e3529a1210a45ad78cb20cab8a6db637589aecc38e333336,15cd64de2c8ddb012c7001ab2b9d14b9009c3f6c85d26ac718ef884459e419c7,672-122797-0000,672,test-clean,4.07,20260905,positive,1,stretch_11,stretch,"{""family"": ""stretch"", ""id"": ""stretch_11"", ""rate"": 1.1}",0.5,0.5,0.25555741786956787,0.27959057688713074,0,1011001010010011,1011001010010011,0,1.0,0.0,1,27.588756949062333,0.9986928055683222,NA,NA,NA,NA: Time stretching changes the temporal coordinate,3.7,59200,0.4514751136302948,0.0,0.0,1717.1391469892114,14.213579939678311,121.00449006538838,ok,,"{""alignment_reason"": ""Time stretching changes the temporal coordinate"", ""clipping_fraction"": 0.0, ""duration_seconds"": 3.7, ""family"": ""stretch"", ""hop_length"": 512, ""id"": ""stretch_11"", ""implementation"": ""librosa"", ""input_samples"": 65120, ""n_fft"": 2048, ""output_peak"": 0.4514751136302948, ""output_samples"": 59200, ""pre_limiter_peak"": 0.4514751136302948, ""rate"": 1.1, ""sample_aligned"": false, ""sample_rate"": 16000, ""seed"": 15850065663129306023}",27ff19ef8a06d446a7cae4f04ec907bdba530c248ab1cb4018b4b71a78de55d4
20260905T233538.930635Z,b4f3de4a4f74b8742b201c9e0941cfe5166082fc,0ea442119cfa4d9f99e7b3b3ca6f55ddcdc1e56bc504ecce6b0481de96d1a73b,85a65f1f57cd5918e3529a1210a45ad78cb20cab8a6db637589aecc38e333336,15cd64de2c8ddb012c7001ab2b9d14b9009c3f6c85d26ac718ef884459e419c7,672-122797-0000,672,test-clean,4.07,20260905,negative,0,stretch_11,stretch,"{""family"": ""stretch"", ""id"": ""stretch_11"", ""rate"": 1.1}",0.5,0.5,0.0,0.0017292130505666137,0,1011001010010011,0111111110100101,NA,NA,NA,NA,NA,NA,NA,NA,NA,NA: Time stretching changes the temporal coordinate,3.7,59200,0.460117369890213,0.0,0.0,NA,13.682477991096675,54.793712915852666,ok,,"{""alignment_reason"": ""Time stretching changes the temporal coordinate"", ""clipping_fraction"": 0.0, ""duration_seconds"": 3.7, ""family"": ""stretch"", ""hop_length"": 512, ""id"": ""stretch_11"", ""implementation"": ""librosa"", ""input_samples"": 65120, ""n_fft"": 2048, ""output_peak"": 0.460117369890213, ""output_samples"": 59200, ""pre_limiter_peak"": 0.460117369890213, ""rate"": 1.1, ""sample_aligned"": false, ""sample_rate"": 16000, ""seed"": 15850065663129306023}",71d20bf9e720713f7c914b93e407e2fdf4cf308f9261b0bcf275ac859fd9df14
20260905T233538.930635Z,b4f3de4a4f74b8742b201c9e0941cfe5166082fc,0ea442119cfa4d9f99e7b3b3ca6f55ddcdc1e56bc504ecce6b0481de96d1a73b,85a65f1f57cd5918e3529a1210a45ad78cb20cab8a6db637589aecc38e333336,15cd64de2c8ddb012c7001ab2b9d14b9009c3f6c85d26ac718ef884459e419c7,672-122797-0000,672,test-clean,4.07,20260905,positive,1,crop_10,crop,"{""family"": ""crop"", ""fraction"": 0.1, ""id"": ""crop_10""}",0.5,0.5,1.0,0.9982910752296448,1,1011001010010011,1011001010010011,0,1.0,0.0,1,27.588756949062333,0.9986928055683222,NA,NA,NA,NA: Contiguous crop changes length and may shift time origin,3.663,58608,0.7902899980545044,0.0,0.0,1717.1391469892114,0.3078359877690673,93.09853403829038,ok,,"{""alignment_reason"": ""Contiguous crop changes length and may shift time origin"", ""clipping_fraction"": 0.0, ""crop_end_sample"": 59892, ""crop_start_sample"": 1284, ""duration_seconds"": 3.663, ""family"": ""crop"", ""fraction"": 0.1, ""id"": ""crop_10"", ""input_samples"": 65120, ""output_peak"": 0.7902899980545044, ""output_samples"": 58608, ""pre_limiter_peak"": 0.7902899980545044, ""removed_fraction_actual"": 0.09999999999999998, ""sample_aligned"": false, ""sample_rate"": 16000, ""seed"": 4910494737765597467}",8ab2cca14846b153719c0b466abec0c9b291a59c0778d446061d45e9d23285d1
20260905T233538.930635Z,b4f3de4a4f74b8742b201c9e0941cfe5166082fc,0ea442119cfa4d9f99e7b3b3ca6f55ddcdc1e56bc504ecce6b0481de96d1a73b,85a65f1f57cd5918e3529a1210a45ad78cb20cab8a6db637589aecc38e333336,15cd64de2c8ddb012c7001ab2b9d14b9009c3f6c85d26ac718ef884459e419c7,672-122797-0000,672,test-clean,4.07,20260905,negative,0,crop_10,crop,"{""family"": ""crop"", ""fraction"": 0.1, ""id"": ""crop_10""}",0.5,0.5,0.0,0.003035379573702812,0,1011001010010011,0110110110100100,NA,NA,NA,NA,NA,NA,NA,NA,NA,NA: Contiguous crop changes length and may shift time origin,3.663,58608,0.7890625,0.0,0.0,NA,0.35236100666224957,50.06032797973603,ok,,"{""alignment_reason"": ""Contiguous crop changes length and may shift time origin"", ""clipping_fraction"": 0.0, ""crop_end_sample"": 59892, ""crop_start_sample"": 1284, ""duration_seconds"": 3.663, ""family"": ""crop"", ""fraction"": 0.1, ""id"": ""crop_10"", ""input_samples"": 65120, ""output_peak"": 0.7890625, ""output_samples"": 58608, ""pre_limiter_peak"": 0.7890625, ""removed_fraction_actual"": 0.09999999999999998, ""sample_aligned"": false, ""sample_rate"": 16000, ""seed"": 4910494737765597467}",1f19e8914d963257b1a75035475540a32eec9bc59ec0281115e02c5cef42875b
20260905T233538.930635Z,b4f3de4a4f74b8742b201c9e0941cfe5166082fc,0ea442119cfa4d9f99e7b3b3ca6f55ddcdc1e56bc504ecce6b0481de96d1a73b,85a65f1f57cd5918e3529a1210a45ad78cb20cab8a6db637589aecc38e333336,15cd64de2c8ddb012c7001ab2b9d14b9009c3f6c85d26ac718ef884459e419c7,672-122797-0000,672,test-clean,4.07,20260905,positive,1,crop_25,crop,"{""family"": ""crop"", ""fraction"": 0.25, ""id"": ""crop_25""}",0.5,0.5,0.9213759303092957,0.9246152639389038,1,1011001010010011,0011011010010011,2,0.875,0.125,0,27.588756949062333,0.9986928055683222,NA,NA,NA,NA: Contiguous crop changes length and may shift time origin,3.0525,48840,0.7902899980545044,0.0,0.0,1717.1391469892114,0.3398469416424632,57.121857069432735,ok,,"{""alignment_reason"": ""Contiguous crop changes length and may shift time origin"", ""clipping_fraction"": 0.0, ""crop_end_sample"": 50804, ""crop_start_sample"": 1964, ""duration_seconds"": 3.0525, ""family"": ""crop"", ""fraction"": 0.25, ""id"": ""crop_25"", ""input_samples"": 65120, ""output_peak"": 0.7902899980545044, ""output_samples"": 48840, ""pre_limiter_peak"": 0.7902899980545044, ""removed_fraction_actual"": 0.25, ""sample_aligned"": false, ""sample_rate"": 16000, ""seed"": 8094103060733492822}",4a88528b4da04c921a3f72046560cd4abb56a02387ffd9f8ce4dfa736aec9a5b
20260905T233538.930635Z,b4f3de4a4f74b8742b201c9e0941cfe5166082fc,0ea442119cfa4d9f99e7b3b3ca6f55ddcdc1e56bc504ecce6b0481de96d1a73b,85a65f1f57cd5918e3529a1210a45ad78cb20cab8a6db637589aecc38e333336,15cd64de2c8ddb012c7001ab2b9d14b9009c3f6c85d26ac718ef884459e419c7,672-122797-0000,672,test-clean,4.07,20260905,negative,0,crop_25,crop,"{""family"": ""crop"", ""fraction"": 0.25, ""id"": ""crop_25""}",0.5,0.5,0.0,0.0024255746975541115,0,1011001010010011,0101111110100100,NA,NA,NA,NA,NA,NA,NA,NA,NA,NA: Contiguous crop changes length and may shift time origin,3.0525,48840,0.7890625,0.0,0.0,NA,0.35620899870991707,77.2907689679414,ok,,"{""alignment_reason"": ""Contiguous crop changes length and may shift time origin"", ""clipping_fraction"": 0.0, ""crop_end_sample"": 50804, ""crop_start_sample"": 1964, ""duration_seconds"": 3.0525, ""family"": ""crop"", ""fraction"": 0.25, ""id"": ""crop_25"", ""input_samples"": 65120, ""output_peak"": 0.7890625, ""output_samples"": 48840, ""pre_limiter_peak"": 0.7890625, ""removed_fraction_actual"": 0.25, ""sample_aligned"": false, ""sample_rate"": 16000, ""seed"": 8094103060733492822}",337ce90829a303c6d402bbf1be479346af16d44e45d9b4fb9f9a28e93ae1f417
20260905T233538.930635Z,b4f3de4a4f74b8742b201c9e0941cfe5166082fc,0ea442119cfa4d9f99e7b3b3ca6f55ddcdc1e56bc504ecce6b0481de96d1a73b,85a65f1f57cd5918e3529a1210a45ad78cb20cab8a6db637589aecc38e333336,15cd64de2c8ddb012c7001ab2b9d14b9009c3f6c85d26ac718ef884459e419c7,4446-2273-0014,4446,test-clean,2.39,20260905,positive,1,clean,clean,"{""family"": ""clean"", ""id"": ""clean""}",0.5,0.5,1.0,0.9999899864196777,1,1011000011101010,1011000011101010,0,1.0,0.0,1,25.002536720053918,0.9975548626012267,0.9975548626012267,NA,25.002536720053918,aligned_to_original,2.39,38240,0.3557904362678528,0.0,0.0,666.1593810422346,0.2207100624218583,41.51370201725513,ok,,"{""clipping_fraction"": 0.0, ""duration_seconds"": 2.39, ""family"": ""clean"", ""id"": ""clean"", ""input_samples"": 38240, ""output_peak"": 0.3557904362678528, ""output_samples"": 38240, ""pre_limiter_peak"": 0.3557904362678528, ""sample_aligned"": true, ""sample_rate"": 16000, ""seed"": 705118526128157349}",488b592bc06fec9052ab5542fa52de62ef4564513dbd1c7ffd41b39c02809e20
20260905T233538.930635Z,b4f3de4a4f74b8742b201c9e0941cfe5166082fc,0ea442119cfa4d9f99e7b3b3ca6f55ddcdc1e56bc504ecce6b0481de96d1a73b,85a65f1f57cd5918e3529a1210a45ad78cb20cab8a6db637589aecc38e333336,15cd64de2c8ddb012c7001ab2b9d14b9009c3f6c85d26ac718ef884459e419c7,4446-2273-0014,4446,test-clean,2.39,20260905,negative,0,clean,clean,"{""family"": ""clean"", ""id"": ""clean""}",0.5,0.5,0.0,0.0002749617851804942,0,1011000011101010,0111110110000101,NA,NA,NA,NA,NA,NA,0.9999999999999998,NA,inf,aligned_to_original,2.39,38240,0.354949951171875,0.0,0.0,NA,0.20664301700890064,41.270497953519225,ok,,"{""clipping_fraction"": 0.0, ""duration_seconds"": 2.39, ""family"": ""clean"", ""id"": ""clean"", ""input_samples"": 38240, ""output_peak"": 0.354949951171875, ""output_samples"": 38240, ""pre_limiter_peak"": 0.354949951171875, ""sample_aligned"": true, ""sample_rate"": 16000, ""seed"": 705118526128157349}",4fac0201b119bf6c03c654e5477574a5fc341f8c1aa87f3cf0ab5f91c54498ef
20260905T233538.930635Z,b4f3de4a4f74b8742b201c9e0941cfe5166082fc,0ea442119cfa4d9f99e7b3b3ca6f55ddcdc1e56bc504ecce6b0481de96d1a73b,85a65f1f57cd5918e3529a1210a45ad78cb20cab8a6db637589aecc38e333336,15cd64de2c8ddb012c7001ab2b9d14b9009c3f6c85d26ac718ef884459e419c7,4446-2273-0014,4446,test-clean,2.39,20260905,positive,1,mp3_128,mp3,"{""bitrate_kbps"": 128, ""family"": ""mp3"", ""id"": ""mp3_128""}",0.5,0.5,1.0,0.99998939037323,1,1011000011101010,1011000011101010,0,1.0,0.0,1,25.002536720053918,0.9975548626012267,NA,NA,NA,NA: MP3 codec delay/alignment not independently verified,2.39,38240,0.3384903073310852,0.0,0.0,666.1593810422346,14.713210985064507,41.67420696467161,ok,,"{""alignment_reason"": ""MP3 codec delay/alignment not independently verified"", ""bitrate_kbps"": 128, ""clipping_fraction"": 0.0, ""codec"": ""libmp3lame"", ""duration_seconds"": 2.39, ""family"": ""mp3"", ""id"": ""mp3_128"", ""input_samples"": 38240, ""output_peak"": 0.3384903073310852, ""output_samples"": 38240, ""pre_limiter_peak"": 0.3384903073310852, ""sample_aligned"": false, ""sample_rate"": 16000, ""seed"": 14315845460317342589}",80fc55c290cd47c6264297abf3ff8ab2839e3eaf12198c141df00ad9ca84074b
20260905T233538.930635Z,b4f3de4a4f74b8742b201c9e0941cfe5166082fc,0ea442119cfa4d9f99e7b3b3ca6f55ddcdc1e56bc504ecce6b0481de96d1a73b,85a65f1f57cd5918e3529a1210a45ad78cb20cab8a6db637589aecc38e333336,15cd64de2c8ddb012c7001ab2b9d14b9009c3f6c85d26ac718ef884459e419c7,4446-2273-0014,4446,test-clean,2.39,20260905,negative,0,mp3_128,mp3,"{""bitrate_kbps"": 128, ""family"": ""mp3"", ""id"": ""mp3_128""}",0.5,0.5,0.0,0.0002607800124678761,0,1011000011101010,0111110110000101,NA,NA,NA,NA,NA,NA,NA,NA,NA,NA: MP3 codec delay/alignment not independently verified,2.39,38240,0.33761125802993774,0.0,0.0,NA,14.491157955490053,41.71785002108663,ok,,"{""alignment_reason"": ""MP3 codec delay/alignment not independently verified"", ""bitrate_kbps"": 128, ""clipping_fraction"": 0.0, ""codec"": ""libmp3lame"", ""duration_seconds"": 2.39, ""family"": ""mp3"", ""id"": ""mp3_128"", ""input_samples"": 38240, ""output_peak"": 0.33761125802993774, ""output_samples"": 38240, ""pre_limiter_peak"": 0.33761125802993774, ""sample_aligned"": false, ""sample_rate"": 16000, ""seed"": 14315845460317342589}",f5b1bf5d27302126549971e3c38c09527d75186391389009a78407d94f852274
20260905T233538.930635Z,b4f3de4a4f74b8742b201c9e0941cfe5166082fc,0ea442119cfa4d9f99e7b3b3ca6f55ddcdc1e56bc504ecce6b0481de96d1a73b,85a65f1f57cd5918e3529a1210a45ad78cb20cab8a6db637589aecc38e333336,15cd64de2c8ddb012c7001ab2b9d14b9009c3f6c85d26ac718ef884459e419c7,4446-2273-0014,4446,test-clean,2.39,20260905,positive,1,mp3_64,mp3,"{""bitrate_kbps"": 64, ""family"": ""mp3"", ""id"": ""mp3_64""}",0.5,0.5,1.0,0.9999898672103882,1,1011000011101010,1011000011101010,0,1.0,0.0,1,25.002536720053918,0.9975548626012267,NA,NA,NA,NA: MP3 codec delay/alignment not independently verified,2.39,38240,0.33623844385147095,0.0,0.0,666.1593810422346,14.442655025050044,41.4658400695771,ok,,"{""alignment_reason"": ""MP3 codec delay/alignment not independently verified"", ""bitrate_kbps"": 64, ""clipping_fraction"": 0.0, ""codec"": ""libmp3lame"", ""duration_seconds"": 2.39, ""family"": ""mp3"", ""id"": ""mp3_64"", ""input_samples"": 38240, ""output_peak"": 0.33623844385147095, ""output_samples"": 38240, ""pre_limiter_peak"": 0.33623844385147095, ""sample_aligned"": false, ""sample_rate"": 16000, ""seed"": 17112316712320710432}",c453a24cc951727e7f5dd20182092b81cb4e1bec240e90e0f0e7871a9cdbc57e
20260905T233538.930635Z,b4f3de4a4f74b8742b201c9e0941cfe5166082fc,0ea442119cfa4d9f99e7b3b3ca6f55ddcdc1e56bc504ecce6b0481de96d1a73b,85a65f1f57cd5918e3529a1210a45ad78cb20cab8a6db637589aecc38e333336,15cd64de2c8ddb012c7001ab2b9d14b9009c3f6c85d26ac718ef884459e419c7,4446-2273-0014,4446,test-clean,2.39,20260905,negative,0,mp3_64,mp3,"{""bitrate_kbps"": 64, ""family"": ""mp3"", ""id"": ""mp3_64""}",0.5,0.5,0.0,0.00024652897263877094,0,1011000011101010,0111110110100101,NA,NA,NA,NA,NA,NA,NA,NA,NA,NA: MP3 codec delay/alignment not independently verified,2.39,38240,0.33799952268600464,0.0,0.0,NA,18.32585094962269,41.8161180568859,ok,,"{""alignment_reason"": ""MP3 codec delay/alignment not independently verified"", ""bitrate_kbps"": 64, ""clipping_fraction"": 0.0, ""codec"": ""libmp3lame"", ""duration_seconds"": 2.39, ""family"": ""mp3"", ""id"": ""mp3_64"", ""input_samples"": 38240, ""output_peak"": 0.33799952268600464, ""output_samples"": 38240, ""pre_limiter_peak"": 0.33799952268600464, ""sample_aligned"": false, ""sample_rate"": 16000, ""seed"": 17112316712320710432}",00bad611f55faba76d92ac6d2703208c08992679c9b619a3e59b40df9b155298
20260905T233538.930635Z,b4f3de4a4f74b8742b201c9e0941cfe5166082fc,0ea442119cfa4d9f99e7b3b3ca6f55ddcdc1e56bc504ecce6b0481de96d1a73b,85a65f1f57cd5918e3529a1210a45ad78cb20cab8a6db637589aecc38e333336,15cd64de2c8ddb012c7001ab2b9d14b9009c3f6c85d26ac718ef884459e419c7,4446-2273-0014,4446,test-clean,2.39,20260905,positive,1,noise_30,noise,"{""family"": ""noise"", ""id"": ""noise_30"", ""snr_db"": 30}",0.5,0.5,1.0,0.996878445148468,1,1011000011101010,1011000011101010,0,1.0,0.0,1,25.002536720053918,0.9975548626012267,0.9963312881617998,NA,23.824035484476962,aligned_to_original,2.39,38240,0.35492679476737976,0.0,0.0,666.1593810422346,1.0363039327785373,41.3124980404973,ok,,"{""clipping_fraction"": 0.0, ""duration_seconds"": 2.39, ""family"": ""noise"", ""id"": ""noise_30"", ""input_samples"": 38240, ""noise_snr_db"": 30.000000057545066, ""noise_snr_db_pre_clipping"": 30.0, ""output_peak"": 0.35492679476737976, ""output_samples"": 38240, ""pre_limiter_peak"": 0.35492678202348577, ""sample_aligned"": true, ""sample_rate"": 16000, ""seed"": 8064515036940355183, ""snr_db"": 30}",f8e0970a70e541c95550140da8212e23b330d518226ba03110df4ea5d0f91569
20260905T233538.930635Z,b4f3de4a4f74b8742b201c9e0941cfe5166082fc,0ea442119cfa4d9f99e7b3b3ca6f55ddcdc1e56bc504ecce6b0481de96d1a73b,85a65f1f57cd5918e3529a1210a45ad78cb20cab8a6db637589aecc38e333336,15cd64de2c8ddb012c7001ab2b9d14b9009c3f6c85d26ac718ef884459e419c7,4446-2273-0014,4446,test-clean,2.39,20260905,negative,0,noise_30,noise,"{""family"": ""noise"", ""id"": ""noise_30"", ""snr_db"": 30}",0.5,0.5,0.0,0.00015032364171929657,0,1011000011101010,1111110110110100,NA,NA,NA,NA,NA,NA,0.9991951550978637,NA,30.00000003870101,aligned_to_original,2.39,38240,0.3540846109390259,0.0,0.0,NA,0.8990319911390543,41.21230693999678,ok,,"{""clipping_fraction"": 0.0, ""duration_seconds"": 2.39, ""family"": ""noise"", ""id"": ""noise_30"", ""input_samples"": 38240, ""noise_snr_db"": 30.00000003870101, ""noise_snr_db_pre_clipping"": 30.0, ""output_peak"": 0.3540846109390259, ""output_samples"": 38240, ""pre_limiter_peak"": 0.35408460968013816, ""sample_aligned"": true, ""sample_rate"": 16000, ""seed"": 8064515036940355183, ""snr_db"": 30}",7c77ef66de42f75622275c707c6c7de5046b51f1658baec846d7be80aa59ffed
20260905T233538.930635Z,b4f3de4a4f74b8742b201c9e0941cfe5166082fc,0ea442119cfa4d9f99e7b3b3ca6f55ddcdc1e56bc504ecce6b0481de96d1a73b,85a65f1f57cd5918e3529a1210a45ad78cb20cab8a6db637589aecc38e333336,15cd64de2c8ddb012c7001ab2b9d14b9009c3f6c85d26ac718ef884459e419c7,4446-2273-0014,4446,test-clean,2.39,20260905,positive,1,noise_20,noise,"{""family"": ""noise"", ""id"": ""noise_20"", ""snr_db"": 20}",0.5,0.5,0.8174163103103638,0.810871422290802,1,1011000011101010,1011000011101010,0,1.0,0.0,1,25.002536720053918,0.9975548626012267,0.9902834998002406,NA,18.808189074989045,aligned_to_original,2.39,38240,0.35697412490844727,0.0,0.0,666.1593810422346,0.9102938929572701,41.108620003797114,ok,,"{""clipping_fraction"": 0.0, ""duration_seconds"": 2.39, ""family"": ""noise"", ""id"": ""noise_20"", ""input_samples"": 38240, ""noise_snr_db"": 20.00000000159752, ""noise_snr_db_pre_clipping"": 20.0, ""output_peak"": 0.35697412490844727, ""output_samples"": 38240, ""pre_limiter_peak"": 0.35697412737498546, ""sample_aligned"": true, ""sample_rate"": 16000, ""seed"": 6317042518572243328, ""snr_db"": 20}",d4bdcd91d17010ee5e85de98a0199cceea5ec09d35ab982c61c8b259737afbd5
20260905T233538.930635Z,b4f3de4a4f74b8742b201c9e0941cfe5166082fc,0ea442119cfa4d9f99e7b3b3ca6f55ddcdc1e56bc504ecce6b0481de96d1a73b,85a65f1f57cd5918e3529a1210a45ad78cb20cab8a6db637589aecc38e333336,15cd64de2c8ddb012c7001ab2b9d14b9009c3f6c85d26ac718ef884459e419c7,4446-2273-0014,4446,test-clean,2.39,20260905,negative,0,noise_20,noise,"{""family"": ""noise"", ""id"": ""noise_20"", ""snr_db"": 20}",0.5,0.5,0.0,0.00012814850197173655,0,1011000011101010,1111111110100100,NA,NA,NA,NA,NA,NA,0.993030873051283,NA,19.9999999856211,aligned_to_original,2.39,38240,0.3561359643936157,0.0,0.0,NA,0.8903350681066513,40.94663099385798,ok,,"{""clipping_fraction"": 0.0, ""duration_seconds"": 2.39, ""family"": ""noise"", ""id"": ""noise_20"", ""input_samples"": 38240, ""noise_snr_db"": 19.9999999856211, ""noise_snr_db_pre_clipping"": 20.0, ""output_peak"": 0.3561359643936157, ""output_samples"": 38240, ""pre_limiter_peak"": 0.3561359547550016, ""sample_aligned"": true, ""sample_rate"": 16000, ""seed"": 6317042518572243328, ""snr_db"": 20}",b2d28cf088444379bea36f2dfa29dc11d3fb4d506086c169e99777009929b19d
20260905T233538.930635Z,b4f3de4a4f74b8742b201c9e0941cfe5166082fc,0ea442119cfa4d9f99e7b3b3ca6f55ddcdc1e56bc504ecce6b0481de96d1a73b,85a65f1f57cd5918e3529a1210a45ad78cb20cab8a6db637589aecc38e333336,15cd64de2c8ddb012c7001ab2b9d14b9009c3f6c85d26ac718ef884459e419c7,4446-2273-0014,4446,test-clean,2.39,20260905,positive,1,resample_12000,resample,"{""family"": ""resample"", ""id"": ""resample_12000"", ""intermediate_sr"": 12000}",0.5,0.5,1.0,0.9999901652336121,1,1011000011101010,1011000011101010,0,1.0,0.0,1,25.002536720053918,0.9975548626012267,0.9975532471422822,NA,15.699912637002672,aligned_to_original,2.39,38240,0.3561309576034546,0.0,0.0,666.1593810422346,1.4347119722515345,40.88482307270169,ok,,"{""clipping_fraction"": 0.0, ""duration_seconds"": 2.39, ""family"": ""resample"", ""id"": ""resample_12000"", ""input_samples"": 38240, ""intermediate_sr"": 12000, ""output_peak"": 0.3561309576034546, ""output_samples"": 38240, ""pre_limiter_peak"": 0.3561309576034546, ""resampler"": ""scipy.signal.resample_poly"", ""resampler_window"": [""kaiser"", 5.0], ""sample_aligned"": true, ""sample_rate"": 16000, ""seed"": 3725816585349656962}",c8fae02a04a4fc4b3d08e173ed63e4248ddef1ccb7973d33fa1635276d382fb1
20260905T233538.930635Z,b4f3de4a4f74b8742b201c9e0941cfe5166082fc,0ea442119cfa4d9f99e7b3b3ca6f55ddcdc1e56bc504ecce6b0481de96d1a73b,85a65f1f57cd5918e3529a1210a45ad78cb20cab8a6db637589aecc38e333336,15cd64de2c8ddb012c7001ab2b9d14b9009c3f6c85d26ac718ef884459e419c7,4446-2273-0014,4446,test-clean,2.39,20260905,negative,0,resample_12000,resample,"{""family"": ""resample"", ""id"": ""resample_12000"", ""intermediate_sr"": 12000}",0.5,0.5,0.0,0.0002644391206558794,0,1011000011101010,0111110110000101,NA,NA,NA,NA,NA,NA,0.9999997955217631,NA,16.242109309174353,aligned_to_original,2.39,38240,0.3552890419960022,0.0,0.0,NA,1.432068063877523,40.70352902635932,ok,,"{""clipping_fraction"": 0.0, ""duration_seconds"": 2.39, ""family"": ""resample"", ""id"": ""resample_12000"", ""input_samples"": 38240, ""intermediate_sr"": 12000, ""output_peak"": 0.3552890419960022, ""output_samples"": 38240, ""pre_limiter_peak"": 0.3552890419960022, ""resampler"": ""scipy.signal.resample_poly"", ""resampler_window"": [""kaiser"", 5.0], ""sample_aligned"": true, ""sample_rate"": 16000, ""seed"": 3725816585349656962}",6d910c96da248099e6929c1159f18c4084b86a8a40b022fecb2ac4ccffe48e20
20260905T233538.930635Z,b4f3de4a4f74b8742b201c9e0941cfe5166082fc,0ea442119cfa4d9f99e7b3b3ca6f55ddcdc1e56bc504ecce6b0481de96d1a73b,85a65f1f57cd5918e3529a1210a45ad78cb20cab8a6db637589aecc38e333336,15cd64de2c8ddb012c7001ab2b9d14b9009c3f6c85d26ac718ef884459e419c7,4446-2273-0014,4446,test-clean,2.39,20260905,positive,1,resample_8000,resample,"{""family"": ""resample"", ""id"": ""resample_8000"", ""intermediate_sr"": 8000}",0.5,0.5,1.0,0.9999908208847046,1,1011000011101010,1011000011101010,0,1.0,0.0,1,25.002536720053918,0.9975548626012267,0.994251160475127,NA,8.888744112344094,aligned_to_original,2.39,38240,0.33419105410575867,0.0,0.0,666.1593810422346,1.4326880918815732,40.89156701229513,ok,,"{""clipping_fraction"": 0.0, ""duration_seconds"": 2.39, ""family"": ""resample"", ""id"": ""resample_8000"", ""input_samples"": 38240, ""intermediate_sr"": 8000, ""output_peak"": 0.33419105410575867, ""output_samples"": 38240, ""pre_limiter_peak"": 0.33419105410575867, ""resampler"": ""scipy.signal.resample_poly"", ""resampler_window"": [""kaiser"", 5.0], ""sample_aligned"": true, ""sample_rate"": 16000, ""seed"": 11253200063988882462}",f5069da73490eb71592433aaa4893e9cd846cd6b6f2e9ae38f4302d4f06770b1
20260905T233538.930635Z,b4f3de4a4f74b8742b201c9e0941cfe5166082fc,0ea442119cfa4d9f99e7b3b3ca6f55ddcdc1e56bc504ecce6b0481de96d1a73b,85a65f1f57cd5918e3529a1210a45ad78cb20cab8a6db637589aecc38e333336,15cd64de2c8ddb012c7001ab2b9d14b9009c3f6c85d26ac718ef884459e419c7,4446-2273-0014,4446,test-clean,2.39,20260905,negative,0,resample_8000,resample,"{""family"": ""resample"", ""id"": ""resample_8000"", ""intermediate_sr"": 8000}",0.5,0.5,0.0,0.0002754623128566891,0,1011000011101010,0111110110000101,NA,NA,NA,NA,NA,NA,0.9966977060338039,NA,8.996334683418647,aligned_to_original,2.39,38240,0.33334827423095703,0.0,0.0,NA,1.4294020365923643,40.92235502321273,ok,,"{""clipping_fraction"": 0.0, ""duration_seconds"": 2.39, ""family"": ""resample"", ""id"": ""resample_8000"", ""input_samples"": 38240, ""intermediate_sr"": 8000, ""output_peak"": 0.33334827423095703, ""output_samples"": 38240, ""pre_limiter_peak"": 0.33334827423095703, ""resampler"": ""scipy.signal.resample_poly"", ""resampler_window"": [""kaiser"", 5.0], ""sample_aligned"": true, ""sample_rate"": 16000, ""seed"": 11253200063988882462}",116d6897f198034ea5d274c95556aeeb5860c66ad8e1cf115895b300bd3f92e1
20260905T233538.930635Z,b4f3de4a4f74b8742b201c9e0941cfe5166082fc,0ea442119cfa4d9f99e7b3b3ca6f55ddcdc1e56bc504ecce6b0481de96d1a73b,85a65f1f57cd5918e3529a1210a45ad78cb20cab8a6db637589aecc38e333336,15cd64de2c8ddb012c7001ab2b9d14b9009c3f6c85d26ac718ef884459e419c7,4446-2273-0014,4446,test-clean,2.39,20260905,positive,1,pitch_minus2,pitch,"{""family"": ""pitch"", ""id"": ""pitch_minus2"", ""semitones"": -2}",0.5,0.5,0.0,0.000419323070673272,0,1011000011101010,0110110110100100,10,0.375,0.625,0,25.002536720053918,0.9975548626012267,NA,NA,NA,NA: Pitch shifting changes sample phase and content,2.39,38240,0.19219568371772766,0.0,0.0,666.1593810422346,9.325320017524064,41.09520302154124,ok,,"{""alignment_reason"": ""Pitch shifting changes sample phase and content"", ""clipping_fraction"": 0.0, ""duration_seconds"": 2.39, ""family"": ""pitch"", ""hop_length"": 512, ""id"": ""pitch_minus2"", ""implementation"": ""librosa"", ""input_samples"": 38240, ""n_fft"": 2048, ""output_peak"": 0.19219568371772766, ""output_samples"": 38240, ""pre_limiter_peak"": 0.19219568371772766, ""res_type"": ""soxr_hq"", ""sample_aligned"": false, ""sample_rate"": 16000, ""seed"": 15034879562038438286, ""semitones"": -2}",5a1f7936d39c2efa5767dec3544545de9046270b382a7d2fc46c010df6b45064
20260905T233538.930635Z,b4f3de4a4f74b8742b201c9e0941cfe5166082fc,0ea442119cfa4d9f99e7b3b3ca6f55ddcdc1e56bc504ecce6b0481de96d1a73b,85a65f1f57cd5918e3529a1210a45ad78cb20cab8a6db637589aecc38e333336,15cd64de2c8ddb012c7001ab2b9d14b9009c3f6c85d26ac718ef884459e419c7,4446-2273-0014,4446,test-clean,2.39,20260905,negative,0,pitch_minus2,pitch,"{""family"": ""pitch"", ""id"": ""pitch_minus2"", ""semitones"": -2}",0.5,0.5,0.0,0.00023480913660023361,0,1011000011101010,0110110110100100,NA,NA,NA,NA,NA,NA,NA,NA,NA,NA: Pitch shifting changes sample phase and content,2.39,38240,0.20120689272880554,0.0,0.0,NA,9.528776980005205,41.013087960891426,ok,,"{""alignment_reason"": ""Pitch shifting changes sample phase and content"", ""clipping_fraction"": 0.0, ""duration_seconds"": 2.39, ""family"": ""pitch"", ""hop_length"": 512, ""id"": ""pitch_minus2"", ""implementation"": ""librosa"", ""input_samples"": 38240, ""n_fft"": 2048, ""output_peak"": 0.20120689272880554, ""output_samples"": 38240, ""pre_limiter_peak"": 0.20120689272880554, ""res_type"": ""soxr_hq"", ""sample_aligned"": false, ""sample_rate"": 16000, ""seed"": 15034879562038438286, ""semitones"": -2}",37346abc1934f91606ec11a25f0b4ec1e960dc9d6241d7c9ba40fcbd6614fb1a
20260905T233538.930635Z,b4f3de4a4f74b8742b201c9e0941cfe5166082fc,0ea442119cfa4d9f99e7b3b3ca6f55ddcdc1e56bc504ecce6b0481de96d1a73b,85a65f1f57cd5918e3529a1210a45ad78cb20cab8a6db637589aecc38e333336,15cd64de2c8ddb012c7001ab2b9d14b9009c3f6c85d26ac718ef884459e419c7,4446-2273-0014,4446,test-clean,2.39,20260905,positive,1,pitch_plus2,pitch,"{""family"": ""pitch"", ""id"": ""pitch_plus2"", ""semitones"": 2}",0.5,0.5,0.0,0.0007937554037198424,0,1011000011101010,0110111100100100,12,0.25,0.75,0,25.002536720053918,0.9975548626012267,NA,NA,NA,NA: Pitch shifting changes sample phase and content,2.39,38240,0.1690642088651657,0.0,0.0,666.1593810422346,10.971173993311822,47.88965394254774,ok,,"{""alignment_reason"": ""Pitch shifting changes sample phase and content"", ""clipping_fraction"": 0.0, ""duration_seconds"": 2.39, ""family"": ""pitch"", ""hop_length"": 512, ""id"": ""pitch_plus2"", ""implementation"": ""librosa"", ""input_samples"": 38240, ""n_fft"": 2048, ""output_peak"": 0.1690642088651657, ""output_samples"": 38240, ""pre_limiter_peak"": 0.1690642088651657, ""res_type"": ""soxr_hq"", ""sample_aligned"": false, ""sample_rate"": 16000, ""seed"": 11754632900385789891, ""semitones"": 2}",ae0eb6bc5850429fe9613a1244eb59497713082f20fc2611ba43b4d20b75a6d5
20260905T233538.930635Z,b4f3de4a4f74b8742b201c9e0941cfe5166082fc,0ea442119cfa4d9f99e7b3b3ca6f55ddcdc1e56bc504ecce6b0481de96d1a73b,85a65f1f57cd5918e3529a1210a45ad78cb20cab8a6db637589aecc38e333336,15cd64de2c8ddb012c7001ab2b9d14b9009c3f6c85d26ac718ef884459e419c7,4446-2273-0014,4446,test-clean,2.39,20260905,negative,0,pitch_plus2,pitch,"{""family"": ""pitch"", ""id"": ""pitch_plus2"", ""semitones"": 2}",0.5,0.5,0.0,0.0068390099331736565,0,1011000011101010,0110111010100100,NA,NA,NA,NA,NA,NA,NA,NA,NA,NA: Pitch shifting changes sample phase and content,2.39,38240,0.1612045168876648,0.0,0.0,NA,14.643418020568788,45.202936977148056,ok,,"{""alignment_reason"": ""Pitch shifting changes sample phase and content"", ""clipping_fraction"": 0.0, ""duration_seconds"": 2.39, ""family"": ""pitch"", ""hop_length"": 512, ""id"": ""pitch_plus2"", ""implementation"": ""librosa"", ""input_samples"": 38240, ""n_fft"": 2048, ""output_peak"": 0.1612045168876648, ""output_samples"": 38240, ""pre_limiter_peak"": 0.1612045168876648, ""res_type"": ""soxr_hq"", ""sample_aligned"": false, ""sample_rate"": 16000, ""seed"": 11754632900385789891, ""semitones"": 2}",dd5847f4a28071daf7bd207e1866ef3d788f0e05a17613c74ba6b448ddfeb94c
20260905T233538.930635Z,b4f3de4a4f74b8742b201c9e0941cfe5166082fc,0ea442119cfa4d9f99e7b3b3ca6f55ddcdc1e56bc504ecce6b0481de96d1a73b,85a65f1f57cd5918e3529a1210a45ad78cb20cab8a6db637589aecc38e333336,15cd64de2c8ddb012c7001ab2b9d14b9009c3f6c85d26ac718ef884459e419c7,4446-2273-0014,4446,test-clean,2.39,20260905,positive,1,stretch_09,stretch,"{""family"": ""stretch"", ""id"": ""stretch_09"", ""rate"": 0.9}",0.5,0.5,0.22436395287513733,0.30937817692756653,0,1011000011101010,1011000011101010,0,1.0,0.0,1,25.002536720053918,0.9975548626012267,NA,NA,NA,NA: Time stretching changes the temporal coordinate,2.6555625,42489,0.15633638203144073,0.0,0.0,666.1593810422346,10.17003902234137,50.26713106781244,ok,,"{""alignment_reason"": ""Time stretching changes the temporal coordinate"", ""clipping_fraction"": 0.0, ""duration_seconds"": 2.6555625, ""family"": ""stretch"", ""hop_length"": 512, ""id"": ""stretch_09"", ""implementation"": ""librosa"", ""input_samples"": 38240, ""n_fft"": 2048, ""output_peak"": 0.15633638203144073, ""output_samples"": 42489, ""pre_limiter_peak"": 0.15633638203144073, ""rate"": 0.9, ""sample_aligned"": false, ""sample_rate"": 16000, ""seed"": 6568447158772786280}",b23e3bd2aedbe37aa66b8f26e347da7c8ac0cd89ab04b1ef5d463e120bffcd5f
20260905T233538.930635Z,b4f3de4a4f74b8742b201c9e0941cfe5166082fc,0ea442119cfa4d9f99e7b3b3ca6f55ddcdc1e56bc504ecce6b0481de96d1a73b,85a65f1f57cd5918e3529a1210a45ad78cb20cab8a6db637589aecc38e333336,15cd64de2c8ddb012c7001ab2b9d14b9009c3f6c85d26ac718ef884459e419c7,4446-2273-0014,4446,test-clean,2.39,20260905,negative,0,stretch_09,stretch,"{""family"": ""stretch"", ""id"": ""stretch_09"", ""rate"": 0.9}",0.5,0.5,0.0,0.0010018076281994581,0,1011000011101010,0100111100100100,NA,NA,NA,NA,NA,NA,NA,NA,NA,NA: Time stretching changes the temporal coordinate,2.6555625,42489,0.15896885097026825,0.0,0.0,NA,10.10809000581503,45.36729003302753,ok,,"{""alignment_reason"": ""Time stretching changes the temporal coordinate"", ""clipping_fraction"": 0.0, ""duration_seconds"": 2.6555625, ""family"": ""stretch"", ""hop_length"": 512, ""id"": ""stretch_09"", ""implementation"": ""librosa"", ""input_samples"": 38240, ""n_fft"": 2048, ""output_peak"": 0.15896885097026825, ""output_samples"": 42489, ""pre_limiter_peak"": 0.15896885097026825, ""rate"": 0.9, ""sample_aligned"": false, ""sample_rate"": 16000, ""seed"": 6568447158772786280}",53f687fa0b2ba7f7e3be94209888ee628e591292c69de7c758533665ccc30b7d
20260905T233538.930635Z,b4f3de4a4f74b8742b201c9e0941cfe5166082fc,0ea442119cfa4d9f99e7b3b3ca6f55ddcdc1e56bc504ecce6b0481de96d1a73b,85a65f1f57cd5918e3529a1210a45ad78cb20cab8a6db637589aecc38e333336,15cd64de2c8ddb012c7001ab2b9d14b9009c3f6c85d26ac718ef884459e419c7,4446-2273-0014,4446,test-clean,2.39,20260905,positive,1,stretch_11,stretch,"{""family"": ""stretch"", ""id"": ""stretch_11"", ""rate"": 1.1}",0.5,0.5,0.41635024547576904,0.44550618529319763,0,1011000011101010,1011000011101010,0,1.0,0.0,1,25.002536720053918,0.9975548626012267,NA,NA,NA,NA: Time stretching changes the temporal coordinate,2.17275,34764,0.24303992092609406,0.0,0.0,666.1593810422346,8.75896099023521,45.1114330207929,ok,,"{""alignment_reason"": ""Time stretching changes the temporal coordinate"", ""clipping_fraction"": 0.0, ""duration_seconds"": 2.17275, ""family"": ""stretch"", ""hop_length"": 512, ""id"": ""stretch_11"", ""implementation"": ""librosa"", ""input_samples"": 38240, ""n_fft"": 2048, ""output_peak"": 0.24303992092609406, ""output_samples"": 34764, ""pre_limiter_peak"": 0.24303992092609406, ""rate"": 1.1, ""sample_aligned"": false, ""sample_rate"": 16000, ""seed"": 2133650666022516105}",cd11bb0085d070ed37c767d20d33029f8d1fb31d47e3f2b148a7b71356317581
20260905T233538.930635Z,b4f3de4a4f74b8742b201c9e0941cfe5166082fc,0ea442119cfa4d9f99e7b3b3ca6f55ddcdc1e56bc504ecce6b0481de96d1a73b,85a65f1f57cd5918e3529a1210a45ad78cb20cab8a6db637589aecc38e333336,15cd64de2c8ddb012c7001ab2b9d14b9009c3f6c85d26ac718ef884459e419c7,4446-2273-0014,4446,test-clean,2.39,20260905,negative,0,stretch_11,stretch,"{""family"": ""stretch"", ""id"": ""stretch_11"", ""rate"": 1.1}",0.5,0.5,0.0,9.524571214569733e-05,0,1011000011101010,0110111010100100,NA,NA,NA,NA,NA,NA,NA,NA,NA,NA: Time stretching changes the temporal coordinate,2.17275,34764,0.2450966238975525,0.0,0.0,NA,8.751556975767016,37.81777305994183,ok,,"{""alignment_reason"": ""Time stretching changes the temporal coordinate"", ""clipping_fraction"": 0.0, ""duration_seconds"": 2.17275, ""family"": ""stretch"", ""hop_length"": 512, ""id"": ""stretch_11"", ""implementation"": ""librosa"", ""input_samples"": 38240, ""n_fft"": 2048, ""output_peak"": 0.2450966238975525, ""output_samples"": 34764, ""pre_limiter_peak"": 0.2450966238975525, ""rate"": 1.1, ""sample_aligned"": false, ""sample_rate"": 16000, ""seed"": 2133650666022516105}",31ebb06462878f90c10aaa7c1999e37b3118a6cb931e6a6dde7a220b4382e50a
20260905T233538.930635Z,b4f3de4a4f74b8742b201c9e0941cfe5166082fc,0ea442119cfa4d9f99e7b3b3ca6f55ddcdc1e56bc504ecce6b0481de96d1a73b,85a65f1f57cd5918e3529a1210a45ad78cb20cab8a6db637589aecc38e333336,15cd64de2c8ddb012c7001ab2b9d14b9009c3f6c85d26ac718ef884459e419c7,4446-2273-0014,4446,test-clean,2.39,20260905,positive,1,crop_10,crop,"{""family"": ""crop"", ""fraction"": 0.1, ""id"": ""crop_10""}",0.5,0.5,0.2518596053123474,0.25863295793533325,0,1011000011101010,0101000001101100,6,0.625,0.375,0,25.002536720053918,0.9975548626012267,NA,NA,NA,NA: Contiguous crop changes length and may shift time origin,2.151,34416,0.3557904362678528,0.0,0.0,666.1593810422346,0.2553060185164213,40.96142901107669,ok,,"{""alignment_reason"": ""Contiguous crop changes length and may shift time origin"", ""clipping_fraction"": 0.0, ""crop_end_sample"": 34509, ""crop_start_sample"": 93, ""duration_seconds"": 2.151, ""family"": ""crop"", ""fraction"": 0.1, ""id"": ""crop_10"", ""input_samples"": 38240, ""output_peak"": 0.3557904362678528, ""output_samples"": 34416, ""pre_limiter_peak"": 0.3557904362678528, ""removed_fraction_actual"": 0.09999999999999998, ""sample_aligned"": false, ""sample_rate"": 16000, ""seed"": 13783127925679851316}",be1d5fd3ca40565ff8d905472bc9034c076cea3756144eac720a15c9391ed483
20260905T233538.930635Z,b4f3de4a4f74b8742b201c9e0941cfe5166082fc,0ea442119cfa4d9f99e7b3b3ca6f55ddcdc1e56bc504ecce6b0481de96d1a73b,85a65f1f57cd5918e3529a1210a45ad78cb20cab8a6db637589aecc38e333336,15cd64de2c8ddb012c7001ab2b9d14b9009c3f6c85d26ac718ef884459e419c7,4446-2273-0014,4446,test-clean,2.39,20260905,negative,0,crop_10,crop,"{""family"": ""crop"", ""fraction"": 0.1, ""id"": ""crop_10""}",0.5,0.5,0.0,0.00018924220057670027,0,1011000011101010,0111111110100100,NA,NA,NA,NA,NA,NA,NA,NA,NA,NA: Contiguous crop changes length and may shift time origin,2.151,34416,0.354949951171875,0.0,0.0,NA,0.2530019264668226,36.4115450065583,ok,,"{""alignment_reason"": ""Contiguous crop changes length and may shift time origin"", ""clipping_fraction"": 0.0, ""crop_end_sample"": 34509, ""crop_start_sample"": 93, ""duration_seconds"": 2.151, ""family"": ""crop"", ""fraction"": 0.1, ""id"": ""crop_10"", ""input_samples"": 38240, ""output_peak"": 0.354949951171875, ""output_samples"": 34416, ""pre_limiter_peak"": 0.354949951171875, ""removed_fraction_actual"": 0.09999999999999998, ""sample_aligned"": false, ""sample_rate"": 16000, ""seed"": 13783127925679851316}",e821701927308879806b731fbe7d4e60ce5556e2c7fad1e2ccef74fa97a0db43
20260905T233538.930635Z,b4f3de4a4f74b8742b201c9e0941cfe5166082fc,0ea442119cfa4d9f99e7b3b3ca6f55ddcdc1e56bc504ecce6b0481de96d1a73b,85a65f1f57cd5918e3529a1210a45ad78cb20cab8a6db637589aecc38e333336,15cd64de2c8ddb012c7001ab2b9d14b9009c3f6c85d26ac718ef884459e419c7,4446-2273-0014,4446,test-clean,2.39,20260905,positive,1,crop_25,crop,"{""family"": ""crop"", ""fraction"": 0.25, ""id"": ""crop_25""}",0.5,0.5,1.0,0.9870364665985107,1,1011000011101010,1111010011111010,3,0.8125,0.1875,0,25.002536720053918,0.9975548626012267,NA,NA,NA,NA: Contiguous crop changes length and may shift time origin,1.7925,28680,0.3557904362678528,0.0,0.0,666.1593810422346,0.23548793978989124,37.89682302158326,ok,,"{""alignment_reason"": ""Contiguous crop changes length and may shift time origin"", ""clipping_fraction"": 0.0, ""crop_end_sample"": 32412, ""crop_start_sample"": 3732, ""duration_seconds"": 1.7925, ""family"": ""crop"", ""fraction"": 0.25, ""id"": ""crop_25"", ""input_samples"": 38240, ""output_peak"": 0.3557904362678528, ""output_samples"": 28680, ""pre_limiter_peak"": 0.3557904362678528, ""removed_fraction_actual"": 0.25, ""sample_aligned"": false, ""sample_rate"": 16000, ""seed"": 9116302355826396732}",83cb3f5983f565889f8caca274a82a06595572622b7dbc7cf734f739ac489d3e
20260905T233538.930635Z,b4f3de4a4f74b8742b201c9e0941cfe5166082fc,0ea442119cfa4d9f99e7b3b3ca6f55ddcdc1e56bc504ecce6b0481de96d1a73b,85a65f1f57cd5918e3529a1210a45ad78cb20cab8a6db637589aecc38e333336,15cd64de2c8ddb012c7001ab2b9d14b9009c3f6c85d26ac718ef884459e419c7,4446-2273-0014,4446,test-clean,2.39,20260905,negative,0,crop_25,crop,"{""family"": ""crop"", ""fraction"": 0.25, ""id"": ""crop_25""}",0.5,0.5,0.0,0.00015347950102295727,0,1011000011101010,1110110110100100,NA,NA,NA,NA,NA,NA,NA,NA,NA,NA: Contiguous crop changes length and may shift time origin,1.7925,28680,0.354949951171875,0.0,0.0,NA,0.23818400222808123,30.438799993135035,ok,,"{""alignment_reason"": ""Contiguous crop changes length and may shift time origin"", ""clipping_fraction"": 0.0, ""crop_end_sample"": 32412, ""crop_start_sample"": 3732, ""duration_seconds"": 1.7925, ""family"": ""crop"", ""fraction"": 0.25, ""id"": ""crop_25"", ""input_samples"": 38240, ""output_peak"": 0.354949951171875, ""output_samples"": 28680, ""pre_limiter_peak"": 0.354949951171875, ""removed_fraction_actual"": 0.25, ""sample_aligned"": false, ""sample_rate"": 16000, ""seed"": 9116302355826396732}",74bdfc706374e39e63572ef2094ebbb17e8afa76b6a6d74d22e2c92ba7e88f8a
20260905T233538.930635Z,b4f3de4a4f74b8742b201c9e0941cfe5166082fc,0ea442119cfa4d9f99e7b3b3ca6f55ddcdc1e56bc504ecce6b0481de96d1a73b,85a65f1f57cd5918e3529a1210a45ad78cb20cab8a6db637589aecc38e333336,15cd64de2c8ddb012c7001ab2b9d14b9009c3f6c85d26ac718ef884459e419c7,8455-210777-0020,8455,test-clean,3.155,20260905,positive,1,clean,clean,"{""family"": ""clean"", ""id"": ""clean""}",0.5,0.5,1.0,0.9999856352806091,1,1010100100000110,1010100100000110,0,1.0,0.0,1,30.19837698494763,0.9995969489622374,0.9995969489622374,NA,30.19837698494763,aligned_to_original,3.155,50480,0.8217400908470154,0.0,0.0,232.56652406416833,0.2698339521884918,51.56201799400151,ok,,"{""clipping_fraction"": 0.0, ""duration_seconds"": 3.155, ""family"": ""clean"", ""id"": ""clean"", ""input_samples"": 50480, ""output_peak"": 0.8217400908470154, ""output_samples"": 50480, ""pre_limiter_peak"": 0.8217400908470154, ""sample_aligned"": true, ""sample_rate"": 16000, ""seed"": 7965217987951493752}",f4cda86c1d93b706fd98d49bd55075642005c374785b4cffe88e17ca10ccb0c9
20260905T233538.930635Z,b4f3de4a4f74b8742b201c9e0941cfe5166082fc,0ea442119cfa4d9f99e7b3b3ca6f55ddcdc1e56bc504ecce6b0481de96d1a73b,85a65f1f57cd5918e3529a1210a45ad78cb20cab8a6db637589aecc38e333336,15cd64de2c8ddb012c7001ab2b9d14b9009c3f6c85d26ac718ef884459e419c7,8455-210777-0020,8455,test-clean,3.155,20260905,negative,0,clean,clean,"{""family"": ""clean"", ""id"": ""clean""}",0.5,0.5,0.0,0.0003499618323985487,0,1010100100000110,0110110110100100,NA,NA,NA,NA,NA,NA,0.9999999999999999,NA,inf,aligned_to_original,3.155,50480,0.8140869140625,0.0,0.0,NA,0.23808295372873545,51.46268894895911,ok,,"{""clipping_fraction"": 0.0, ""duration_seconds"": 3.155, ""family"": ""clean"", ""id"": ""clean"", ""input_samples"": 50480, ""output_peak"": 0.8140869140625, ""output_samples"": 50480, ""pre_limiter_peak"": 0.8140869140625, ""sample_aligned"": true, ""sample_rate"": 16000, ""seed"": 7965217987951493752}",02496dfbcc9b55e71bb17af7b419b5198e50a5978e1bd86b482f301da04505df
20260905T233538.930635Z,b4f3de4a4f74b8742b201c9e0941cfe5166082fc,0ea442119cfa4d9f99e7b3b3ca6f55ddcdc1e56bc504ecce6b0481de96d1a73b,85a65f1f57cd5918e3529a1210a45ad78cb20cab8a6db637589aecc38e333336,15cd64de2c8ddb012c7001ab2b9d14b9009c3f6c85d26ac718ef884459e419c7,8455-210777-0020,8455,test-clean,3.155,20260905,positive,1,mp3_128,mp3,"{""bitrate_kbps"": 128, ""family"": ""mp3"", ""id"": ""mp3_128""}",0.5,0.5,1.0,0.9999852776527405,1,1010100100000110,1010100100000110,0,1.0,0.0,1,30.19837698494763,0.9995969489622374,NA,NA,NA,NA: MP3 codec delay/alignment not independently verified,3.155,50480,0.7794554233551025,0.0,0.0,232.56652406416833,17.346516018733382,53.38084104005247,ok,,"{""alignment_reason"": ""MP3 codec delay/alignment not independently verified"", ""bitrate_kbps"": 128, ""clipping_fraction"": 0.0, ""codec"": ""libmp3lame"", ""duration_seconds"": 3.155, ""family"": ""mp3"", ""id"": ""mp3_128"", ""input_samples"": 50480, ""output_peak"": 0.7794554233551025, ""output_samples"": 50480, ""pre_limiter_peak"": 0.7794554233551025, ""sample_aligned"": false, ""sample_rate"": 16000, ""seed"": 13230835969763886366}",69fdc92e4b703694645f6cf76fe519759764597ffbcef887b61aad496686ad6c
20260905T233538.930635Z,b4f3de4a4f74b8742b201c9e0941cfe5166082fc,0ea442119cfa4d9f99e7b3b3ca6f55ddcdc1e56bc504ecce6b0481de96d1a73b,85a65f1f57cd5918e3529a1210a45ad78cb20cab8a6db637589aecc38e333336,15cd64de2c8ddb012c7001ab2b9d14b9009c3f6c85d26ac718ef884459e419c7,8455-210777-0020,8455,test-clean,3.155,20260905,negative,0,mp3_128,mp3,"{""bitrate_kbps"": 128, ""family"": ""mp3"", ""id"": ""mp3_128""}",0.5,0.5,0.0,0.000351295544533059,0,1010100100000110,0110110110100100,NA,NA,NA,NA,NA,NA,NA,NA,NA,NA: MP3 codec delay/alignment not independently verified,3.155,50480,0.7737992405891418,0.0,0.0,NA,16.80199895054102,53.99986088741571,ok,,"{""alignment_reason"": ""MP3 codec delay/alignment not independently verified"", ""bitrate_kbps"": 128, ""clipping_fraction"": 0.0, ""codec"": ""libmp3lame"", ""duration_seconds"": 3.155, ""family"": ""mp3"", ""id"": ""mp3_128"", ""input_samples"": 50480, ""output_peak"": 0.7737992405891418, ""output_samples"": 50480, ""pre_limiter_peak"": 0.7737992405891418, ""sample_aligned"": false, ""sample_rate"": 16000, ""seed"": 13230835969763886366}",b33e6af7673f397580af38fba0661df05967ab6a5d9c96e1d70c01c33422d7f0
20260905T233538.930635Z,b4f3de4a4f74b8742b201c9e0941cfe5166082fc,0ea442119cfa4d9f99e7b3b3ca6f55ddcdc1e56bc504ecce6b0481de96d1a73b,85a65f1f57cd5918e3529a1210a45ad78cb20cab8a6db637589aecc38e333336,15cd64de2c8ddb012c7001ab2b9d14b9009c3f6c85d26ac718ef884459e419c7,8455-210777-0020,8455,test-clean,3.155,20260905,positive,1,mp3_64,mp3,"{""bitrate_kbps"": 64, ""family"": ""mp3"", ""id"": ""mp3_64""}",0.5,0.5,1.0,0.9999833703041077,1,1010100100000110,1010100100000110,0,1.0,0.0,1,30.19837698494763,0.9995969489622374,NA,NA,NA,NA: MP3 codec delay/alignment not independently verified,3.155,50480,0.7783591747283936,0.0,0.0,232.56652406416833,17.705248901620507,53.864130983129144,ok,,"{""alignment_reason"": ""MP3 codec delay/alignment not independently verified"", ""bitrate_kbps"": 64, ""clipping_fraction"": 0.0, ""codec"": ""libmp3lame"", ""duration_seconds"": 3.155, ""family"": ""mp3"", ""id"": ""mp3_64"", ""input_samples"": 50480, ""output_peak"": 0.7783591747283936, ""output_samples"": 50480, ""pre_limiter_peak"": 0.7783591747283936, ""sample_aligned"": false, ""sample_rate"": 16000, ""seed"": 4552172538724989867}",37e44a1f06d823e0054876602b86e6c703b41a4542af82500c534257f7fd98a9
20260905T233538.930635Z,b4f3de4a4f74b8742b201c9e0941cfe5166082fc,0ea442119cfa4d9f99e7b3b3ca6f55ddcdc1e56bc504ecce6b0481de96d1a73b,85a65f1f57cd5918e3529a1210a45ad78cb20cab8a6db637589aecc38e333336,15cd64de2c8ddb012c7001ab2b9d14b9009c3f6c85d26ac718ef884459e419c7,8455-210777-0020,8455,test-clean,3.155,20260905,negative,0,mp3_64,mp3,"{""bitrate_kbps"": 64, ""family"": ""mp3"", ""id"": ""mp3_64""}",0.5,0.5,0.0,0.00037058303132653236,0,1010100100000110,0110110110100100,NA,NA,NA,NA,NA,NA,NA,NA,NA,NA: MP3 codec delay/alignment not independently verified,3.155,50480,0.7734047174453735,0.0,0.0,NA,18.53448897600174,52.3204019991681,ok,,"{""alignment_reason"": ""MP3 codec delay/alignment not independently verified"", ""bitrate_kbps"": 64, ""clipping_fraction"": 0.0, ""codec"": ""libmp3lame"", ""duration_seconds"": 3.155, ""family"": ""mp3"", ""id"": ""mp3_64"", ""input_samples"": 50480, ""output_peak"": 0.7734047174453735, ""output_samples"": 50480, ""pre_limiter_peak"": 0.7734047174453735, ""sample_aligned"": false, ""sample_rate"": 16000, ""seed"": 4552172538724989867}",9fe89e5cdc03ed2ae8f783155fa144cf1426fd3b822ff0e932ceb9f9c7e21159
20260905T233538.930635Z,b4f3de4a4f74b8742b201c9e0941cfe5166082fc,0ea442119cfa4d9f99e7b3b3ca6f55ddcdc1e56bc504ecce6b0481de96d1a73b,85a65f1f57cd5918e3529a1210a45ad78cb20cab8a6db637589aecc38e333336,15cd64de2c8ddb012c7001ab2b9d14b9009c3f6c85d26ac718ef884459e419c7,8455-210777-0020,8455,test-clean,3.155,20260905,positive,1,noise_30,noise,"{""family"": ""noise"", ""id"": ""noise_30"", ""snr_db"": 30}",0.5,0.5,0.500792384147644,0.5255842208862305,1,1010100100000110,1010100100000110,0,1.0,0.0,1,30.19837698494763,0.9995969489622374,0.9989611585781997,NA,27.089962787363916,aligned_to_original,3.155,50480,0.8204813599586487,0.0,0.0,232.56652406416833,1.2727640569210052,50.89268309529871,ok,,"{""clipping_fraction"": 0.0, ""duration_seconds"": 3.155, ""family"": ""noise"", ""id"": ""noise_30"", ""input_samples"": 50480, ""noise_snr_db"": 29.999999973677795, ""noise_snr_db_pre_clipping"": 30.0, ""output_peak"": 0.8204813599586487, ""output_samples"": 50480, ""pre_limiter_peak"": 0.820481351748296, ""sample_aligned"": true, ""sample_rate"": 16000, ""seed"": 13095600719346438352, ""snr_db"": 30}",1b1deb99aff5665b966ff692e50322b9cec9457c41577ea5f1a5c8dfe3bddd70
20260905T233538.930635Z,b4f3de4a4f74b8742b201c9e0941cfe5166082fc,0ea442119cfa4d9f99e7b3b3ca6f55ddcdc1e56bc504ecce6b0481de96d1a73b,85a65f1f57cd5918e3529a1210a45ad78cb20cab8a6db637589aecc38e333336,15cd64de2c8ddb012c7001ab2b9d14b9009c3f6c85d26ac718ef884459e419c7,8455-210777-0020,8455,test-clean,3.155,20260905,negative,0,noise_30,noise,"{""family"": ""noise"", ""id"": ""noise_30"", ""snr_db"": 30}",0.5,0.5,0.0,0.003125433810055256,0,1010100100000110,0110111110100100,NA,NA,NA,NA,NA,NA,0.9993716414194376,NA,29.99999996441022,aligned_to_original,3.155,50480,0.8128276467323303,0.0,0.0,NA,1.1381279909983277,51.585693028755486,ok,,"{""clipping_fraction"": 0.0, ""duration_seconds"": 3.155, ""family"": ""noise"", ""id"": ""noise_30"", ""input_samples"": 50480, ""noise_snr_db"": 29.99999996441022, ""noise_snr_db_pre_clipping"": 30.0, ""output_peak"": 0.8128276467323303, ""output_samples"": 50480, ""pre_limiter_peak"": 0.8128276518107503, ""sample_aligned"": true, ""sample_rate"": 16000, ""seed"": 13095600719346438352, ""snr_db"": 30}",ba355b51e9c2de6294ee57386f4792e584257a36a2c668c4d5b52285fb8e87ef
20260905T233538.930635Z,b4f3de4a4f74b8742b201c9e0941cfe5166082fc,0ea442119cfa4d9f99e7b3b3ca6f55ddcdc1e56bc504ecce6b0481de96d1a73b,85a65f1f57cd5918e3529a1210a45ad78cb20cab8a6db637589aecc38e333336,15cd64de2c8ddb012c7001ab2b9d14b9009c3f6c85d26ac718ef884459e419c7,8455-210777-0020,8455,test-clean,3.155,20260905,positive,1,noise_20,noise,"{""family"": ""noise"", ""id"": ""noise_20"", ""snr_db"": 20}",0.5,0.5,0.32933834195137024,0.3259470462799072,0,1010100100000110,1110100100001110,2,0.875,0.125,0,30.19837698494763,0.9995969489622374,0.9928339104963353,NA,19.604166075951625,aligned_to_original,3.155,50480,0.8209472298622131,0.0,0.0,232.56652406416833,1.1257230071350932,52.27088800165802,ok,,"{""clipping_fraction"": 0.0, ""duration_seconds"": 3.155, ""family"": ""noise"", ""id"": ""noise_20"", ""input_samples"": 50480, ""noise_snr_db"": 20.000000025590573, ""noise_snr_db_pre_clipping"": 20.0, ""output_peak"": 0.8209472298622131, ""output_samples"": 50480, ""pre_limiter_peak"": 0.8209472584388102, ""sample_aligned"": true, ""sample_rate"": 16000, ""seed"": 3458696823922159674, ""snr_db"": 20}",e305bc1b2009636d0db60f479ab93c84af04e2609051365ff1659729d6be81d6
20260905T233538.930635Z,b4f3de4a4f74b8742b201c9e0941cfe5166082fc,0ea442119cfa4d9f99e7b3b3ca6f55ddcdc1e56bc504ecce6b0481de96d1a73b,85a65f1f57cd5918e3529a1210a45ad78cb20cab8a6db637589aecc38e333336,15cd64de2c8ddb012c7001ab2b9d14b9009c3f6c85d26ac718ef884459e419c7,8455-210777-0020,8455,test-clean,3.155,20260905,negative,0,noise_20,noise,"{""family"": ""noise"", ""id"": ""noise_20"", ""snr_db"": 20}",0.5,0.5,0.0,0.0013184532290324569,0,1010100100000110,0110110110100100,NA,NA,NA,NA,NA,NA,0.9932389725477293,NA,20.000000003317638,aligned_to_original,3.155,50480,0.8132937550544739,0.0,0.0,NA,1.1230090167373419,51.792938029393554,ok,,"{""clipping_fraction"": 0.0, ""duration_seconds"": 3.155, ""family"": ""noise"", ""id"": ""noise_20"", ""input_samples"": 50480, ""noise_snr_db"": 20.000000003317638, ""noise_snr_db_pre_clipping"": 20.0, ""output_peak"": 0.8132937550544739, ""output_samples"": 50480, ""pre_limiter_peak"": 0.8132937521398805, ""sample_aligned"": true, ""sample_rate"": 16000, ""seed"": 3458696823922159674, ""snr_db"": 20}",7f0f1f41dade48f5ecc84ec83691944dc8beb0556746d72b197d41c1d25511c7
20260905T233538.930635Z,b4f3de4a4f74b8742b201c9e0941cfe5166082fc,0ea442119cfa4d9f99e7b3b3ca6f55ddcdc1e56bc504ecce6b0481de96d1a73b,85a65f1f57cd5918e3529a1210a45ad78cb20cab8a6db637589aecc38e333336,15cd64de2c8ddb012c7001ab2b9d14b9009c3f6c85d26ac718ef884459e419c7,8455-210777-0020,8455,test-clean,3.155,20260905,positive,1,resample_12000,resample,"{""family"": ""resample"", ""id"": ""resample_12000"", ""intermediate_sr"": 12000}",0.5,0.5,1.0,0.9999855160713196,1,1010100100000110,1010100100000110,0,1.0,0.0,1,30.19837698494763,0.9995969489622374,0.9995966752056662,NA,23.212324965175707,aligned_to_original,3.155,50480,0.8261754512786865,0.0,0.0,232.56652406416833,1.7990459455177188,51.408976898528636,ok,,"{""clipping_fraction"": 0.0, ""duration_seconds"": 3.155, ""family"": ""resample"", ""id"": ""resample_12000"", ""input_samples"": 50480, ""intermediate_sr"": 12000, ""output_peak"": 0.8261754512786865, ""output_samples"": 50480, ""pre_limiter_peak"": 0.8261754512786865, ""resampler"": ""scipy.signal.resample_poly"", ""resampler_window"": [""kaiser"", 5.0], ""sample_aligned"": true, ""sample_rate"": 16000, ""seed"": 11640087536601537718}",717fbf9b774ea44d2ec0a2add7493dda12ad5e01e0b8465a50914055b31331d0
20260905T233538.930635Z,b4f3de4a4f74b8742b201c9e0941cfe5166082fc,0ea442119cfa4d9f99e7b3b3ca6f55ddcdc1e56bc504ecce6b0481de96d1a73b,85a65f1f57cd5918e3529a1210a45ad78cb20cab8a6db637589aecc38e333336,15cd64de2c8ddb012c7001ab2b9d14b9009c3f6c85d26ac718ef884459e419c7,8455-210777-0020,8455,test-clean,3.155,20260905,negative,0,resample_12000,resample,"{""family"": ""resample"", ""id"": ""resample_12000"", ""intermediate_sr"": 12000}",0.5,0.5,0.0,0.00034893499105237424,0,1010100100000110,0110110110100100,NA,NA,NA,NA,NA,NA,0.9999998714175701,NA,24.182016579402195,aligned_to_original,3.155,50480,0.8185211420059204,0.0,0.0,NA,1.7681170720607042,51.47975101135671,ok,,"{""clipping_fraction"": 0.0, ""duration_seconds"": 3.155, ""family"": ""resample"", ""id"": ""resample_12000"", ""input_samples"": 50480, ""intermediate_sr"": 12000, ""output_peak"": 0.8185211420059204, ""output_samples"": 50480, ""pre_limiter_peak"": 0.8185211420059204, ""resampler"": ""scipy.signal.resample_poly"", ""resampler_window"": [""kaiser"", 5.0], ""sample_aligned"": true, ""sample_rate"": 16000, ""seed"": 11640087536601537718}",5d7c7b1b6ff1d5a2d45a9dc4f314436d60ba436754f888f3fd96d03b5b37b176
20260905T233538.930635Z,b4f3de4a4f74b8742b201c9e0941cfe5166082fc,0ea442119cfa4d9f99e7b3b3ca6f55ddcdc1e56bc504ecce6b0481de96d1a73b,85a65f1f57cd5918e3529a1210a45ad78cb20cab8a6db637589aecc38e333336,15cd64de2c8ddb012c7001ab2b9d14b9009c3f6c85d26ac718ef884459e419c7,8455-210777-0020,8455,test-clean,3.155,20260905,positive,1,resample_8000,resample,"{""family"": ""resample"", ""id"": ""resample_8000"", ""intermediate_sr"": 8000}",0.5,0.5,1.0,0.9999856352806091,1,1010100100000110,1010100100000110,0,1.0,0.0,1,30.19837698494763,0.9995969489622374,0.9990207347708272,NA,19.805609628036155,aligned_to_original,3.155,50480,0.8193081021308899,0.0,0.0,232.56652406416833,1.7996979877352715,51.49093200452626,ok,,"{""clipping_fraction"": 0.0, ""duration_seconds"": 3.155, ""family"": ""resample"", ""id"": ""resample_8000"", ""input_samples"": 50480, ""intermediate_sr"": 8000, ""output_peak"": 0.8193081021308899, ""output_samples"": 50480, ""pre_limiter_peak"": 0.8193081021308899, ""resampler"": ""scipy.signal.resample_poly"", ""resampler_window"": [""kaiser"", 5.0], ""sample_aligned"": true, ""sample_rate"": 16000, ""seed"": 11081958457882744228}",451da5eed9b6272f1aecb5f1b7e22f761de426ad018228ac15329c881ce96821
20260905T233538.930635Z,b4f3de4a4f74b8742b201c9e0941cfe5166082fc,0ea442119cfa4d9f99e7b3b3ca6f55ddcdc1e56bc504ecce6b0481de96d1a73b,85a65f1f57cd5918e3529a1210a45ad78cb20cab8a6db637589aecc38e333336,15cd64de2c8ddb012c7001ab2b9d14b9009c3f6c85d26ac718ef884459e419c7,8455-210777-0020,8455,test-clean,3.155,20260905,negative,0,resample_8000,resample,"{""family"": ""resample"", ""id"": ""resample_8000"", ""intermediate_sr"": 8000}",0.5,0.5,0.0,0.0003625538374762982,0,1010100100000110,0110110110100100,NA,NA,NA,NA,NA,NA,0.9994235605103123,NA,20.221834274363026,aligned_to_original,3.155,50480,0.8116442561149597,0.0,0.0,NA,1.760943909175694,51.924407947808504,ok,,"{""clipping_fraction"": 0.0, ""duration_seconds"": 3.155, ""family"": ""resample"", ""id"": ""resample_8000"", ""input_samples"": 50480, ""intermediate_sr"": 8000, ""output_peak"": 0.8116442561149597, ""output_samples"": 50480, ""pre_limiter_peak"": 0.8116442561149597, ""resampler"": ""scipy.signal.resample_poly"", ""resampler_window"": [""kaiser"", 5.0], ""sample_aligned"": true, ""sample_rate"": 16000, ""seed"": 11081958457882744228}",11d29cea9f048ebabdcf706aa393b12481ae8a02f4e71a49dc64c35274dfaa77
20260905T233538.930635Z,b4f3de4a4f74b8742b201c9e0941cfe5166082fc,0ea442119cfa4d9f99e7b3b3ca6f55ddcdc1e56bc504ecce6b0481de96d1a73b,85a65f1f57cd5918e3529a1210a45ad78cb20cab8a6db637589aecc38e333336,15cd64de2c8ddb012c7001ab2b9d14b9009c3f6c85d26ac718ef884459e419c7,8455-210777-0020,8455,test-clean,3.155,20260905,positive,1,pitch_minus2,pitch,"{""family"": ""pitch"", ""id"": ""pitch_minus2"", ""semitones"": -2}",0.5,0.5,0.0,0.0006273768376559019,0,1010100100000110,0110111110100101,8,0.5,0.5,0,30.19837698494763,0.9995969489622374,NA,NA,NA,NA: Pitch shifting changes sample phase and content,3.155,50480,0.5500186681747437,0.0,0.0,232.56652406416833,11.836462072096765,51.460282993502915,ok,,"{""alignment_reason"": ""Pitch shifting changes sample phase and content"", ""clipping_fraction"": 0.0, ""duration_seconds"": 3.155, ""family"": ""pitch"", ""hop_length"": 512, ""id"": ""pitch_minus2"", ""implementation"": ""librosa"", ""input_samples"": 50480, ""n_fft"": 2048, ""output_peak"": 0.5500186681747437, ""output_samples"": 50480, ""pre_limiter_peak"": 0.5500186681747437, ""res_type"": ""soxr_hq"", ""sample_aligned"": false, ""sample_rate"": 16000, ""seed"": 15123968095165768141, ""semitones"": -2}",fe56cc3903b0b8c035f0392e5a7e668df8bd126cbfd576af1bbb251ddee4eecf
20260905T233538.930635Z,b4f3de4a4f74b8742b201c9e0941cfe5166082fc,0ea442119cfa4d9f99e7b3b3ca6f55ddcdc1e56bc504ecce6b0481de96d1a73b,85a65f1f57cd5918e3529a1210a45ad78cb20cab8a6db637589aecc38e333336,15cd64de2c8ddb012c7001ab2b9d14b9009c3f6c85d26ac718ef884459e419c7,8455-210777-0020,8455,test-clean,3.155,20260905,negative,0,pitch_minus2,pitch,"{""family"": ""pitch"", ""id"": ""pitch_minus2"", ""semitones"": -2}",0.5,0.5,0.0,0.005900266580283642,0,1010100100000110,1100110110101101,NA,NA,NA,NA,NA,NA,NA,NA,NA,NA: Pitch shifting changes sample phase and content,3.155,50480,0.5492045283317566,0.0,0.0,NA,12.096057063899934,52.180363913066685,ok,,"{""alignment_reason"": ""Pitch shifting changes sample phase and content"", ""clipping_fraction"": 0.0, ""duration_seconds"": 3.155, ""family"": ""pitch"", ""hop_length"": 512, ""id"": ""pitch_minus2"", ""implementation"": ""librosa"", ""input_samples"": 50480, ""n_fft"": 2048, ""output_peak"": 0.5492045283317566, ""output_samples"": 50480, ""pre_limiter_peak"": 0.5492045283317566, ""res_type"": ""soxr_hq"", ""sample_aligned"": false, ""sample_rate"": 16000, ""seed"": 15123968095165768141, ""semitones"": -2}",f86c76ac78767270b2967b534e737d1891866a733fcce63f9c4b966c51b27aae
20260905T233538.930635Z,b4f3de4a4f74b8742b201c9e0941cfe5166082fc,0ea442119cfa4d9f99e7b3b3ca6f55ddcdc1e56bc504ecce6b0481de96d1a73b,85a65f1f57cd5918e3529a1210a45ad78cb20cab8a6db637589aecc38e333336,15cd64de2c8ddb012c7001ab2b9d14b9009c3f6c85d26ac718ef884459e419c7,8455-210777-0020,8455,test-clean,3.155,20260905,positive,1,pitch_plus2,pitch,"{""family"": ""pitch"", ""id"": ""pitch_plus2"", ""semitones"": 2}",0.5,0.5,0.0,0.0009431553189642727,0,1010100100000110,1100011110100101,9,0.4375,0.5625,0,30.19837698494763,0.9995969489622374,NA,NA,NA,NA: Pitch shifting changes sample phase and content,3.155,50480,0.785011887550354,0.0,0.0,232.56652406416833,13.864833978004754,51.59131402615458,ok,,"{""alignment_reason"": ""Pitch shifting changes sample phase and content"", ""clipping_fraction"": 0.0, ""duration_seconds"": 3.155, ""family"": ""pitch"", ""hop_length"": 512, ""id"": ""pitch_plus2"", ""implementation"": ""librosa"", ""input_samples"": 50480, ""n_fft"": 2048, ""output_peak"": 0.785011887550354, ""output_samples"": 50480, ""pre_limiter_peak"": 0.785011887550354, ""res_type"": ""soxr_hq"", ""sample_aligned"": false, ""sample_rate"": 16000, ""seed"": 17032254589575532940, ""semitones"": 2}",5ef713cf04a0c742086a7230fa8c57d426998311938ac0f843cfd4bc32a9c4a5
20260905T233538.930635Z,b4f3de4a4f74b8742b201c9e0941cfe5166082fc,0ea442119cfa4d9f99e7b3b3ca6f55ddcdc1e56bc504ecce6b0481de96d1a73b,85a65f1f57cd5918e3529a1210a45ad78cb20cab8a6db637589aecc38e333336,15cd64de2c8ddb012c7001ab2b9d14b9009c3f6c85d26ac718ef884459e419c7,8455-210777-0020,8455,test-clean,3.155,20260905,negative,0,pitch_plus2,pitch,"{""family"": ""pitch"", ""id"": ""pitch_plus2"", ""semitones"": 2}",0.5,0.5,0.0,0.005342321004718542,0,1010100100000110,0100111110100100,NA,NA,NA,NA,NA,NA,NA,NA,NA,NA: Pitch shifting changes sample phase and content,3.155,50480,0.7723276615142822,0.0,0.0,NA,13.89451208524406,51.544473972171545,ok,,"{""alignment_reason"": ""Pitch shifting changes sample phase and content"", ""clipping_fraction"": 0.0, ""duration_seconds"": 3.155, ""family"": ""pitch"", ""hop_length"": 512, ""id"": ""pitch_plus2"", ""implementation"": ""librosa"", ""input_samples"": 50480, ""n_fft"": 2048, ""output_peak"": 0.7723276615142822, ""output_samples"": 50480, ""pre_limiter_peak"": 0.7723276615142822, ""res_type"": ""soxr_hq"", ""sample_aligned"": false, ""sample_rate"": 16000, ""seed"": 17032254589575532940, ""semitones"": 2}",35e5d42b943f7fcc7a1a915956d755100deedc96083307fb2667d589aea23683
20260905T233538.930635Z,b4f3de4a4f74b8742b201c9e0941cfe5166082fc,0ea442119cfa4d9f99e7b3b3ca6f55ddcdc1e56bc504ecce6b0481de96d1a73b,85a65f1f57cd5918e3529a1210a45ad78cb20cab8a6db637589aecc38e333336,15cd64de2c8ddb012c7001ab2b9d14b9009c3f6c85d26ac718ef884459e419c7,8455-210777-0020,8455,test-clean,3.155,20260905,positive,1,stretch_09,stretch,"{""family"": ""stretch"", ""id"": ""stretch_09"", ""rate"": 0.9}",0.5,0.5,0.2641337811946869,0.28720441460609436,0,1010100100000110,1010100100000110,0,1.0,0.0,1,30.19837698494763,0.9995969489622374,NA,NA,NA,NA: Time stretching changes the temporal coordinate,3.5055625,56089,0.6067728996276855,0.0,0.0,232.56652406416833,12.969017960131168,92.66097797080874,ok,,"{""alignment_reason"": ""Time stretching changes the temporal coordinate"", ""clipping_fraction"": 0.0, ""duration_seconds"": 3.5055625, ""family"": ""stretch"", ""hop_length"": 512, ""id"": ""stretch_09"", ""implementation"": ""librosa"", ""input_samples"": 50480, ""n_fft"": 2048, ""output_peak"": 0.6067728996276855, ""output_samples"": 56089, ""pre_limiter_peak"": 0.6067728996276855, ""rate"": 0.9, ""sample_aligned"": false, ""sample_rate"": 16000, ""seed"": 8720511445707616210}",6c7e20b9b942cd33fd4d67cab7bb02ba0b7bc0ab17d05acbe52503f2ce943754
20260905T233538.930635Z,b4f3de4a4f74b8742b201c9e0941cfe5166082fc,0ea442119cfa4d9f99e7b3b3ca6f55ddcdc1e56bc504ecce6b0481de96d1a73b,85a65f1f57cd5918e3529a1210a45ad78cb20cab8a6db637589aecc38e333336,15cd64de2c8ddb012c7001ab2b9d14b9009c3f6c85d26ac718ef884459e419c7,8455-210777-0020,8455,test-clean,3.155,20260905,negative,0,stretch_09,stretch,"{""family"": ""stretch"", ""id"": ""stretch_09"", ""rate"": 0.9}",0.5,0.5,0.0,0.0004923871601931751,0,1010100100000110,0110110110100100,NA,NA,NA,NA,NA,NA,NA,NA,NA,NA: Time stretching changes the temporal coordinate,3.5055625,56089,0.604843258857727,0.0,0.0,NA,15.432259999215603,49.70038100145757,ok,,"{""alignment_reason"": ""Time stretching changes the temporal coordinate"", ""clipping_fraction"": 0.0, ""duration_seconds"": 3.5055625, ""family"": ""stretch"", ""hop_length"": 512, ""id"": ""stretch_09"", ""implementation"": ""librosa"", ""input_samples"": 50480, ""n_fft"": 2048, ""output_peak"": 0.604843258857727, ""output_samples"": 56089, ""pre_limiter_peak"": 0.604843258857727, ""rate"": 0.9, ""sample_aligned"": false, ""sample_rate"": 16000, ""seed"": 8720511445707616210}",f9f6a5c704a1437c2a7847ec2d356f1cf833708e3106ebcbf49edae73ad5a734
20260905T233538.930635Z,b4f3de4a4f74b8742b201c9e0941cfe5166082fc,0ea442119cfa4d9f99e7b3b3ca6f55ddcdc1e56bc504ecce6b0481de96d1a73b,85a65f1f57cd5918e3529a1210a45ad78cb20cab8a6db637589aecc38e333336,15cd64de2c8ddb012c7001ab2b9d14b9009c3f6c85d26ac718ef884459e419c7,8455-210777-0020,8455,test-clean,3.155,20260905,positive,1,stretch_11,stretch,"{""family"": ""stretch"", ""id"": ""stretch_11"", ""rate"": 1.1}",0.5,0.5,1.0,0.9900115728378296,1,1010100100000110,1010100100000110,0,1.0,0.0,1,30.19837698494763,0.9995969489622374,NA,NA,NA,NA: Time stretching changes the temporal coordinate,2.8681875,45891,0.5141482353210449,0.0,0.0,232.56652406416833,11.18182495702058,52.47122002765536,ok,,"{""alignment_reason"": ""Time stretching changes the temporal coordinate"", ""clipping_fraction"": 0.0, ""duration_seconds"": 2.8681875, ""family"": ""stretch"", ""hop_length"": 512, ""id"": ""stretch_11"", ""implementation"": ""librosa"", ""input_samples"": 50480, ""n_fft"": 2048, ""output_peak"": 0.5141482353210449, ""output_samples"": 45891, ""pre_limiter_peak"": 0.5141482353210449, ""rate"": 1.1, ""sample_aligned"": false, ""sample_rate"": 16000, ""seed"": 18219369191187377831}",7bae556820cb18c94f2fd8f487f5fbad789754d1886800912b465ad9b2fed098
20260905T233538.930635Z,b4f3de4a4f74b8742b201c9e0941cfe5166082fc,0ea442119cfa4d9f99e7b3b3ca6f55ddcdc1e56bc504ecce6b0481de96d1a73b,85a65f1f57cd5918e3529a1210a45ad78cb20cab8a6db637589aecc38e333336,15cd64de2c8ddb012c7001ab2b9d14b9009c3f6c85d26ac718ef884459e419c7,8455-210777-0020,8455,test-clean,3.155,20260905,negative,0,stretch_11,stretch,"{""family"": ""stretch"", ""id"": ""stretch_11"", ""rate"": 1.1}",0.5,0.5,0.0,0.0010532462038099766,0,1010100100000110,0100110110100101,NA,NA,NA,NA,NA,NA,NA,NA,NA,NA: Time stretching changes the temporal coordinate,2.8681875,45891,0.5071835517883301,0.0,0.0,NA,11.170863988809288,47.79672692529857,ok,,"{""alignment_reason"": ""Time stretching changes the temporal coordinate"", ""clipping_fraction"": 0.0, ""duration_seconds"": 2.8681875, ""family"": ""stretch"", ""hop_length"": 512, ""id"": ""stretch_11"", ""implementation"": ""librosa"", ""input_samples"": 50480, ""n_fft"": 2048, ""output_peak"": 0.5071835517883301, ""output_samples"": 45891, ""pre_limiter_peak"": 0.5071835517883301, ""rate"": 1.1, ""sample_aligned"": false, ""sample_rate"": 16000, ""seed"": 18219369191187377831}",47b1c5839f89f78f406a002596e966bca833cdd7ed80342ff4a6e510b3ded94f
20260905T233538.930635Z,b4f3de4a4f74b8742b201c9e0941cfe5166082fc,0ea442119cfa4d9f99e7b3b3ca6f55ddcdc1e56bc504ecce6b0481de96d1a73b,85a65f1f57cd5918e3529a1210a45ad78cb20cab8a6db637589aecc38e333336,15cd64de2c8ddb012c7001ab2b9d14b9009c3f6c85d26ac718ef884459e419c7,8455-210777-0020,8455,test-clean,3.155,20260905,positive,1,crop_10,crop,"{""family"": ""crop"", ""fraction"": 0.1, ""id"": ""crop_10""}",0.5,0.5,0.6475611925125122,0.6279494762420654,1,1010100100000110,0000010100101000,8,0.5,0.5,0,30.19837698494763,0.9995969489622374,NA,NA,NA,NA: Contiguous crop changes length and may shift time origin,2.8395,45432,0.8217400908470154,0.0,0.0,232.56652406416833,0.2748130355030298,53.40741202235222,ok,,"{""alignment_reason"": ""Contiguous crop changes length and may shift time origin"", ""clipping_fraction"": 0.0, ""crop_end_sample"": 49688, ""crop_start_sample"": 4256, ""duration_seconds"": 2.8395, ""family"": ""crop"", ""fraction"": 0.1, ""id"": ""crop_10"", ""input_samples"": 50480, ""output_peak"": 0.8217400908470154, ""output_samples"": 45432, ""pre_limiter_peak"": 0.8217400908470154, ""removed_fraction_actual"": 0.09999999999999998, ""sample_aligned"": false, ""sample_rate"": 16000, ""seed"": 3546318370378477763}",4e7b4d774b65dd3396a27eb3e71e69e9eb0c210e59e38fd56987cfe8d800b37b
20260905T233538.930635Z,b4f3de4a4f74b8742b201c9e0941cfe5166082fc,0ea442119cfa4d9f99e7b3b3ca6f55ddcdc1e56bc504ecce6b0481de96d1a73b,85a65f1f57cd5918e3529a1210a45ad78cb20cab8a6db637589aecc38e333336,15cd64de2c8ddb012c7001ab2b9d14b9009c3f6c85d26ac718ef884459e419c7,8455-210777-0020,8455,test-clean,3.155,20260905,negative,0,crop_10,crop,"{""family"": ""crop"", ""fraction"": 0.1, ""id"": ""crop_10""}",0.5,0.5,0.0,0.010337846353650093,0,1010100100000110,0110110110100100,NA,NA,NA,NA,NA,NA,NA,NA,NA,NA: Contiguous crop changes length and may shift time origin,2.8395,45432,0.8140869140625,0.0,0.0,NA,0.2604760229587555,47.41418792400509,ok,,"{""alignment_reason"": ""Contiguous crop changes length and may shift time origin"", ""clipping_fraction"": 0.0, ""crop_end_sample"": 49688, ""crop_start_sample"": 4256, ""duration_seconds"": 2.8395, ""family"": ""crop"", ""fraction"": 0.1, ""id"": ""crop_10"", ""input_samples"": 50480, ""output_peak"": 0.8140869140625, ""output_samples"": 45432, ""pre_limiter_peak"": 0.8140869140625, ""removed_fraction_actual"": 0.09999999999999998, ""sample_aligned"": false, ""sample_rate"": 16000, ""seed"": 3546318370378477763}",e41d373e35ffd542c491fa64f1f1f2f8e197ef6d8fa4cef2d607ec03256400ed
20260905T233538.930635Z,b4f3de4a4f74b8742b201c9e0941cfe5166082fc,0ea442119cfa4d9f99e7b3b3ca6f55ddcdc1e56bc504ecce6b0481de96d1a73b,85a65f1f57cd5918e3529a1210a45ad78cb20cab8a6db637589aecc38e333336,15cd64de2c8ddb012c7001ab2b9d14b9009c3f6c85d26ac718ef884459e419c7,8455-210777-0020,8455,test-clean,3.155,20260905,positive,1,crop_25,crop,"{""family"": ""crop"", ""fraction"": 0.25, ""id"": ""crop_25""}",0.5,0.5,0.9934495687484741,0.977803111076355,1,1010100100000110,1010100101000100,2,0.875,0.125,0,30.19837698494763,0.9995969489622374,NA,NA,NA,NA: Contiguous crop changes length and may shift time origin,2.36625,37860,0.8217400908470154,0.0,0.0,232.56652406416833,0.27330091688781977,46.64867999963462,ok,,"{""alignment_reason"": ""Contiguous crop changes length and may shift time origin"", ""clipping_fraction"": 0.0, ""crop_end_sample"": 41787, ""crop_start_sample"": 3927, ""duration_seconds"": 2.36625, ""family"": ""crop"", ""fraction"": 0.25, ""id"": ""crop_25"", ""input_samples"": 50480, ""output_peak"": 0.8217400908470154, ""output_samples"": 37860, ""pre_limiter_peak"": 0.8217400908470154, ""removed_fraction_actual"": 0.25, ""sample_aligned"": false, ""sample_rate"": 16000, ""seed"": 678752977029231736}",5a63b8d51bdada00c4122933768130619cba0baa9ad91aac62dbc5496707ea70
20260905T233538.930635Z,b4f3de4a4f74b8742b201c9e0941cfe5166082fc,0ea442119cfa4d9f99e7b3b3ca6f55ddcdc1e56bc504ecce6b0481de96d1a73b,85a65f1f57cd5918e3529a1210a45ad78cb20cab8a6db637589aecc38e333336,15cd64de2c8ddb012c7001ab2b9d14b9009c3f6c85d26ac718ef884459e419c7,8455-210777-0020,8455,test-clean,3.155,20260905,negative,0,crop_25,crop,"{""family"": ""crop"", ""fraction"": 0.25, ""id"": ""crop_25""}",0.5,0.5,0.0,0.0013917401665821671,0,1010100100000110,0100110110110100,NA,NA,NA,NA,NA,NA,NA,NA,NA,NA: Contiguous crop changes length and may shift time origin,2.36625,37860,0.8140869140625,0.0,0.0,NA,0.2574099926277995,39.292339934036136,ok,,"{""alignment_reason"": ""Contiguous crop changes length and may shift time origin"", ""clipping_fraction"": 0.0, ""crop_end_sample"": 41787, ""crop_start_sample"": 3927, ""duration_seconds"": 2.36625, ""family"": ""crop"", ""fraction"": 0.25, ""id"": ""crop_25"", ""input_samples"": 50480, ""output_peak"": 0.8140869140625, ""output_samples"": 37860, ""pre_limiter_peak"": 0.8140869140625, ""removed_fraction_actual"": 0.25, ""sample_aligned"": false, ""sample_rate"": 16000, ""seed"": 678752977029231736}",295aa9126002c4121f6c379e11048daf83b7bc39f0411e837e3cd6090be90c4a
20260905T233538.930635Z,b4f3de4a4f74b8742b201c9e0941cfe5166082fc,0ea442119cfa4d9f99e7b3b3ca6f55ddcdc1e56bc504ecce6b0481de96d1a73b,85a65f1f57cd5918e3529a1210a45ad78cb20cab8a6db637589aecc38e333336,15cd64de2c8ddb012c7001ab2b9d14b9009c3f6c85d26ac718ef884459e419c7,61-70968-0036,61,test-clean,2.9349375,20260905,positive,1,clean,clean,"{""family"": ""clean"", ""id"": ""clean""}",0.5,0.5,1.0,0.9999638199806213,1,0000101100000110,0000101100000110,0,1.0,0.0,1,25.081267210150465,0.9992312558468469,0.9992312558468469,NA,25.081267210150465,aligned_to_original,2.9349375,46959,0.5511133074760437,0.0,0.0,767.6136910449713,0.31221495009958744,57.071999995969236,ok,,"{""clipping_fraction"": 0.0, ""duration_seconds"": 2.9349375, ""family"": ""clean"", ""id"": ""clean"", ""input_samples"": 46959, ""output_peak"": 0.5511133074760437, ""output_samples"": 46959, ""pre_limiter_peak"": 0.5511133074760437, ""sample_aligned"": true, ""sample_rate"": 16000, ""seed"": 10868171898513045315}",db0dd213e2521b6fc4f085b766eba0e3e6c052abd51b6e07ddde5eb2587ea662
20260905T233538.930635Z,b4f3de4a4f74b8742b201c9e0941cfe5166082fc,0ea442119cfa4d9f99e7b3b3ca6f55ddcdc1e56bc504ecce6b0481de96d1a73b,85a65f1f57cd5918e3529a1210a45ad78cb20cab8a6db637589aecc38e333336,15cd64de2c8ddb012c7001ab2b9d14b9009c3f6c85d26ac718ef884459e419c7,61-70968-0036,61,test-clean,2.9349375,20260905,negative,0,clean,clean,"{""family"": ""clean"", ""id"": ""clean""}",0.5,0.5,0.0,0.004184036515653133,0,0000101100000110,0100110110100101,NA,NA,NA,NA,NA,NA,1.0,NA,inf,aligned_to_original,2.9349375,46959,0.53485107421875,0.0,0.0,NA,0.23483799304813147,49.9125060159713,ok,,"{""clipping_fraction"": 0.0, ""duration_seconds"": 2.9349375, ""family"": ""clean"", ""id"": ""clean"", ""input_samples"": 46959, ""output_peak"": 0.53485107421875, ""output_samples"": 46959, ""pre_limiter_peak"": 0.53485107421875, ""sample_aligned"": true, ""sample_rate"": 16000, ""seed"": 10868171898513045315}",7bde566c0acfad00890811af81bf48990cf9bb3598f8da804b46a43aee7abef6
20260905T233538.930635Z,b4f3de4a4f74b8742b201c9e0941cfe5166082fc,0ea442119cfa4d9f99e7b3b3ca6f55ddcdc1e56bc504ecce6b0481de96d1a73b,85a65f1f57cd5918e3529a1210a45ad78cb20cab8a6db637589aecc38e333336,15cd64de2c8ddb012c7001ab2b9d14b9009c3f6c85d26ac718ef884459e419c7,61-70968-0036,61,test-clean,2.9349375,20260905,positive,1,mp3_128,mp3,"{""bitrate_kbps"": 128, ""family"": ""mp3"", ""id"": ""mp3_128""}",0.5,0.5,1.0,0.9999630451202393,1,0000101100000110,0000101100000110,0,1.0,0.0,1,25.081267210150465,0.9992312558468469,NA,NA,NA,NA: MP3 codec delay/alignment not independently verified,2.9349375,46959,0.5233924984931946,0.0,0.0,767.6136910449713,16.707227914594114,50.34714308567345,ok,,"{""alignment_reason"": ""MP3 codec delay/alignment not independently verified"", ""bitrate_kbps"": 128, ""clipping_fraction"": 0.0, ""codec"": ""libmp3lame"", ""duration_seconds"": 2.9349375, ""family"": ""mp3"", ""id"": ""mp3_128"", ""input_samples"": 46959, ""output_peak"": 0.5233924984931946, ""output_samples"": 46959, ""pre_limiter_peak"": 0.5233924984931946, ""sample_aligned"": false, ""sample_rate"": 16000, ""seed"": 16184025207784272272}",2366b37e14acf7e2b50261147b2e7c16a5abd0c8ab730daf23d6dddbd3dc7061
20260905T233538.930635Z,b4f3de4a4f74b8742b201c9e0941cfe5166082fc,0ea442119cfa4d9f99e7b3b3ca6f55ddcdc1e56bc504ecce6b0481de96d1a73b,85a65f1f57cd5918e3529a1210a45ad78cb20cab8a6db637589aecc38e333336,15cd64de2c8ddb012c7001ab2b9d14b9009c3f6c85d26ac718ef884459e419c7,61-70968-0036,61,test-clean,2.9349375,20260905,negative,0,mp3_128,mp3,"{""bitrate_kbps"": 128, ""family"": ""mp3"", ""id"": ""mp3_128""}",0.5,0.5,0.0,0.005012146197259426,0,0000101100000110,0100110110100101,NA,NA,NA,NA,NA,NA,NA,NA,NA,NA: MP3 codec delay/alignment not independently verified,2.9349375,46959,0.5082264542579651,0.0,0.0,NA,18.59133702237159,51.15489091258496,ok,,"{""alignment_reason"": ""MP3 codec delay/alignment not independently verified"", ""bitrate_kbps"": 128, ""clipping_fraction"": 0.0, ""codec"": ""libmp3lame"", ""duration_seconds"": 2.9349375, ""family"": ""mp3"", ""id"": ""mp3_128"", ""input_samples"": 46959, ""output_peak"": 0.5082264542579651, ""output_samples"": 46959, ""pre_limiter_peak"": 0.5082264542579651, ""sample_aligned"": false, ""sample_rate"": 16000, ""seed"": 16184025207784272272}",d28e309ddd773d21e0f7c26d3d94975c10463db263c4284177065a908353433b
20260905T233538.930635Z,b4f3de4a4f74b8742b201c9e0941cfe5166082fc,0ea442119cfa4d9f99e7b3b3ca6f55ddcdc1e56bc504ecce6b0481de96d1a73b,85a65f1f57cd5918e3529a1210a45ad78cb20cab8a6db637589aecc38e333336,15cd64de2c8ddb012c7001ab2b9d14b9009c3f6c85d26ac718ef884459e419c7,61-70968-0036,61,test-clean,2.9349375,20260905,positive,1,mp3_64,mp3,"{""bitrate_kbps"": 64, ""family"": ""mp3"", ""id"": ""mp3_64""}",0.5,0.5,1.0,0.9999455809593201,1,0000101100000110,0000101100000110,0,1.0,0.0,1,25.081267210150465,0.9992312558468469,NA,NA,NA,NA: MP3 codec delay/alignment not independently verified,2.9349375,46959,0.5201351642608643,0.0,0.0,767.6136910449713,16.26274106092751,51.62405490409583,ok,,"{""alignment_reason"": ""MP3 codec delay/alignment not independently verified"", ""bitrate_kbps"": 64, ""clipping_fraction"": 0.0, ""codec"": ""libmp3lame"", ""duration_seconds"": 2.9349375, ""family"": ""mp3"", ""id"": ""mp3_64"", ""input_samples"": 46959, ""output_peak"": 0.5201351642608643, ""output_samples"": 46959, ""pre_limiter_peak"": 0.5201351642608643, ""sample_aligned"": false, ""sample_rate"": 16000, ""seed"": 614388302153309231}",93522ab85d88e2e2d11ef737bee4fd98edb8d32d4d676b8d6710d1aa8d37cef1
20260905T233538.930635Z,b4f3de4a4f74b8742b201c9e0941cfe5166082fc,0ea442119cfa4d9f99e7b3b3ca6f55ddcdc1e56bc504ecce6b0481de96d1a73b,85a65f1f57cd5918e3529a1210a45ad78cb20cab8a6db637589aecc38e333336,15cd64de2c8ddb012c7001ab2b9d14b9009c3f6c85d26ac718ef884459e419c7,61-70968-0036,61,test-clean,2.9349375,20260905,negative,0,mp3_64,mp3,"{""bitrate_kbps"": 64, ""family"": ""mp3"", ""id"": ""mp3_64""}",0.5,0.5,0.0,0.005122973117977381,0,0000101100000110,0100110110100101,NA,NA,NA,NA,NA,NA,NA,NA,NA,NA: MP3 codec delay/alignment not independently verified,2.9349375,46959,0.5093876123428345,0.0,0.0,NA,17.520166002213955,50.8687769761309,ok,,"{""alignment_reason"": ""MP3 codec delay/alignment not independently verified"", ""bitrate_kbps"": 64, ""clipping_fraction"": 0.0, ""codec"": ""libmp3lame"", ""duration_seconds"": 2.9349375, ""family"": ""mp3"", ""id"": ""mp3_64"", ""input_samples"": 46959, ""output_peak"": 0.5093876123428345, ""output_samples"": 46959, ""pre_limiter_peak"": 0.5093876123428345, ""sample_aligned"": false, ""sample_rate"": 16000, ""seed"": 614388302153309231}",b8835463170824a9e615844f752093843f5d5979fcd3eabb6460cb1b24c91890
20260905T233538.930635Z,b4f3de4a4f74b8742b201c9e0941cfe5166082fc,0ea442119cfa4d9f99e7b3b3ca6f55ddcdc1e56bc504ecce6b0481de96d1a73b,85a65f1f57cd5918e3529a1210a45ad78cb20cab8a6db637589aecc38e333336,15cd64de2c8ddb012c7001ab2b9d14b9009c3f6c85d26ac718ef884459e419c7,61-70968-0036,61,test-clean,2.9349375,20260905,positive,1,noise_30,noise,"{""family"": ""noise"", ""id"": ""noise_30"", ""snr_db"": 30}",0.5,0.5,0.9941864013671875,0.9854312539100647,1,0000101100000110,0000101100000110,0,1.0,0.0,1,25.081267210150465,0.9992312558468469,0.9981498634160828,NA,23.86620793566662,aligned_to_original,2.9349375,46959,0.5551612973213196,0.0,0.0,767.6136910449713,1.2624550145119429,50.674887956120074,ok,,"{""clipping_fraction"": 0.0, ""duration_seconds"": 2.9349375, ""family"": ""noise"", ""id"": ""noise_30"", ""input_samples"": 46959, ""noise_snr_db"": 29.999999996915424, ""noise_snr_db_pre_clipping"": 30.0, ""output_peak"": 0.5551612973213196, ""output_samples"": 46959, ""pre_limiter_peak"": 0.5551612770785416, ""sample_aligned"": true, ""sample_rate"": 16000, ""seed"": 17166795755922558287, ""snr_db"": 30}",90ac7ef4ff2130f54b41b68ad4ec182496eb15006692ae1b48953843ec1b7c43
20260905T233538.930635Z,b4f3de4a4f74b8742b201c9e0941cfe5166082fc,0ea442119cfa4d9f99e7b3b3ca6f55ddcdc1e56bc504ecce6b0481de96d1a73b,85a65f1f57cd5918e3529a1210a45ad78cb20cab8a6db637589aecc38e333336,15cd64de2c8ddb012c7001ab2b9d14b9009c3f6c85d26ac718ef884459e419c7,61-70968-0036,61,test-clean,2.9349375,20260905,negative,0,noise_30,noise,"{""family"": ""noise"", ""id"": ""noise_30"", ""snr_db"": 30}",0.5,0.5,0.0,0.005351802799850702,0,0000101100000110,0111110110100100,NA,NA,NA,NA,NA,NA,0.9990484896918972,NA,29.999999995588567,aligned_to_original,2.9349375,46959,0.5389062762260437,0.0,0.0,NA,1.0634460486471653,51.130353938788176,ok,,"{""clipping_fraction"": 0.0, ""duration_seconds"": 2.9349375, ""family"": ""noise"", ""id"": ""noise_30"", ""input_samples"": 46959, ""noise_snr_db"": 29.999999995588567, ""noise_snr_db_pre_clipping"": 30.0, ""output_peak"": 0.5389062762260437, ""output_samples"": 46959, ""pre_limiter_peak"": 0.5389062610995393, ""sample_aligned"": true, ""sample_rate"": 16000, ""seed"": 17166795755922558287, ""snr_db"": 30}",7967b7b272f59e1474d7697750d75f284ca50fb98a5fca26fac2c82b822a3f0a
20260905T233538.930635Z,b4f3de4a4f74b8742b201c9e0941cfe5166082fc,0ea442119cfa4d9f99e7b3b3ca6f55ddcdc1e56bc504ecce6b0481de96d1a73b,85a65f1f57cd5918e3529a1210a45ad78cb20cab8a6db637589aecc38e333336,15cd64de2c8ddb012c7001ab2b9d14b9009c3f6c85d26ac718ef884459e419c7,61-70968-0036,61,test-clean,2.9349375,20260905,positive,1,noise_20,noise,"{""family"": ""noise"", ""id"": ""noise_20"", ""snr_db"": 20}",0.5,0.5,0.6540173292160034,0.658957302570343,1,0000101100000110,0000101100000110,0,1.0,0.0,1,25.081267210150465,0.9992312558468469,0.9911921880126957,NA,18.8269749465358,aligned_to_original,2.9349375,46959,0.5438814163208008,0.0,0.0,767.6136910449713,1.0764999315142632,50.66231405362487,ok,,"{""clipping_fraction"": 0.0, ""duration_seconds"": 2.9349375, ""family"": ""noise"", ""id"": ""noise_20"", ""input_samples"": 46959, ""noise_snr_db"": 20.00000000473385, ""noise_snr_db_pre_clipping"": 20.0, ""output_peak"": 0.5438814163208008, ""output_samples"": 46959, ""pre_limiter_peak"": 0.54388141422566, ""sample_aligned"": true, ""sample_rate"": 16000, ""seed"": 4314251572471658506, ""snr_db"": 20}",40b26ab878364e32ae55073663f662b91681bd0a2324537630a030d4849ae916
20260905T233538.930635Z,b4f3de4a4f74b8742b201c9e0941cfe5166082fc,0ea442119cfa4d9f99e7b3b3ca6f55ddcdc1e56bc504ecce6b0481de96d1a73b,85a65f1f57cd5918e3529a1210a45ad78cb20cab8a6db637589aecc38e333336,15cd64de2c8ddb012c7001ab2b9d14b9009c3f6c85d26ac718ef884459e419c7,61-70968-0036,61,test-clean,2.9349375,20260905,negative,0,noise_20,noise,"{""family"": ""noise"", ""id"": ""noise_20"", ""snr_db"": 20}",0.5,0.5,0.0,0.003774077631533146,0,0000101100000110,0101111110100101,NA,NA,NA,NA,NA,NA,0.9922717156576487,NA,20.000000001480007,aligned_to_original,2.9349375,46959,0.5276063084602356,0.0,0.0,NA,1.0682940483093262,50.851183012127876,ok,,"{""clipping_fraction"": 0.0, ""duration_seconds"": 2.9349375, ""family"": ""noise"", ""id"": ""noise_20"", ""input_samples"": 46959, ""noise_snr_db"": 20.000000001480007, ""noise_snr_db_pre_clipping"": 20.0, ""output_peak"": 0.5276063084602356, ""output_samples"": 46959, ""pre_limiter_peak"": 0.5276062869520353, ""sample_aligned"": true, ""sample_rate"": 16000, ""seed"": 4314251572471658506, ""snr_db"": 20}",b3de79582946dc1c03df4dba8e0b5fbd365493294424e489ddf25d4196168d35
20260905T233538.930635Z,b4f3de4a4f74b8742b201c9e0941cfe5166082fc,0ea442119cfa4d9f99e7b3b3ca6f55ddcdc1e56bc504ecce6b0481de96d1a73b,85a65f1f57cd5918e3529a1210a45ad78cb20cab8a6db637589aecc38e333336,15cd64de2c8ddb012c7001ab2b9d14b9009c3f6c85d26ac718ef884459e419c7,61-70968-0036,61,test-clean,2.9349375,20260905,positive,1,resample_12000,resample,"{""family"": ""resample"", ""id"": ""resample_12000"", ""intermediate_sr"": 12000}",0.5,0.5,1.0,0.9999641180038452,1,0000101100000110,0000101100000110,0,1.0,0.0,1,25.081267210150465,0.9992312558468469,0.9992309354801943,NA,21.9062760115331,aligned_to_original,2.9349375,46959,0.5523176193237305,0.0,0.0,767.6136910449713,1.6941570211201906,50.52449193317443,ok,,"{""clipping_fraction"": 0.0, ""duration_seconds"": 2.9349375, ""family"": ""resample"", ""id"": ""resample_12000"", ""input_samples"": 46959, ""intermediate_sr"": 12000, ""output_peak"": 0.5523176193237305, ""output_samples"": 46959, ""pre_limiter_peak"": 0.5523176193237305, ""resampler"": ""scipy.signal.resample_poly"", ""resampler_window"": [""kaiser"", 5.0], ""sample_aligned"": true, ""sample_rate"": 16000, ""seed"": 18418916085650176241}",2a1a0f0359ca58882d04b03bb79fd6ed62c142451ff8477fe8da830193e13b94
20260905T233538.930635Z,b4f3de4a4f74b8742b201c9e0941cfe5166082fc,0ea442119cfa4d9f99e7b3b3ca6f55ddcdc1e56bc504ecce6b0481de96d1a73b,85a65f1f57cd5918e3529a1210a45ad78cb20cab8a6db637589aecc38e333336,15cd64de2c8ddb012c7001ab2b9d14b9009c3f6c85d26ac718ef884459e419c7,61-70968-0036,61,test-clean,2.9349375,20260905,negative,0,resample_12000,resample,"{""family"": ""resample"", ""id"": ""resample_12000"", ""intermediate_sr"": 12000}",0.5,0.5,0.0,0.00433725118637085,0,0000101100000110,0100110110100101,NA,NA,NA,NA,NA,NA,0.9999999075529288,NA,24.758081132846836,aligned_to_original,2.9349375,46959,0.5360556840896606,0.0,0.0,NA,1.6917720204219222,50.33388803713024,ok,,"{""clipping_fraction"": 0.0, ""duration_seconds"": 2.9349375, ""family"": ""resample"", ""id"": ""resample_12000"", ""input_samples"": 46959, ""intermediate_sr"": 12000, ""output_peak"": 0.5360556840896606, ""output_samples"": 46959, ""pre_limiter_peak"": 0.5360556840896606, ""resampler"": ""scipy.signal.resample_poly"", ""resampler_window"": [""kaiser"", 5.0], ""sample_aligned"": true, ""sample_rate"": 16000, ""seed"": 18418916085650176241}",13bc0ff6dcae5616ca46e8f39fbd623baff9993a517534dd24a6da6b35260bbf
20260905T233538.930635Z,b4f3de4a4f74b8742b201c9e0941cfe5166082fc,0ea442119cfa4d9f99e7b3b3ca6f55ddcdc1e56bc504ecce6b0481de96d1a73b,85a65f1f57cd5918e3529a1210a45ad78cb20cab8a6db637589aecc38e333336,15cd64de2c8ddb012c7001ab2b9d14b9009c3f6c85d26ac718ef884459e419c7,61-70968-0036,61,test-clean,2.9349375,20260905,positive,1,resample_8000,resample,"{""family"": ""resample"", ""id"": ""resample_8000"", ""intermediate_sr"": 8000}",0.5,0.5,1.0,0.9999653100967407,1,0000101100000110,0000101100000110,0,1.0,0.0,1,25.081267210150465,0.9992312558468469,0.9980666904217812,NA,15.814567064849918,aligned_to_original,2.9349375,46959,0.548590898513794,0.0,0.0,767.6136910449713,1.687163021415472,50.18124706111848,ok,,"{""clipping_fraction"": 0.0, ""duration_seconds"": 2.9349375, ""family"": ""resample"", ""id"": ""resample_8000"", ""input_samples"": 46959, ""intermediate_sr"": 8000, ""output_peak"": 0.548590898513794, ""output_samples"": 46959, ""pre_limiter_peak"": 0.548590898513794, ""resampler"": ""scipy.signal.resample_poly"", ""resampler_window"": [""kaiser"", 5.0], ""sample_aligned"": true, ""sample_rate"": 16000, ""seed"": 416370993713541038}",cfd3c81c31cfda8f562656acb0b115f1276a2ad30aac6605ef3593b9b933dfa9
20260905T233538.930635Z,b4f3de4a4f74b8742b201c9e0941cfe5166082fc,0ea442119cfa4d9f99e7b3b3ca6f55ddcdc1e56bc504ecce6b0481de96d1a73b,85a65f1f57cd5918e3529a1210a45ad78cb20cab8a6db637589aecc38e333336,15cd64de2c8ddb012c7001ab2b9d14b9009c3f6c85d26ac718ef884459e419c7,61-70968-0036,61,test-clean,2.9349375,20260905,negative,0,resample_8000,resample,"{""family"": ""resample"", ""id"": ""resample_8000"", ""intermediate_sr"": 8000}",0.5,0.5,0.0,0.0044804723002016544,0,0000101100000110,0100110110100101,NA,NA,NA,NA,NA,NA,0.9988352848903136,NA,16.361748698532182,aligned_to_original,2.9349375,46959,0.5322959423065186,0.0,0.0,NA,1.7030129674822092,50.29640707653016,ok,,"{""clipping_fraction"": 0.0, ""duration_seconds"": 2.9349375, ""family"": ""resample"", ""id"": ""resample_8000"", ""input_samples"": 46959, ""intermediate_sr"": 8000, ""output_peak"": 0.5322959423065186, ""output_samples"": 46959, ""pre_limiter_peak"": 0.5322959423065186, ""resampler"": ""scipy.signal.resample_poly"", ""resampler_window"": [""kaiser"", 5.0], ""sample_aligned"": true, ""sample_rate"": 16000, ""seed"": 416370993713541038}",c1758144fb027f92cf910f729fb9a046284fad88de816893d3a26f51381d307e
20260905T233538.930635Z,b4f3de4a4f74b8742b201c9e0941cfe5166082fc,0ea442119cfa4d9f99e7b3b3ca6f55ddcdc1e56bc504ecce6b0481de96d1a73b,85a65f1f57cd5918e3529a1210a45ad78cb20cab8a6db637589aecc38e333336,15cd64de2c8ddb012c7001ab2b9d14b9009c3f6c85d26ac718ef884459e419c7,61-70968-0036,61,test-clean,2.9349375,20260905,positive,1,pitch_minus2,pitch,"{""family"": ""pitch"", ""id"": ""pitch_minus2"", ""semitones"": -2}",0.5,0.5,0.0,0.01120445691049099,0,0000101100000110,0100011110101101,8,0.5,0.5,0,25.081267210150465,0.9992312558468469,NA,NA,NA,NA: Pitch shifting changes sample phase and content,2.9349375,46959,0.4109151065349579,0.0,0.0,767.6136910449713,11.062989011406898,50.33719399943948,ok,,"{""alignment_reason"": ""Pitch shifting changes sample phase and content"", ""clipping_fraction"": 0.0, ""duration_seconds"": 2.9349375, ""family"": ""pitch"", ""hop_length"": 512, ""id"": ""pitch_minus2"", ""implementation"": ""librosa"", ""input_samples"": 46959, ""n_fft"": 2048, ""output_peak"": 0.4109151065349579, ""output_samples"": 46959, ""pre_limiter_peak"": 0.4109151065349579, ""res_type"": ""soxr_hq"", ""sample_aligned"": false, ""sample_rate"": 16000, ""seed"": 17323099878504511717, ""semitones"": -2}",4d4eacfefec0352cdffa102123a13fbf42d10b0b1f62d78ef5c90415ac69d464
20260905T233538.930635Z,b4f3de4a4f74b8742b201c9e0941cfe5166082fc,0ea442119cfa4d9f99e7b3b3ca6f55ddcdc1e56bc504ecce6b0481de96d1a73b,85a65f1f57cd5918e3529a1210a45ad78cb20cab8a6db637589aecc38e333336,15cd64de2c8ddb012c7001ab2b9d14b9009c3f6c85d26ac718ef884459e419c7,61-70968-0036,61,test-clean,2.9349375,20260905,negative,0,pitch_minus2,pitch,"{""family"": ""pitch"", ""id"": ""pitch_minus2"", ""semitones"": -2}",0.5,0.5,0.0,0.009408029727637768,0,0000101100000110,1110110100110101,NA,NA,NA,NA,NA,NA,NA,NA,NA,NA: Pitch shifting changes sample phase and content,2.9349375,46959,0.410062313079834,0.0,0.0,NA,11.287886998616159,50.37518707104027,ok,,"{""alignment_reason"": ""Pitch shifting changes sample phase and content"", ""clipping_fraction"": 0.0, ""duration_seconds"": 2.9349375, ""family"": ""pitch"", ""hop_length"": 512, ""id"": ""pitch_minus2"", ""implementation"": ""librosa"", ""input_samples"": 46959, ""n_fft"": 2048, ""output_peak"": 0.410062313079834, ""output_samples"": 46959, ""pre_limiter_peak"": 0.410062313079834, ""res_type"": ""soxr_hq"", ""sample_aligned"": false, ""sample_rate"": 16000, ""seed"": 17323099878504511717, ""semitones"": -2}",22f35c68511cdc44cc3896c1ded034a2030d04630f2ee0f0bc8fccf2af347a80
20260905T233538.930635Z,b4f3de4a4f74b8742b201c9e0941cfe5166082fc,0ea442119cfa4d9f99e7b3b3ca6f55ddcdc1e56bc504ecce6b0481de96d1a73b,85a65f1f57cd5918e3529a1210a45ad78cb20cab8a6db637589aecc38e333336,15cd64de2c8ddb012c7001ab2b9d14b9009c3f6c85d26ac718ef884459e419c7,61-70968-0036,61,test-clean,2.9349375,20260905,positive,1,pitch_plus2,pitch,"{""family"": ""pitch"", ""id"": ""pitch_plus2"", ""semitones"": 2}",0.5,0.5,0.0,0.0016384043265134096,0,0000101100000110,0110111110100101,7,0.5625,0.4375,0,25.081267210150465,0.9992312558468469,NA,NA,NA,NA: Pitch shifting changes sample phase and content,2.9349375,46959,0.3277607262134552,0.0,0.0,767.6136910449713,13.090580003336072,50.33262597862631,ok,,"{""alignment_reason"": ""Pitch shifting changes sample phase and content"", ""clipping_fraction"": 0.0, ""duration_seconds"": 2.9349375, ""family"": ""pitch"", ""hop_length"": 512, ""id"": ""pitch_plus2"", ""implementation"": ""librosa"", ""input_samples"": 46959, ""n_fft"": 2048, ""output_peak"": 0.3277607262134552, ""output_samples"": 46959, ""pre_limiter_peak"": 0.3277607262134552, ""res_type"": ""soxr_hq"", ""sample_aligned"": false, ""sample_rate"": 16000, ""seed"": 3204767036788825780, ""semitones"": 2}",3e64fe08c57ede909a11d40f114aaaf0dda369e3cdf85113ffead3fe1faa000f
20260905T233538.930635Z,b4f3de4a4f74b8742b201c9e0941cfe5166082fc,0ea442119cfa4d9f99e7b3b3ca6f55ddcdc1e56bc504ecce6b0481de96d1a73b,85a65f1f57cd5918e3529a1210a45ad78cb20cab8a6db637589aecc38e333336,15cd64de2c8ddb012c7001ab2b9d14b9009c3f6c85d26ac718ef884459e419c7,61-70968-0036,61,test-clean,2.9349375,20260905,negative,0,pitch_plus2,pitch,"{""family"": ""pitch"", ""id"": ""pitch_plus2"", ""semitones"": 2}",0.5,0.5,0.0,0.00436228746548295,0,0000101100000110,0100011110100101,NA,NA,NA,NA,NA,NA,NA,NA,NA,NA: Pitch shifting changes sample phase and content,2.9349375,46959,0.3498650789260864,0.0,0.0,NA,13.051606016233563,50.38417293690145,ok,,"{""alignment_reason"": ""Pitch shifting changes sample phase and content"", ""clipping_fraction"": 0.0, ""duration_seconds"": 2.9349375, ""family"": ""pitch"", ""hop_length"": 512, ""id"": ""pitch_plus2"", ""implementation"": ""librosa"", ""input_samples"": 46959, ""n_fft"": 2048, ""output_peak"": 0.3498650789260864, ""output_samples"": 46959, ""pre_limiter_peak"": 0.3498650789260864, ""res_type"": ""soxr_hq"", ""sample_aligned"": false, ""sample_rate"": 16000, ""seed"": 3204767036788825780, ""semitones"": 2}",fec3f62320e22e15d3baad01504c00134ff5620a2ab4113a98d9dc7526c3d6f5
20260905T233538.930635Z,b4f3de4a4f74b8742b201c9e0941cfe5166082fc,0ea442119cfa4d9f99e7b3b3ca6f55ddcdc1e56bc504ecce6b0481de96d1a73b,85a65f1f57cd5918e3529a1210a45ad78cb20cab8a6db637589aecc38e333336,15cd64de2c8ddb012c7001ab2b9d14b9009c3f6c85d26ac718ef884459e419c7,61-70968-0036,61,test-clean,2.9349375,20260905,positive,1,stretch_09,stretch,"{""family"": ""stretch"", ""id"": ""stretch_09"", ""rate"": 0.9}",0.5,0.5,0.12049370259046555,0.16529695689678192,0,0000101100000110,0000101100000110,0,1.0,0.0,1,25.081267210150465,0.9992312558468469,NA,NA,NA,NA: Time stretching changes the temporal coordinate,3.2610625,52177,0.2880750596523285,0.0,0.0,767.6136910449713,12.26892601698637,87.89947896730155,ok,,"{""alignment_reason"": ""Time stretching changes the temporal coordinate"", ""clipping_fraction"": 0.0, ""duration_seconds"": 3.2610625, ""family"": ""stretch"", ""hop_length"": 512, ""id"": ""stretch_09"", ""implementation"": ""librosa"", ""input_samples"": 46959, ""n_fft"": 2048, ""output_peak"": 0.2880750596523285, ""output_samples"": 52177, ""pre_limiter_peak"": 0.2880750596523285, ""rate"": 0.9, ""sample_aligned"": false, ""sample_rate"": 16000, ""seed"": 649296937771487878}",f0d9f70e5ce36f1e9254a84407407e72d48315f10da98401857548a77ea0bf16
20260905T233538.930635Z,b4f3de4a4f74b8742b201c9e0941cfe5166082fc,0ea442119cfa4d9f99e7b3b3ca6f55ddcdc1e56bc504ecce6b0481de96d1a73b,85a65f1f57cd5918e3529a1210a45ad78cb20cab8a6db637589aecc38e333336,15cd64de2c8ddb012c7001ab2b9d14b9009c3f6c85d26ac718ef884459e419c7,61-70968-0036,61,test-clean,2.9349375,20260905,negative,0,stretch_09,stretch,"{""family"": ""stretch"", ""id"": ""stretch_09"", ""rate"": 0.9}",0.5,0.5,0.0,0.008722342550754547,0,0000101100000110,0110110110100101,NA,NA,NA,NA,NA,NA,NA,NA,NA,NA: Time stretching changes the temporal coordinate,3.2610625,52177,0.32450056076049805,0.0,0.0,NA,12.041773064993322,58.79317899234593,ok,,"{""alignment_reason"": ""Time stretching changes the temporal coordinate"", ""clipping_fraction"": 0.0, ""duration_seconds"": 3.2610625, ""family"": ""stretch"", ""hop_length"": 512, ""id"": ""stretch_09"", ""implementation"": ""librosa"", ""input_samples"": 46959, ""n_fft"": 2048, ""output_peak"": 0.32450056076049805, ""output_samples"": 52177, ""pre_limiter_peak"": 0.32450056076049805, ""rate"": 0.9, ""sample_aligned"": false, ""sample_rate"": 16000, ""seed"": 649296937771487878}",7c8152166fc8bcc4c83bc724358bbbdd3e3b1134713bfb511b588db77a690a95
20260905T233538.930635Z,b4f3de4a4f74b8742b201c9e0941cfe5166082fc,0ea442119cfa4d9f99e7b3b3ca6f55ddcdc1e56bc504ecce6b0481de96d1a73b,85a65f1f57cd5918e3529a1210a45ad78cb20cab8a6db637589aecc38e333336,15cd64de2c8ddb012c7001ab2b9d14b9009c3f6c85d26ac718ef884459e419c7,61-70968-0036,61,test-clean,2.9349375,20260905,positive,1,stretch_11,stretch,"{""family"": ""stretch"", ""id"": ""stretch_11"", ""rate"": 1.1}",0.5,0.5,0.17095337808132172,0.19254012405872345,0,0000101100000110,0000101100000110,0,1.0,0.0,1,25.081267210150465,0.9992312558468469,NA,NA,NA,NA: Time stretching changes the temporal coordinate,2.668125,42690,0.47656190395355225,0.0,0.0,767.6136910449713,14.067621086724102,56.70590396039188,ok,,"{""alignment_reason"": ""Time stretching changes the temporal coordinate"", ""clipping_fraction"": 0.0, ""duration_seconds"": 2.668125, ""family"": ""stretch"", ""hop_length"": 512, ""id"": ""stretch_11"", ""implementation"": ""librosa"", ""input_samples"": 46959, ""n_fft"": 2048, ""output_peak"": 0.47656190395355225, ""output_samples"": 42690, ""pre_limiter_peak"": 0.47656190395355225, ""rate"": 1.1, ""sample_aligned"": false, ""sample_rate"": 16000, ""seed"": 12724964759122084355}",e9bc8f0ac9fd4a852f2e1c2b763a75348ef9fe415d69844cdce867a496c789b9
20260905T233538.930635Z,b4f3de4a4f74b8742b201c9e0941cfe5166082fc,0ea442119cfa4d9f99e7b3b3ca6f55ddcdc1e56bc504ecce6b0481de96d1a73b,85a65f1f57cd5918e3529a1210a45ad78cb20cab8a6db637589aecc38e333336,15cd64de2c8ddb012c7001ab2b9d14b9009c3f6c85d26ac718ef884459e419c7,61-70968-0036,61,test-clean,2.9349375,20260905,negative,0,stretch_11,stretch,"{""family"": ""stretch"", ""id"": ""stretch_11"", ""rate"": 1.1}",0.5,0.5,0.0,0.00884893350303173,0,0000101100000110,0100010010100101,NA,NA,NA,NA,NA,NA,NA,NA,NA,NA: Time stretching changes the temporal coordinate,2.668125,42690,0.48122289776802063,0.0,0.0,NA,13.605250976979733,92.2965930076316,ok,,"{""alignment_reason"": ""Time stretching changes the temporal coordinate"", ""clipping_fraction"": 0.0, ""duration_seconds"": 2.668125, ""family"": ""stretch"", ""hop_length"": 512, ""id"": ""stretch_11"", ""implementation"": ""librosa"", ""input_samples"": 46959, ""n_fft"": 2048, ""output_peak"": 0.48122289776802063, ""output_samples"": 42690, ""pre_limiter_peak"": 0.48122289776802063, ""rate"": 1.1, ""sample_aligned"": false, ""sample_rate"": 16000, ""seed"": 12724964759122084355}",b5b6957248420c100f1bbc84d5243e8d7dcb2387c6772e782f854478b2875fe6
20260905T233538.930635Z,b4f3de4a4f74b8742b201c9e0941cfe5166082fc,0ea442119cfa4d9f99e7b3b3ca6f55ddcdc1e56bc504ecce6b0481de96d1a73b,85a65f1f57cd5918e3529a1210a45ad78cb20cab8a6db637589aecc38e333336,15cd64de2c8ddb012c7001ab2b9d14b9009c3f6c85d26ac718ef884459e419c7,61-70968-0036,61,test-clean,2.9349375,20260905,positive,1,crop_10,crop,"{""family"": ""crop"", ""fraction"": 0.1, ""id"": ""crop_10""}",0.5,0.5,0.48328325152397156,0.4457285702228546,0,0000101100000110,0101110110010110,6,0.625,0.375,0,25.081267210150465,0.9992312558468469,NA,NA,NA,NA: Contiguous crop changes length and may shift time origin,2.6414375,42263,0.5511133074760437,0.0,0.0,767.6136910449713,0.2987990155816078,50.845802994444966,ok,,"{""alignment_reason"": ""Contiguous crop changes length and may shift time origin"", ""clipping_fraction"": 0.0, ""crop_end_sample"": 45703, ""crop_start_sample"": 3440, ""duration_seconds"": 2.6414375, ""family"": ""crop"", ""fraction"": 0.1, ""id"": ""crop_10"", ""input_samples"": 46959, ""output_peak"": 0.5511133074760437, ""output_samples"": 42263, ""pre_limiter_peak"": 0.5511133074760437, ""removed_fraction_actual"": 0.10000212951723841, ""sample_aligned"": false, ""sample_rate"": 16000, ""seed"": 11452598906838653320}",b5fc96b7038497fe81d6e3136c07da6de82af098679dcd5a9bd908b1921f319e
20260905T233538.930635Z,b4f3de4a4f74b8742b201c9e0941cfe5166082fc,0ea442119cfa4d9f99e7b3b3ca6f55ddcdc1e56bc504ecce6b0481de96d1a73b,85a65f1f57cd5918e3529a1210a45ad78cb20cab8a6db637589aecc38e333336,15cd64de2c8ddb012c7001ab2b9d14b9009c3f6c85d26ac718ef884459e419c7,61-70968-0036,61,test-clean,2.9349375,20260905,negative,0,crop_10,crop,"{""family"": ""crop"", ""fraction"": 0.1, ""id"": ""crop_10""}",0.5,0.5,0.0008281475747935474,0.018824400380253792,0,0000101100000110,0000010111110101,NA,NA,NA,NA,NA,NA,NA,NA,NA,NA: Contiguous crop changes length and may shift time origin,2.6414375,42263,0.53485107421875,0.0,0.0,NA,0.28494198340922594,46.67964798863977,ok,,"{""alignment_reason"": ""Contiguous crop changes length and may shift time origin"", ""clipping_fraction"": 0.0, ""crop_end_sample"": 45703, ""crop_start_sample"": 3440, ""duration_seconds"": 2.6414375, ""family"": ""crop"", ""fraction"": 0.1, ""id"": ""crop_10"", ""input_samples"": 46959, ""output_peak"": 0.53485107421875, ""output_samples"": 42263, ""pre_limiter_peak"": 0.53485107421875, ""removed_fraction_actual"": 0.10000212951723841, ""sample_aligned"": false, ""sample_rate"": 16000, ""seed"": 11452598906838653320}",51ba190ed0a094f62931e80d136aedbba7233594cd870595698f7dc4b780ec44
20260905T233538.930635Z,b4f3de4a4f74b8742b201c9e0941cfe5166082fc,0ea442119cfa4d9f99e7b3b3ca6f55ddcdc1e56bc504ecce6b0481de96d1a73b,85a65f1f57cd5918e3529a1210a45ad78cb20cab8a6db637589aecc38e333336,15cd64de2c8ddb012c7001ab2b9d14b9009c3f6c85d26ac718ef884459e419c7,61-70968-0036,61,test-clean,2.9349375,20260905,positive,1,crop_25,crop,"{""family"": ""crop"", ""fraction"": 0.25, ""id"": ""crop_25""}",0.5,0.5,0.8929271101951599,0.8462790250778198,1,0000101100000110,0010000110101000,8,0.5,0.5,0,25.081267210150465,0.9992312558468469,NA,NA,NA,NA: Contiguous crop changes length and may shift time origin,2.2011875,35219,0.5236336588859558,0.0,0.0,767.6136910449713,0.2879879903048277,44.13990105967969,ok,,"{""alignment_reason"": ""Contiguous crop changes length and may shift time origin"", ""clipping_fraction"": 0.0, ""crop_end_sample"": 42492, ""crop_start_sample"": 7273, ""duration_seconds"": 2.2011875, ""family"": ""crop"", ""fraction"": 0.25, ""id"": ""crop_25"", ""input_samples"": 46959, ""output_peak"": 0.5236336588859558, ""output_samples"": 35219, ""pre_limiter_peak"": 0.5236336588859558, ""removed_fraction_actual"": 0.25000532379309615, ""sample_aligned"": false, ""sample_rate"": 16000, ""seed"": 4750650705704413817}",6cb2a5faae95a00897c91ed6446eac5a5067a38bf3269501aa30c892b4bede3d
20260905T233538.930635Z,b4f3de4a4f74b8742b201c9e0941cfe5166082fc,0ea442119cfa4d9f99e7b3b3ca6f55ddcdc1e56bc504ecce6b0481de96d1a73b,85a65f1f57cd5918e3529a1210a45ad78cb20cab8a6db637589aecc38e333336,15cd64de2c8ddb012c7001ab2b9d14b9009c3f6c85d26ac718ef884459e419c7,61-70968-0036,61,test-clean,2.9349375,20260905,negative,0,crop_25,crop,"{""family"": ""crop"", ""fraction"": 0.25, ""id"": ""crop_25""}",0.5,0.5,0.0,0.0003555761941242963,0,0000101100000110,0110111110100100,NA,NA,NA,NA,NA,NA,NA,NA,NA,NA: Contiguous crop changes length and may shift time origin,2.2011875,35219,0.517578125,0.0,0.0,NA,0.2601350424811244,37.777425022795796,ok,,"{""alignment_reason"": ""Contiguous crop changes length and may shift time origin"", ""clipping_fraction"": 0.0, ""crop_end_sample"": 42492, ""crop_start_sample"": 7273, ""duration_seconds"": 2.2011875, ""family"": ""crop"", ""fraction"": 0.25, ""id"": ""crop_25"", ""input_samples"": 46959, ""output_peak"": 0.517578125, ""output_samples"": 35219, ""pre_limiter_peak"": 0.517578125, ""removed_fraction_actual"": 0.25000532379309615, ""sample_aligned"": false, ""sample_rate"": 16000, ""seed"": 4750650705704413817}",a5204de627b50688e8ab7275b0e0cc8bbccdf19c03af5c38223a29a165f92826
20260905T233538.930635Z,b4f3de4a4f74b8742b201c9e0941cfe5166082fc,0ea442119cfa4d9f99e7b3b3ca6f55ddcdc1e56bc504ecce6b0481de96d1a73b,85a65f1f57cd5918e3529a1210a45ad78cb20cab8a6db637589aecc38e333336,15cd64de2c8ddb012c7001ab2b9d14b9009c3f6c85d26ac718ef884459e419c7,1221-135767-0015,1221,test-clean,2.85,20260905,positive,1,clean,clean,"{""family"": ""clean"", ""id"": ""clean""}",0.5,0.5,1.0,0.9999836087226868,1,0110010001110111,0110010001110111,0,1.0,0.0,1,26.576051401659452,0.9936776330785145,0.9936776330785145,NA,26.576051401659452,aligned_to_original,2.85,45600,0.43144142627716064,0.0,0.0,711.1895940033719,0.3088880330324173,57.74488998576999,ok,,"{""clipping_fraction"": 0.0, ""duration_seconds"": 2.85, ""family"": ""clean"", ""id"": ""clean"", ""input_samples"": 45600, ""output_peak"": 0.43144142627716064, ""output_samples"": 45600, ""pre_limiter_peak"": 0.43144142627716064, ""sample_aligned"": true, ""sample_rate"": 16000, ""seed"": 1118795261682416729}",9236357f3ed5d0e3fd69a82450ace04d1fc23e7ca57af4287838ab86998b9b78
20260905T233538.930635Z,b4f3de4a4f74b8742b201c9e0941cfe5166082fc,0ea442119cfa4d9f99e7b3b3ca6f55ddcdc1e56bc504ecce6b0481de96d1a73b,85a65f1f57cd5918e3529a1210a45ad78cb20cab8a6db637589aecc38e333336,15cd64de2c8ddb012c7001ab2b9d14b9009c3f6c85d26ac718ef884459e419c7,1221-135767-0015,1221,test-clean,2.85,20260905,negative,0,clean,clean,"{""family"": ""clean"", ""id"": ""clean""}",0.5,0.5,0.0,0.004166938830167055,0,0110010001110111,0101111100110101,NA,NA,NA,NA,NA,NA,0.9999999999999992,NA,inf,aligned_to_original,2.85,45600,0.432220458984375,0.0,0.0,NA,0.2660270547494292,50.795154995284975,ok,,"{""clipping_fraction"": 0.0, ""duration_seconds"": 2.85, ""family"": ""clean"", ""id"": ""clean"", ""input_samples"": 45600, ""output_peak"": 0.432220458984375, ""output_samples"": 45600, ""pre_limiter_peak"": 0.432220458984375, ""sample_aligned"": true, ""sample_rate"": 16000, ""seed"": 1118795261682416729}",c70692cf07651d15b5eefa697b6706e2a69bb3ad0250bf1b4b14122f7aa31b65
20260905T233538.930635Z,b4f3de4a4f74b8742b201c9e0941cfe5166082fc,0ea442119cfa4d9f99e7b3b3ca6f55ddcdc1e56bc504ecce6b0481de96d1a73b,85a65f1f57cd5918e3529a1210a45ad78cb20cab8a6db637589aecc38e333336,15cd64de2c8ddb012c7001ab2b9d14b9009c3f6c85d26ac718ef884459e419c7,1221-135767-0015,1221,test-clean,2.85,20260905,positive,1,mp3_128,mp3,"{""bitrate_kbps"": 128, ""family"": ""mp3"", ""id"": ""mp3_128""}",0.5,0.5,1.0,0.9999839067459106,1,0110010001110111,0110010001110111,0,1.0,0.0,1,26.576051401659452,0.9936776330785145,NA,NA,NA,NA: MP3 codec delay/alignment not independently verified,2.85,45600,0.36459293961524963,0.0,0.0,711.1895940033719,15.829987009055912,51.84498499147594,ok,,"{""alignment_reason"": ""MP3 codec delay/alignment not independently verified"", ""bitrate_kbps"": 128, ""clipping_fraction"": 0.0, ""codec"": ""libmp3lame"", ""duration_seconds"": 2.85, ""family"": ""mp3"", ""id"": ""mp3_128"", ""input_samples"": 45600, ""output_peak"": 0.36459293961524963, ""output_samples"": 45600, ""pre_limiter_peak"": 0.36459293961524963, ""sample_aligned"": false, ""sample_rate"": 16000, ""seed"": 1203487259771211461}",5a8c18b9f6c524177ad8eedd45cd0a4dbe99e98328139338c598384d5357ab6c
20260905T233538.930635Z,b4f3de4a4f74b8742b201c9e0941cfe5166082fc,0ea442119cfa4d9f99e7b3b3ca6f55ddcdc1e56bc504ecce6b0481de96d1a73b,85a65f1f57cd5918e3529a1210a45ad78cb20cab8a6db637589aecc38e333336,15cd64de2c8ddb012c7001ab2b9d14b9009c3f6c85d26ac718ef884459e419c7,1221-135767-0015,1221,test-clean,2.85,20260905,negative,0,mp3_128,mp3,"{""bitrate_kbps"": 128, ""family"": ""mp3"", ""id"": ""mp3_128""}",0.5,0.5,0.0,0.0052235862240195274,0,0110010001110111,0101111100110101,NA,NA,NA,NA,NA,NA,NA,NA,NA,NA: MP3 codec delay/alignment not independently verified,2.85,45600,0.36358344554901123,0.0,0.0,NA,16.009859973564744,59.469164931215346,ok,,"{""alignment_reason"": ""MP3 codec delay/alignment not independently verified"", ""bitrate_kbps"": 128, ""clipping_fraction"": 0.0, ""codec"": ""libmp3lame"", ""duration_seconds"": 2.85, ""family"": ""mp3"", ""id"": ""mp3_128"", ""input_samples"": 45600, ""output_peak"": 0.36358344554901123, ""output_samples"": 45600, ""pre_limiter_peak"": 0.36358344554901123, ""sample_aligned"": false, ""sample_rate"": 16000, ""seed"": 1203487259771211461}",00ac9f54d7252141a16e13a5296fe58be369a69ada78afd696892a5768acce86
20260905T233538.930635Z,b4f3de4a4f74b8742b201c9e0941cfe5166082fc,0ea442119cfa4d9f99e7b3b3ca6f55ddcdc1e56bc504ecce6b0481de96d1a73b,85a65f1f57cd5918e3529a1210a45ad78cb20cab8a6db637589aecc38e333336,15cd64de2c8ddb012c7001ab2b9d14b9009c3f6c85d26ac718ef884459e419c7,1221-135767-0015,1221,test-clean,2.85,20260905,positive,1,mp3_64,mp3,"{""bitrate_kbps"": 64, ""family"": ""mp3"", ""id"": ""mp3_64""}",0.5,0.5,1.0,0.9999827146530151,1,0110010001110111,0110010001110111,0,1.0,0.0,1,26.576051401659452,0.9936776330785145,NA,NA,NA,NA: MP3 codec delay/alignment not independently verified,2.85,45600,0.3503187298774719,0.0,0.0,711.1895940033719,13.77493399195373,53.36197395808995,ok,,"{""alignment_reason"": ""MP3 codec delay/alignment not independently verified"", ""bitrate_kbps"": 64, ""clipping_fraction"": 0.0, ""codec"": ""libmp3lame"", ""duration_seconds"": 2.85, ""family"": ""mp3"", ""id"": ""mp3_64"", ""input_samples"": 45600, ""output_peak"": 0.3503187298774719, ""output_samples"": 45600, ""pre_limiter_peak"": 0.3503187298774719, ""sample_aligned"": false, ""sample_rate"": 16000, ""seed"": 11640969572686928227}",798d540d3d4059356270e7b1fb6b07a9af3c6b602008f45ef3a6923bc14e2eb9
20260905T233538.930635Z,b4f3de4a4f74b8742b201c9e0941cfe5166082fc,0ea442119cfa4d9f99e7b3b3ca6f55ddcdc1e56bc504ecce6b0481de96d1a73b,85a65f1f57cd5918e3529a1210a45ad78cb20cab8a6db637589aecc38e333336,15cd64de2c8ddb012c7001ab2b9d14b9009c3f6c85d26ac718ef884459e419c7,1221-135767-0015,1221,test-clean,2.85,20260905,negative,0,mp3_64,mp3,"{""bitrate_kbps"": 64, ""family"": ""mp3"", ""id"": ""mp3_64""}",0.5,0.5,0.0,0.0029935650527477264,0,0110010001110111,1111111110110101,NA,NA,NA,NA,NA,NA,NA,NA,NA,NA: MP3 codec delay/alignment not independently verified,2.85,45600,0.35303795337677,0.0,0.0,NA,15.091540990397334,49.92506897542626,ok,,"{""alignment_reason"": ""MP3 codec delay/alignment not independently verified"", ""bitrate_kbps"": 64, ""clipping_fraction"": 0.0, ""codec"": ""libmp3lame"", ""duration_seconds"": 2.85, ""family"": ""mp3"", ""id"": ""mp3_64"", ""input_samples"": 45600, ""output_peak"": 0.35303795337677, ""output_samples"": 45600, ""pre_limiter_peak"": 0.35303795337677, ""sample_aligned"": false, ""sample_rate"": 16000, ""seed"": 11640969572686928227}",ebeb52cc2ac3ce8bd8c3325fefef2e5d967aa302e2315eea22c57f8fb121764c
20260905T233538.930635Z,b4f3de4a4f74b8742b201c9e0941cfe5166082fc,0ea442119cfa4d9f99e7b3b3ca6f55ddcdc1e56bc504ecce6b0481de96d1a73b,85a65f1f57cd5918e3529a1210a45ad78cb20cab8a6db637589aecc38e333336,15cd64de2c8ddb012c7001ab2b9d14b9009c3f6c85d26ac718ef884459e419c7,1221-135767-0015,1221,test-clean,2.85,20260905,positive,1,noise_30,noise,"{""family"": ""noise"", ""id"": ""noise_30"", ""snr_db"": 30}",0.5,0.5,1.0,0.9997053146362305,1,0110010001110111,0110010001110111,0,1.0,0.0,1,26.576051401659452,0.9936776330785145,0.975244044755152,NA,24.947266465138366,aligned_to_original,2.85,45600,0.4300770163536072,0.0,0.0,711.1895940033719,1.1385990073904395,49.4886280503124,ok,,"{""clipping_fraction"": 0.0, ""duration_seconds"": 2.85, ""family"": ""noise"", ""id"": ""noise_30"", ""input_samples"": 45600, ""noise_snr_db"": 30.0000000110387, ""noise_snr_db_pre_clipping"": 30.0, ""output_peak"": 0.4300770163536072, ""output_samples"": 45600, ""pre_limiter_peak"": 0.4300770209555467, ""sample_aligned"": true, ""sample_rate"": 16000, ""seed"": 3541900931632377554, ""snr_db"": 30}",ff6c21ca0168b993b3f86c41aa3fa7178ac047c0a0ace4f6fc90ffb76fe64cfb
20260905T233538.930635Z,b4f3de4a4f74b8742b201c9e0941cfe5166082fc,0ea442119cfa4d9f99e7b3b3ca6f55ddcdc1e56bc504ecce6b0481de96d1a73b,85a65f1f57cd5918e3529a1210a45ad78cb20cab8a6db637589aecc38e333336,15cd64de2c8ddb012c7001ab2b9d14b9009c3f6c85d26ac718ef884459e419c7,1221-135767-0015,1221,test-clean,2.85,20260905,negative,0,noise_30,noise,"{""family"": ""noise"", ""id"": ""noise_30"", ""snr_db"": 30}",0.5,0.5,0.0004385965003166348,0.012224962934851646,0,0110010001110111,0101111101110101,NA,NA,NA,NA,NA,NA,0.9808401586142864,NA,30.000000020846645,aligned_to_original,2.85,45600,0.4308536946773529,0.0,0.0,NA,1.058705965988338,49.35303900856525,ok,,"{""clipping_fraction"": 0.0, ""duration_seconds"": 2.85, ""family"": ""noise"", ""id"": ""noise_30"", ""input_samples"": 45600, ""noise_snr_db"": 30.000000020846645, ""noise_snr_db_pre_clipping"": 30.0, ""output_peak"": 0.4308536946773529, ""output_samples"": 45600, ""pre_limiter_peak"": 0.43085368674701424, ""sample_aligned"": true, ""sample_rate"": 16000, ""seed"": 3541900931632377554, ""snr_db"": 30}",0c94a6101009111a58e1125d14f8fa58e626813d36f17b6f61cd5e1d386fec57
20260905T233538.930635Z,b4f3de4a4f74b8742b201c9e0941cfe5166082fc,0ea442119cfa4d9f99e7b3b3ca6f55ddcdc1e56bc504ecce6b0481de96d1a73b,85a65f1f57cd5918e3529a1210a45ad78cb20cab8a6db637589aecc38e333336,15cd64de2c8ddb012c7001ab2b9d14b9009c3f6c85d26ac718ef884459e419c7,1221-135767-0015,1221,test-clean,2.85,20260905,positive,1,noise_20,noise,"{""family"": ""noise"", ""id"": ""noise_20"", ""snr_db"": 20}",0.5,0.5,0.3226315677165985,0.33589231967926025,0,0110010001110111,0110011001110111,1,0.9375,0.0625,0,26.576051401659452,0.9936776330785145,0.9198610124954435,NA,19.15129774047743,aligned_to_original,2.85,45600,0.4292229413986206,0.0,0.0,711.1895940033719,1.0435970034450293,49.318533041514456,ok,,"{""clipping_fraction"": 0.0, ""duration_seconds"": 2.85, ""family"": ""noise"", ""id"": ""noise_20"", ""input_samples"": 45600, ""noise_snr_db"": 20.0000000091321, ""noise_snr_db_pre_clipping"": 20.0, ""output_peak"": 0.4292229413986206, ""output_samples"": 45600, ""pre_limiter_peak"": 0.429222932141676, ""sample_aligned"": true, ""sample_rate"": 16000, ""seed"": 17321819271794695444, ""snr_db"": 20}",da2054426a1403396d698e97c758bbe2f1c94ca3a8f38f48c2d3d1234fad61ae
20260905T233538.930635Z,b4f3de4a4f74b8742b201c9e0941cfe5166082fc,0ea442119cfa4d9f99e7b3b3ca6f55ddcdc1e56bc504ecce6b0481de96d1a73b,85a65f1f57cd5918e3529a1210a45ad78cb20cab8a6db637589aecc38e333336,15cd64de2c8ddb012c7001ab2b9d14b9009c3f6c85d26ac718ef884459e419c7,1221-135767-0015,1221,test-clean,2.85,20260905,negative,0,noise_20,noise,"{""family"": ""noise"", ""id"": ""noise_20"", ""snr_db"": 20}",0.5,0.5,0.0,0.0070666964165866375,0,0110010001110111,0101111111110101,NA,NA,NA,NA,NA,NA,0.9247437208227657,NA,19.999999995655216,aligned_to_original,2.85,45600,0.42999812960624695,0.0,0.0,NA,1.0976409539580345,49.497494008392096,ok,,"{""clipping_fraction"": 0.0, ""duration_seconds"": 2.85, ""family"": ""noise"", ""id"": ""noise_20"", ""input_samples"": 45600, ""noise_snr_db"": 19.999999995655216, ""noise_snr_db_pre_clipping"": 20.0, ""output_peak"": 0.42999812960624695, ""output_samples"": 45600, ""pre_limiter_peak"": 0.42999811629405105, ""sample_aligned"": true, ""sample_rate"": 16000, ""seed"": 17321819271794695444, ""snr_db"": 20}",b505a23235ace6a1d280b6b7c1aa0a4d4afb476ed385e36b2a1c04424f8c39f3
20260905T233538.930635Z,b4f3de4a4f74b8742b201c9e0941cfe5166082fc,0ea442119cfa4d9f99e7b3b3ca6f55ddcdc1e56bc504ecce6b0481de96d1a73b,85a65f1f57cd5918e3529a1210a45ad78cb20cab8a6db637589aecc38e333336,15cd64de2c8ddb012c7001ab2b9d14b9009c3f6c85d26ac718ef884459e419c7,1221-135767-0015,1221,test-clean,2.85,20260905,positive,1,resample_12000,resample,"{""family"": ""resample"", ""id"": ""resample_12000"", ""intermediate_sr"": 12000}",0.5,0.5,1.0,0.9999846816062927,1,0110010001110111,0110010001110111,0,1.0,0.0,1,26.576051401659452,0.9936776330785145,0.9936767788164276,NA,5.485822228273884,aligned_to_original,2.85,45600,0.3052159547805786,0.0,0.0,711.1895940033719,1.656044041737914,49.234984908252954,ok,,"{""clipping_fraction"": 0.0, ""duration_seconds"": 2.85, ""family"": ""resample"", ""id"": ""resample_12000"", ""input_samples"": 45600, ""intermediate_sr"": 12000, ""output_peak"": 0.3052159547805786, ""output_samples"": 45600, ""pre_limiter_peak"": 0.3052159547805786, ""resampler"": ""scipy.signal.resample_poly"", ""resampler_window"": [""kaiser"", 5.0], ""sample_aligned"": true, ""sample_rate"": 16000, ""seed"": 16407237550538879288}",2beaa9e2ce224205869b54f338082e10c1d98930236aa952e5f2f4584c78d2b8
20260905T233538.930635Z,b4f3de4a4f74b8742b201c9e0941cfe5166082fc,0ea442119cfa4d9f99e7b3b3ca6f55ddcdc1e56bc504ecce6b0481de96d1a73b,85a65f1f57cd5918e3529a1210a45ad78cb20cab8a6db637589aecc38e333336,15cd64de2c8ddb012c7001ab2b9d14b9009c3f6c85d26ac718ef884459e419c7,1221-135767-0015,1221,test-clean,2.85,20260905,negative,0,resample_12000,resample,"{""family"": ""resample"", ""id"": ""resample_12000"", ""intermediate_sr"": 12000}",0.5,0.5,0.0,0.007606349885463715,0,0110010001110111,0101111100110101,NA,NA,NA,NA,NA,NA,0.9999995943823741,NA,5.5197334377860745,aligned_to_original,2.85,45600,0.31390777230262756,0.0,0.0,NA,1.6238130629062653,49.28121296688914,ok,,"{""clipping_fraction"": 0.0, ""duration_seconds"": 2.85, ""family"": ""resample"", ""id"": ""resample_12000"", ""input_samples"": 45600, ""intermediate_sr"": 12000, ""output_peak"": 0.31390777230262756, ""output_samples"": 45600, ""pre_limiter_peak"": 0.31390777230262756, ""resampler"": ""scipy.signal.resample_poly"", ""resampler_window"": [""kaiser"", 5.0], ""sample_aligned"": true, ""sample_rate"": 16000, ""seed"": 16407237550538879288}",9278e41062c9063523177723c56b774904661d790f5d47d6f57e0e2e16e4cf08
20260905T233538.930635Z,b4f3de4a4f74b8742b201c9e0941cfe5166082fc,0ea442119cfa4d9f99e7b3b3ca6f55ddcdc1e56bc504ecce6b0481de96d1a73b,85a65f1f57cd5918e3529a1210a45ad78cb20cab8a6db637589aecc38e333336,15cd64de2c8ddb012c7001ab2b9d14b9009c3f6c85d26ac718ef884459e419c7,1221-135767-0015,1221,test-clean,2.85,20260905,positive,1,resample_8000,resample,"{""family"": ""resample"", ""id"": ""resample_8000"", ""intermediate_sr"": 8000}",0.5,0.5,1.0,0.9999852776527405,1,0110010001110111,0110010001110111,0,1.0,0.0,1,26.576051401659452,0.9936776330785145,0.9920070484616044,NA,4.537820535752703,aligned_to_original,2.85,45600,0.30276647210121155,0.0,0.0,711.1895940033719,1.6292129876092076,49.65642699971795,ok,,"{""clipping_fraction"": 0.0, ""duration_seconds"": 2.85, ""family"": ""resample"", ""id"": ""resample_8000"", ""input_samples"": 45600, ""intermediate_sr"": 8000, ""output_peak"": 0.30276647210121155, ""output_samples"": 45600, ""pre_limiter_peak"": 0.30276647210121155, ""resampler"": ""scipy.signal.resample_poly"", ""resampler_window"": [""kaiser"", 5.0], ""sample_aligned"": true, ""sample_rate"": 16000, ""seed"": 3865283490771988770}",f28fd762b9774035ff6fc044cc2e7edacddd6b4792d003d43bbad190ceae65a8
20260905T233538.930635Z,b4f3de4a4f74b8742b201c9e0941cfe5166082fc,0ea442119cfa4d9f99e7b3b3ca6f55ddcdc1e56bc504ecce6b0481de96d1a73b,85a65f1f57cd5918e3529a1210a45ad78cb20cab8a6db637589aecc38e333336,15cd64de2c8ddb012c7001ab2b9d14b9009c3f6c85d26ac718ef884459e419c7,1221-135767-0015,1221,test-clean,2.85,20260905,negative,0,resample_8000,resample,"{""family"": ""resample"", ""id"": ""resample_8000"", ""intermediate_sr"": 8000}",0.5,0.5,0.0,0.0060050212778151035,0,0110010001110111,0101111100110101,NA,NA,NA,NA,NA,NA,0.9983049971894205,NA,4.565039369932523,aligned_to_original,2.85,45600,0.31148281693458557,0.0,0.0,NA,1.6479580663144588,49.610188929364085,ok,,"{""clipping_fraction"": 0.0, ""duration_seconds"": 2.85, ""family"": ""resample"", ""id"": ""resample_8000"", ""input_samples"": 45600, ""intermediate_sr"": 8000, ""output_peak"": 0.31148281693458557, ""output_samples"": 45600, ""pre_limiter_peak"": 0.31148281693458557, ""resampler"": ""scipy.signal.resample_poly"", ""resampler_window"": [""kaiser"", 5.0], ""sample_aligned"": true, ""sample_rate"": 16000, ""seed"": 3865283490771988770}",884996c31ac2bf8950294608f592fad14fa4365ad0b2f2d46fa2a778a84a379d
20260905T233538.930635Z,b4f3de4a4f74b8742b201c9e0941cfe5166082fc,0ea442119cfa4d9f99e7b3b3ca6f55ddcdc1e56bc504ecce6b0481de96d1a73b,85a65f1f57cd5918e3529a1210a45ad78cb20cab8a6db637589aecc38e333336,15cd64de2c8ddb012c7001ab2b9d14b9009c3f6c85d26ac718ef884459e419c7,1221-135767-0015,1221,test-clean,2.85,20260905,positive,1,pitch_minus2,pitch,"{""family"": ""pitch"", ""id"": ""pitch_minus2"", ""semitones"": -2}",0.5,0.5,0.0,0.0005458825035020709,0,0110010001110111,1110111110110101,7,0.5625,0.4375,0,26.576051401659452,0.9936776330785145,NA,NA,NA,NA: Pitch shifting changes sample phase and content,2.85,45600,0.21644802391529083,0.0,0.0,711.1895940033719,10.943050030618906,49.12041604984552,ok,,"{""alignment_reason"": ""Pitch shifting changes sample phase and content"", ""clipping_fraction"": 0.0, ""duration_seconds"": 2.85, ""family"": ""pitch"", ""hop_length"": 512, ""id"": ""pitch_minus2"", ""implementation"": ""librosa"", ""input_samples"": 45600, ""n_fft"": 2048, ""output_peak"": 0.21644802391529083, ""output_samples"": 45600, ""pre_limiter_peak"": 0.21644802391529083, ""res_type"": ""soxr_hq"", ""sample_aligned"": false, ""sample_rate"": 16000, ""seed"": 14843545066393563101, ""semitones"": -2}",ec895da672b57debf66858a888bfa904623a3c0d8a752eb2f834d3786e97f8d7
20260905T233538.930635Z,b4f3de4a4f74b8742b201c9e0941cfe5166082fc,0ea442119cfa4d9f99e7b3b3ca6f55ddcdc1e56bc504ecce6b0481de96d1a73b,85a65f1f57cd5918e3529a1210a45ad78cb20cab8a6db637589aecc38e333336,15cd64de2c8ddb012c7001ab2b9d14b9009c3f6c85d26ac718ef884459e419c7,1221-135767-0015,1221,test-clean,2.85,20260905,negative,0,pitch_minus2,pitch,"{""family"": ""pitch"", ""id"": ""pitch_minus2"", ""semitones"": -2}",0.5,0.5,0.0,0.00039985228795558214,0,0110010001110111,1111111110110101,NA,NA,NA,NA,NA,NA,NA,NA,NA,NA: Pitch shifting changes sample phase and content,2.85,45600,0.21836914122104645,0.0,0.0,NA,11.137931025587022,49.47559302672744,ok,,"{""alignment_reason"": ""Pitch shifting changes sample phase and content"", ""clipping_fraction"": 0.0, ""duration_seconds"": 2.85, ""family"": ""pitch"", ""hop_length"": 512, ""id"": ""pitch_minus2"", ""implementation"": ""librosa"", ""input_samples"": 45600, ""n_fft"": 2048, ""output_peak"": 0.21836914122104645, ""output_samples"": 45600, ""pre_limiter_peak"": 0.21836914122104645, ""res_type"": ""soxr_hq"", ""sample_aligned"": false, ""sample_rate"": 16000, ""seed"": 14843545066393563101, ""semitones"": -2}",de3607ed8464a0649c993490cfb6890e6681079e7cec4cabebf14d06310efb20
20260905T233538.930635Z,b4f3de4a4f74b8742b201c9e0941cfe5166082fc,0ea442119cfa4d9f99e7b3b3ca6f55ddcdc1e56bc504ecce6b0481de96d1a73b,85a65f1f57cd5918e3529a1210a45ad78cb20cab8a6db637589aecc38e333336,15cd64de2c8ddb012c7001ab2b9d14b9009c3f6c85d26ac718ef884459e419c7,1221-135767-0015,1221,test-clean,2.85,20260905,positive,1,pitch_plus2,pitch,"{""family"": ""pitch"", ""id"": ""pitch_plus2"", ""semitones"": 2}",0.5,0.5,0.0,0.0007792680989950895,0,0110010001110111,0101110100110100,7,0.5625,0.4375,0,26.576051401659452,0.9936776330785145,NA,NA,NA,NA: Pitch shifting changes sample phase and content,2.85,45600,0.22041752934455872,0.0,0.0,711.1895940033719,12.718140962533653,49.20154996216297,ok,,"{""alignment_reason"": ""Pitch shifting changes sample phase and content"", ""clipping_fraction"": 0.0, ""duration_seconds"": 2.85, ""family"": ""pitch"", ""hop_length"": 512, ""id"": ""pitch_plus2"", ""implementation"": ""librosa"", ""input_samples"": 45600, ""n_fft"": 2048, ""output_peak"": 0.22041752934455872, ""output_samples"": 45600, ""pre_limiter_peak"": 0.22041752934455872, ""res_type"": ""soxr_hq"", ""sample_aligned"": false, ""sample_rate"": 16000, ""seed"": 10977266333298456110, ""semitones"": 2}",0cbbe2546e779c0cff6e836d002b5992812b8da2ac1f82d30afdba9069d1aff7
20260905T233538.930635Z,b4f3de4a4f74b8742b201c9e0941cfe5166082fc,0ea442119cfa4d9f99e7b3b3ca6f55ddcdc1e56bc504ecce6b0481de96d1a73b,85a65f1f57cd5918e3529a1210a45ad78cb20cab8a6db637589aecc38e333336,15cd64de2c8ddb012c7001ab2b9d14b9009c3f6c85d26ac718ef884459e419c7,1221-135767-0015,1221,test-clean,2.85,20260905,negative,0,pitch_plus2,pitch,"{""family"": ""pitch"", ""id"": ""pitch_plus2"", ""semitones"": 2}",0.5,0.5,0.0,0.0007230175542645156,0,0110010001110111,0111110110110100,NA,NA,NA,NA,NA,NA,NA,NA,NA,NA: Pitch shifting changes sample phase and content,2.85,45600,0.21432219445705414,0.0,0.0,NA,12.826455989852548,49.69126300420612,ok,,"{""alignment_reason"": ""Pitch shifting changes sample phase and content"", ""clipping_fraction"": 0.0, ""duration_seconds"": 2.85, ""family"": ""pitch"", ""hop_length"": 512, ""id"": ""pitch_plus2"", ""implementation"": ""librosa"", ""input_samples"": 45600, ""n_fft"": 2048, ""output_peak"": 0.21432219445705414, ""output_samples"": 45600, ""pre_limiter_peak"": 0.21432219445705414, ""res_type"": ""soxr_hq"", ""sample_aligned"": false, ""sample_rate"": 16000, ""seed"": 10977266333298456110, ""semitones"": 2}",f7494ac62624f78a7aa093a1f5a151674c85c57e53d25bc831f4f29d5441ec9e
20260905T233538.930635Z,b4f3de4a4f74b8742b201c9e0941cfe5166082fc,0ea442119cfa4d9f99e7b3b3ca6f55ddcdc1e56bc504ecce6b0481de96d1a73b,85a65f1f57cd5918e3529a1210a45ad78cb20cab8a6db637589aecc38e333336,15cd64de2c8ddb012c7001ab2b9d14b9009c3f6c85d26ac718ef884459e419c7,1221-135767-0015,1221,test-clean,2.85,20260905,positive,1,stretch_09,stretch,"{""family"": ""stretch"", ""id"": ""stretch_09"", ""rate"": 0.9}",0.5,0.5,0.3779185712337494,0.41150689125061035,0,0110010001110111,0110011001110111,1,0.9375,0.0625,0,26.576051401659452,0.9936776330785145,NA,NA,NA,NA: Time stretching changes the temporal coordinate,3.1666875,50667,0.28936466574668884,0.0,0.0,711.1895940033719,11.884703999385238,60.46884891111404,ok,,"{""alignment_reason"": ""Time stretching changes the temporal coordinate"", ""clipping_fraction"": 0.0, ""duration_seconds"": 3.1666875, ""family"": ""stretch"", ""hop_length"": 512, ""id"": ""stretch_09"", ""implementation"": ""librosa"", ""input_samples"": 45600, ""n_fft"": 2048, ""output_peak"": 0.28936466574668884, ""output_samples"": 50667, ""pre_limiter_peak"": 0.28936466574668884, ""rate"": 0.9, ""sample_aligned"": false, ""sample_rate"": 16000, ""seed"": 8318683340204577374}",966f91597b39a31242835a99ab905d8d6ad84de8e9d6b38694b73f9d86bea76f
20260905T233538.930635Z,b4f3de4a4f74b8742b201c9e0941cfe5166082fc,0ea442119cfa4d9f99e7b3b3ca6f55ddcdc1e56bc504ecce6b0481de96d1a73b,85a65f1f57cd5918e3529a1210a45ad78cb20cab8a6db637589aecc38e333336,15cd64de2c8ddb012c7001ab2b9d14b9009c3f6c85d26ac718ef884459e419c7,1221-135767-0015,1221,test-clean,2.85,20260905,negative,0,stretch_09,stretch,"{""family"": ""stretch"", ""id"": ""stretch_09"", ""rate"": 0.9}",0.5,0.5,0.0,0.0015473866369575262,0,0110010001110111,0111111100100101,NA,NA,NA,NA,NA,NA,NA,NA,NA,NA: Time stretching changes the temporal coordinate,3.1666875,50667,0.2797400653362274,0.0,0.0,NA,11.619707918725908,54.094749968498945,ok,,"{""alignment_reason"": ""Time stretching changes the temporal coordinate"", ""clipping_fraction"": 0.0, ""duration_seconds"": 3.1666875, ""family"": ""stretch"", ""hop_length"": 512, ""id"": ""stretch_09"", ""implementation"": ""librosa"", ""input_samples"": 45600, ""n_fft"": 2048, ""output_peak"": 0.2797400653362274, ""output_samples"": 50667, ""pre_limiter_peak"": 0.2797400653362274, ""rate"": 0.9, ""sample_aligned"": false, ""sample_rate"": 16000, ""seed"": 8318683340204577374}",0eb5d2a29d6a1d77370974e9d58b9afe027d7484f7adb310aa1b870dd955e200
20260905T233538.930635Z,b4f3de4a4f74b8742b201c9e0941cfe5166082fc,0ea442119cfa4d9f99e7b3b3ca6f55ddcdc1e56bc504ecce6b0481de96d1a73b,85a65f1f57cd5918e3529a1210a45ad78cb20cab8a6db637589aecc38e333336,15cd64de2c8ddb012c7001ab2b9d14b9009c3f6c85d26ac718ef884459e419c7,1221-135767-0015,1221,test-clean,2.85,20260905,positive,1,stretch_11,stretch,"{""family"": ""stretch"", ""id"": ""stretch_11"", ""rate"": 1.1}",0.5,0.5,0.6321070790290833,0.6381861567497253,1,0110010001110111,0110010001110111,0,1.0,0.0,1,26.576051401659452,0.9936776330785145,NA,NA,NA,NA: Time stretching changes the temporal coordinate,2.5909375,41455,0.2293134331703186,0.0,0.0,711.1895940033719,10.160870966501534,49.670633976347744,ok,,"{""alignment_reason"": ""Time stretching changes the temporal coordinate"", ""clipping_fraction"": 0.0, ""duration_seconds"": 2.5909375, ""family"": ""stretch"", ""hop_length"": 512, ""id"": ""stretch_11"", ""implementation"": ""librosa"", ""input_samples"": 45600, ""n_fft"": 2048, ""output_peak"": 0.2293134331703186, ""output_samples"": 41455, ""pre_limiter_peak"": 0.2293134331703186, ""rate"": 1.1, ""sample_aligned"": false, ""sample_rate"": 16000, ""seed"": 12501629754102492132}",3305ea827e8f5b983c8a7820d87f0601e39f5b0935f6a9f97db66548815048ef
20260905T233538.930635Z,b4f3de4a4f74b8742b201c9e0941cfe5166082fc,0ea442119cfa4d9f99e7b3b3ca6f55ddcdc1e56bc504ecce6b0481de96d1a73b,85a65f1f57cd5918e3529a1210a45ad78cb20cab8a6db637589aecc38e333336,15cd64de2c8ddb012c7001ab2b9d14b9009c3f6c85d26ac718ef884459e419c7,1221-135767-0015,1221,test-clean,2.85,20260905,negative,0,stretch_11,stretch,"{""family"": ""stretch"", ""id"": ""stretch_11"", ""rate"": 1.1}",0.5,0.5,0.0,0.00044925525435246527,0,0110010001110111,0100110110100100,NA,NA,NA,NA,NA,NA,NA,NA,NA,NA: Time stretching changes the temporal coordinate,2.5909375,41455,0.2297259122133255,0.0,0.0,NA,9.967030957341194,43.4969860361889,ok,,"{""alignment_reason"": ""Time stretching changes the temporal coordinate"", ""clipping_fraction"": 0.0, ""duration_seconds"": 2.5909375, ""family"": ""stretch"", ""hop_length"": 512, ""id"": ""stretch_11"", ""implementation"": ""librosa"", ""input_samples"": 45600, ""n_fft"": 2048, ""output_peak"": 0.2297259122133255, ""output_samples"": 41455, ""pre_limiter_peak"": 0.2297259122133255, ""rate"": 1.1, ""sample_aligned"": false, ""sample_rate"": 16000, ""seed"": 12501629754102492132}",140656e879403d186ac2a721dfa2774dfa2ca05462f70265eb3deb30643b6990
20260905T233538.930635Z,b4f3de4a4f74b8742b201c9e0941cfe5166082fc,0ea442119cfa4d9f99e7b3b3ca6f55ddcdc1e56bc504ecce6b0481de96d1a73b,85a65f1f57cd5918e3529a1210a45ad78cb20cab8a6db637589aecc38e333336,15cd64de2c8ddb012c7001ab2b9d14b9009c3f6c85d26ac718ef884459e419c7,1221-135767-0015,1221,test-clean,2.85,20260905,positive,1,crop_10,crop,"{""family"": ""crop"", ""fraction"": 0.1, ""id"": ""crop_10""}",0.5,0.5,0.9868664741516113,0.9859426617622375,1,0110010001110111,0110010101100011,3,0.8125,0.1875,0,26.576051401659452,0.9936776330785145,NA,NA,NA,NA: Contiguous crop changes length and may shift time origin,2.565,41040,0.43144142627716064,0.0,0.0,711.1895940033719,0.2631510142236948,47.88163700141013,ok,,"{""alignment_reason"": ""Contiguous crop changes length and may shift time origin"", ""clipping_fraction"": 0.0, ""crop_end_sample"": 41437, ""crop_start_sample"": 397, ""duration_seconds"": 2.565, ""family"": ""crop"", ""fraction"": 0.1, ""id"": ""crop_10"", ""input_samples"": 45600, ""output_peak"": 0.43144142627716064, ""output_samples"": 41040, ""pre_limiter_peak"": 0.43144142627716064, ""removed_fraction_actual"": 0.09999999999999998, ""sample_aligned"": false, ""sample_rate"": 16000, ""seed"": 6939193000428187554}",e09a246c64e60a7d9e8fbc30cecdfe41e09fa995a67a796ae6ed1c16d8f5e0c6
20260905T233538.930635Z,b4f3de4a4f74b8742b201c9e0941cfe5166082fc,0ea442119cfa4d9f99e7b3b3ca6f55ddcdc1e56bc504ecce6b0481de96d1a73b,85a65f1f57cd5918e3529a1210a45ad78cb20cab8a6db637589aecc38e333336,15cd64de2c8ddb012c7001ab2b9d14b9009c3f6c85d26ac718ef884459e419c7,1221-135767-0015,1221,test-clean,2.85,20260905,negative,0,crop_10,crop,"{""family"": ""crop"", ""fraction"": 0.1, ""id"": ""crop_10""}",0.5,0.5,0.0,0.0032100118696689606,0,0110010001110111,1111110110110100,NA,NA,NA,NA,NA,NA,NA,NA,NA,NA: Contiguous crop changes length and may shift time origin,2.565,41040,0.432220458984375,0.0,0.0,NA,0.2929079346358776,44.54223602078855,ok,,"{""alignment_reason"": ""Contiguous crop changes length and may shift time origin"", ""clipping_fraction"": 0.0, ""crop_end_sample"": 41437, ""crop_start_sample"": 397, ""duration_seconds"": 2.565, ""family"": ""crop"", ""fraction"": 0.1, ""id"": ""crop_10"", ""input_samples"": 45600, ""output_peak"": 0.432220458984375, ""output_samples"": 41040, ""pre_limiter_peak"": 0.432220458984375, ""removed_fraction_actual"": 0.09999999999999998, ""sample_aligned"": false, ""sample_rate"": 16000, ""seed"": 6939193000428187554}",1aa65380ee4975e004666905ada6e20088b45e912af0edcb6aba7d7ee404b0cf
20260905T233538.930635Z,b4f3de4a4f74b8742b201c9e0941cfe5166082fc,0ea442119cfa4d9f99e7b3b3ca6f55ddcdc1e56bc504ecce6b0481de96d1a73b,85a65f1f57cd5918e3529a1210a45ad78cb20cab8a6db637589aecc38e333336,15cd64de2c8ddb012c7001ab2b9d14b9009c3f6c85d26ac718ef884459e419c7,1221-135767-0015,1221,test-clean,2.85,20260905,positive,1,crop_25,crop,"{""family"": ""crop"", ""fraction"": 0.25, ""id"": ""crop_25""}",0.5,0.5,0.20766082406044006,0.24744229018688202,0,0110010001110111,1110101101010101,7,0.5625,0.4375,0,26.576051401659452,0.9936776330785145,NA,NA,NA,NA: Contiguous crop changes length and may shift time origin,2.1375,34200,0.43144142627716064,0.0,0.0,711.1895940033719,0.2711970591917634,48.24504000134766,ok,,"{""alignment_reason"": ""Contiguous crop changes length and may shift time origin"", ""clipping_fraction"": 0.0, ""crop_end_sample"": 42653, ""crop_start_sample"": 8453, ""duration_seconds"": 2.1375, ""family"": ""crop"", ""fraction"": 0.25, ""id"": ""crop_25"", ""input_samples"": 45600, ""output_peak"": 0.43144142627716064, ""output_samples"": 34200, ""pre_limiter_peak"": 0.43144142627716064, ""removed_fraction_actual"": 0.25, ""sample_aligned"": false, ""sample_rate"": 16000, ""seed"": 3891614475774467059}",3969dc68f23bc4fd8b3223cec8732492d194b22591f572352732f639bbc48bee
20260905T233538.930635Z,b4f3de4a4f74b8742b201c9e0941cfe5166082fc,0ea442119cfa4d9f99e7b3b3ca6f55ddcdc1e56bc504ecce6b0481de96d1a73b,85a65f1f57cd5918e3529a1210a45ad78cb20cab8a6db637589aecc38e333336,15cd64de2c8ddb012c7001ab2b9d14b9009c3f6c85d26ac718ef884459e419c7,1221-135767-0015,1221,test-clean,2.85,20260905,negative,0,crop_25,crop,"{""family"": ""crop"", ""fraction"": 0.25, ""id"": ""crop_25""}",0.5,0.5,0.0,0.0006983904750086367,0,0110010001110111,1111110100110100,NA,NA,NA,NA,NA,NA,NA,NA,NA,NA: Contiguous crop changes length and may shift time origin,2.1375,34200,0.432220458984375,0.0,0.0,NA,0.2560069551691413,42.11493500042707,ok,,"{""alignment_reason"": ""Contiguous crop changes length and may shift time origin"", ""clipping_fraction"": 0.0, ""crop_end_sample"": 42653, ""crop_start_sample"": 8453, ""duration_seconds"": 2.1375, ""family"": ""crop"", ""fraction"": 0.25, ""id"": ""crop_25"", ""input_samples"": 45600, ""output_peak"": 0.432220458984375, ""output_samples"": 34200, ""pre_limiter_peak"": 0.432220458984375, ""removed_fraction_actual"": 0.25, ""sample_aligned"": false, ""sample_rate"": 16000, ""seed"": 3891614475774467059}",dbdfd9f4ec4196f51694475a900acb9c7474434d6e101bcbe1f85e6a57919dae
20260905T233538.930635Z,b4f3de4a4f74b8742b201c9e0941cfe5166082fc,0ea442119cfa4d9f99e7b3b3ca6f55ddcdc1e56bc504ecce6b0481de96d1a73b,85a65f1f57cd5918e3529a1210a45ad78cb20cab8a6db637589aecc38e333336,15cd64de2c8ddb012c7001ab2b9d14b9009c3f6c85d26ac718ef884459e419c7,260-123440-0017,260,test-clean,3.07,20260905,positive,1,clean,clean,"{""family"": ""clean"", ""id"": ""clean""}",0.5,0.5,1.0,0.9999894499778748,1,0010010001000010,0010010001000010,0,1.0,0.0,1,31.834287773625235,0.9981635952946769,0.9981635952946769,NA,31.834287773625235,aligned_to_original,3.07,49120,0.43842992186546326,0.0,0.0,828.3241169992834,0.2330639399588108,51.7599240411073,ok,,"{""clipping_fraction"": 0.0, ""duration_seconds"": 3.07, ""family"": ""clean"", ""id"": ""clean"", ""input_samples"": 49120, ""output_peak"": 0.43842992186546326, ""output_samples"": 49120, ""pre_limiter_peak"": 0.43842992186546326, ""sample_aligned"": true, ""sample_rate"": 16000, ""seed"": 3124866777050230886}",1874726915c9641c0cfa0ade174e1a28607e54c60e1d654256b7aab9c8b1458f
20260905T233538.930635Z,b4f3de4a4f74b8742b201c9e0941cfe5166082fc,0ea442119cfa4d9f99e7b3b3ca6f55ddcdc1e56bc504ecce6b0481de96d1a73b,85a65f1f57cd5918e3529a1210a45ad78cb20cab8a6db637589aecc38e333336,15cd64de2c8ddb012c7001ab2b9d14b9009c3f6c85d26ac718ef884459e419c7,260-123440-0017,260,test-clean,3.07,20260905,negative,0,clean,clean,"{""family"": ""clean"", ""id"": ""clean""}",0.5,0.5,0.007491856813430786,0.016085896641016006,0,0010010001000010,0100111101110100,NA,NA,NA,NA,NA,NA,0.9999999999999998,NA,inf,aligned_to_original,3.07,49120,0.44158935546875,0.0,0.0,NA,0.23083901032805443,51.4971719821915,ok,,"{""clipping_fraction"": 0.0, ""duration_seconds"": 3.07, ""family"": ""clean"", ""id"": ""clean"", ""input_samples"": 49120, ""output_peak"": 0.44158935546875, ""output_samples"": 49120, ""pre_limiter_peak"": 0.44158935546875, ""sample_aligned"": true, ""sample_rate"": 16000, ""seed"": 3124866777050230886}",b9929a12dbe995dba1a890778121a48ef1523be6e4aeeefbd74fedb446de2875
20260905T233538.930635Z,b4f3de4a4f74b8742b201c9e0941cfe5166082fc,0ea442119cfa4d9f99e7b3b3ca6f55ddcdc1e56bc504ecce6b0481de96d1a73b,85a65f1f57cd5918e3529a1210a45ad78cb20cab8a6db637589aecc38e333336,15cd64de2c8ddb012c7001ab2b9d14b9009c3f6c85d26ac718ef884459e419c7,260-123440-0017,260,test-clean,3.07,20260905,positive,1,mp3_128,mp3,"{""bitrate_kbps"": 128, ""family"": ""mp3"", ""id"": ""mp3_128""}",0.5,0.5,1.0,0.9999894499778748,1,0010010001000010,0010010001000010,0,1.0,0.0,1,31.834287773625235,0.9981635952946769,NA,NA,NA,NA: MP3 codec delay/alignment not independently verified,3.07,49120,0.4169110059738159,0.0,0.0,828.3241169992834,15.440975897945464,51.302963052876294,ok,,"{""alignment_reason"": ""MP3 codec delay/alignment not independently verified"", ""bitrate_kbps"": 128, ""clipping_fraction"": 0.0, ""codec"": ""libmp3lame"", ""duration_seconds"": 3.07, ""family"": ""mp3"", ""id"": ""mp3_128"", ""input_samples"": 49120, ""output_peak"": 0.4169110059738159, ""output_samples"": 49120, ""pre_limiter_peak"": 0.4169110059738159, ""sample_aligned"": false, ""sample_rate"": 16000, ""seed"": 2782538767738408436}",92f16cee0675a311d1f461a1150de050b989db7d6d0252ff238d7aebd31fed15
20260905T233538.930635Z,b4f3de4a4f74b8742b201c9e0941cfe5166082fc,0ea442119cfa4d9f99e7b3b3ca6f55ddcdc1e56bc504ecce6b0481de96d1a73b,85a65f1f57cd5918e3529a1210a45ad78cb20cab8a6db637589aecc38e333336,15cd64de2c8ddb012c7001ab2b9d14b9009c3f6c85d26ac718ef884459e419c7,260-123440-0017,260,test-clean,3.07,20260905,negative,0,mp3_128,mp3,"{""bitrate_kbps"": 128, ""family"": ""mp3"", ""id"": ""mp3_128""}",0.5,0.5,0.0073697068728506565,0.01569579914212227,0,0010010001000010,0110111100110100,NA,NA,NA,NA,NA,NA,NA,NA,NA,NA: MP3 codec delay/alignment not independently verified,3.07,49120,0.4197641611099243,0.0,0.0,NA,18.819640041328967,52.22667206544429,ok,,"{""alignment_reason"": ""MP3 codec delay/alignment not independently verified"", ""bitrate_kbps"": 128, ""clipping_fraction"": 0.0, ""codec"": ""libmp3lame"", ""duration_seconds"": 3.07, ""family"": ""mp3"", ""id"": ""mp3_128"", ""input_samples"": 49120, ""output_peak"": 0.4197641611099243, ""output_samples"": 49120, ""pre_limiter_peak"": 0.4197641611099243, ""sample_aligned"": false, ""sample_rate"": 16000, ""seed"": 2782538767738408436}",e995d02394649b38fd79c5810f325c506245cc0991a8aa4d26dc8099321731fc
20260905T233538.930635Z,b4f3de4a4f74b8742b201c9e0941cfe5166082fc,0ea442119cfa4d9f99e7b3b3ca6f55ddcdc1e56bc504ecce6b0481de96d1a73b,85a65f1f57cd5918e3529a1210a45ad78cb20cab8a6db637589aecc38e333336,15cd64de2c8ddb012c7001ab2b9d14b9009c3f6c85d26ac718ef884459e419c7,260-123440-0017,260,test-clean,3.07,20260905,positive,1,mp3_64,mp3,"{""bitrate_kbps"": 64, ""family"": ""mp3"", ""id"": ""mp3_64""}",0.5,0.5,1.0,0.9999896883964539,1,0010010001000010,0010010001000010,0,1.0,0.0,1,31.834287773625235,0.9981635952946769,NA,NA,NA,NA: MP3 codec delay/alignment not independently verified,3.07,49120,0.41780102252960205,0.0,0.0,828.3241169992834,15.150453080423176,51.72468593809754,ok,,"{""alignment_reason"": ""MP3 codec delay/alignment not independently verified"", ""bitrate_kbps"": 64, ""clipping_fraction"": 0.0, ""codec"": ""libmp3lame"", ""duration_seconds"": 3.07, ""family"": ""mp3"", ""id"": ""mp3_64"", ""input_samples"": 49120, ""output_peak"": 0.41780102252960205, ""output_samples"": 49120, ""pre_limiter_peak"": 0.41780102252960205, ""sample_aligned"": false, ""sample_rate"": 16000, ""seed"": 17616261532373026870}",99c83b02c918b8ec4f3bd8f14d34f2a89dfa23002b216302cb3d1757ae0bdab2
20260905T233538.930635Z,b4f3de4a4f74b8742b201c9e0941cfe5166082fc,0ea442119cfa4d9f99e7b3b3ca6f55ddcdc1e56bc504ecce6b0481de96d1a73b,85a65f1f57cd5918e3529a1210a45ad78cb20cab8a6db637589aecc38e333336,15cd64de2c8ddb012c7001ab2b9d14b9009c3f6c85d26ac718ef884459e419c7,260-123440-0017,260,test-clean,3.07,20260905,negative,0,mp3_64,mp3,"{""bitrate_kbps"": 64, ""family"": ""mp3"", ""id"": ""mp3_64""}",0.5,0.5,0.0018118892330676317,0.013594822958111763,0,0010010001000010,0100111101110100,NA,NA,NA,NA,NA,NA,NA,NA,NA,NA: MP3 codec delay/alignment not independently verified,3.07,49120,0.41958194971084595,0.0,0.0,NA,16.56388398259878,52.87241202313453,ok,,"{""alignment_reason"": ""MP3 codec delay/alignment not independently verified"", ""bitrate_kbps"": 64, ""clipping_fraction"": 0.0, ""codec"": ""libmp3lame"", ""duration_seconds"": 3.07, ""family"": ""mp3"", ""id"": ""mp3_64"", ""input_samples"": 49120, ""output_peak"": 0.41958194971084595, ""output_samples"": 49120, ""pre_limiter_peak"": 0.41958194971084595, ""sample_aligned"": false, ""sample_rate"": 16000, ""seed"": 17616261532373026870}",6be9859a3f3f3f088d902ec18d7ab28df2a34809d8653046a0db62f429594826
20260905T233538.930635Z,b4f3de4a4f74b8742b201c9e0941cfe5166082fc,0ea442119cfa4d9f99e7b3b3ca6f55ddcdc1e56bc504ecce6b0481de96d1a73b,85a65f1f57cd5918e3529a1210a45ad78cb20cab8a6db637589aecc38e333336,15cd64de2c8ddb012c7001ab2b9d14b9009c3f6c85d26ac718ef884459e419c7,260-123440-0017,260,test-clean,3.07,20260905,positive,1,noise_30,noise,"{""family"": ""noise"", ""id"": ""noise_30"", ""snr_db"": 30}",0.5,0.5,1.0,0.9984992742538452,1,0010010001000010,0010010001000010,0,1.0,0.0,1,31.834287773625235,0.9981635952946769,0.995586846912156,NA,27.824437055432707,aligned_to_original,3.07,49120,0.43582120537757874,0.0,0.0,828.3241169992834,1.3046939857304096,53.43768699094653,ok,,"{""clipping_fraction"": 0.0, ""duration_seconds"": 3.07, ""family"": ""noise"", ""id"": ""noise_30"", ""input_samples"": 49120, ""noise_snr_db"": 29.999999984075465, ""noise_snr_db_pre_clipping"": 30.0, ""output_peak"": 0.43582120537757874, ""output_samples"": 49120, ""pre_limiter_peak"": 0.43582120709109134, ""sample_aligned"": true, ""sample_rate"": 16000, ""seed"": 13336666033455434246, ""snr_db"": 30}",dce588daeb5490664f1038eea8f216c8a404615cae2c666b76121c10a6d2a1a2
20260905T233538.930635Z,b4f3de4a4f74b8742b201c9e0941cfe5166082fc,0ea442119cfa4d9f99e7b3b3ca6f55ddcdc1e56bc504ecce6b0481de96d1a73b,85a65f1f57cd5918e3529a1210a45ad78cb20cab8a6db637589aecc38e333336,15cd64de2c8ddb012c7001ab2b9d14b9009c3f6c85d26ac718ef884459e419c7,260-123440-0017,260,test-clean,3.07,20260905,negative,0,noise_30,noise,"{""family"": ""noise"", ""id"": ""noise_30"", ""snr_db"": 30}",0.5,0.5,0.0101384362205863,0.027807040140032768,0,0010010001000010,0101111111110100,NA,NA,NA,NA,NA,NA,0.9976630030910049,NA,29.999999952153395,aligned_to_original,3.07,49120,0.43886253237724304,0.0,0.0,NA,1.0865189833566546,52.34405491501093,ok,,"{""clipping_fraction"": 0.0, ""duration_seconds"": 3.07, ""family"": ""noise"", ""id"": ""noise_30"", ""input_samples"": 49120, ""noise_snr_db"": 29.999999952153395, ""noise_snr_db_pre_clipping"": 30.0, ""output_peak"": 0.43886253237724304, ""output_samples"": 49120, ""pre_limiter_peak"": 0.43886252214986626, ""sample_aligned"": true, ""sample_rate"": 16000, ""seed"": 13336666033455434246, ""snr_db"": 30}",cf66ec6714f284ba1aea721377002ea6605a869fd9085234f672150798fb0feb
20260905T233538.930635Z,b4f3de4a4f74b8742b201c9e0941cfe5166082fc,0ea442119cfa4d9f99e7b3b3ca6f55ddcdc1e56bc504ecce6b0481de96d1a73b,85a65f1f57cd5918e3529a1210a45ad78cb20cab8a6db637589aecc38e333336,15cd64de2c8ddb012c7001ab2b9d14b9009c3f6c85d26ac718ef884459e419c7,260-123440-0017,260,test-clean,3.07,20260905,positive,1,noise_20,noise,"{""family"": ""noise"", ""id"": ""noise_20"", ""snr_db"": 20}",0.5,0.5,0.5888233184814453,0.5828143954277039,1,0010010001000010,0010010000000010,1,0.9375,0.0625,0,31.834287773625235,0.9981635952946769,0.9756462757519205,NA,19.72704862874244,aligned_to_original,3.07,49120,0.43953996896743774,0.0,0.0,828.3241169992834,1.1115369852632284,51.162504008971155,ok,,"{""clipping_fraction"": 0.0, ""duration_seconds"": 3.07, ""family"": ""noise"", ""id"": ""noise_20"", ""input_samples"": 49120, ""noise_snr_db"": 20.00000000676353, ""noise_snr_db_pre_clipping"": 20.0, ""output_peak"": 0.43953996896743774, ""output_samples"": 49120, ""pre_limiter_peak"": 0.43953995928761364, ""sample_aligned"": true, ""sample_rate"": 16000, ""seed"": 9899993707287993744, ""snr_db"": 20}",b36e75b84fba40686e13311c9812805ff57be3f67469b3caad88aa9a908fd1dd
20260905T233538.930635Z,b4f3de4a4f74b8742b201c9e0941cfe5166082fc,0ea442119cfa4d9f99e7b3b3ca6f55ddcdc1e56bc504ecce6b0481de96d1a73b,85a65f1f57cd5918e3529a1210a45ad78cb20cab8a6db637589aecc38e333336,15cd64de2c8ddb012c7001ab2b9d14b9009c3f6c85d26ac718ef884459e419c7,260-123440-0017,260,test-clean,3.07,20260905,negative,0,noise_20,noise,"{""family"": ""noise"", ""id"": ""noise_20"", ""snr_db"": 20}",0.5,0.5,0.0,0.0022603687830269337,0,0010010001000010,0110110110110100,NA,NA,NA,NA,NA,NA,0.9778484215098288,NA,19.999999986295936,aligned_to_original,3.07,49120,0.442699670791626,0.0,0.0,NA,1.101047033444047,51.75890005193651,ok,,"{""clipping_fraction"": 0.0, ""duration_seconds"": 3.07, ""family"": ""noise"", ""id"": ""noise_20"", ""input_samples"": 49120, ""noise_snr_db"": 19.999999986295936, ""noise_snr_db_pre_clipping"": 20.0, ""output_peak"": 0.442699670791626, ""output_samples"": 49120, ""pre_limiter_peak"": 0.44269966393524796, ""sample_aligned"": true, ""sample_rate"": 16000, ""seed"": 9899993707287993744, ""snr_db"": 20}",beb6d1322c2cbe031815e5d670c539f681384deb6ffd9e3ac9a4756f66ee5bfd
20260905T233538.930635Z,b4f3de4a4f74b8742b201c9e0941cfe5166082fc,0ea442119cfa4d9f99e7b3b3ca6f55ddcdc1e56bc504ecce6b0481de96d1a73b,85a65f1f57cd5918e3529a1210a45ad78cb20cab8a6db637589aecc38e333336,15cd64de2c8ddb012c7001ab2b9d14b9009c3f6c85d26ac718ef884459e419c7,260-123440-0017,260,test-clean,3.07,20260905,positive,1,resample_12000,resample,"{""family"": ""resample"", ""id"": ""resample_12000"", ""intermediate_sr"": 12000}",0.5,0.5,1.0,0.9999894499778748,1,0010010001000010,0010010001000010,0,1.0,0.0,1,31.834287773625235,0.9981635952946769,0.9981636630249584,NA,24.910535779450708,aligned_to_original,3.07,49120,0.4399050176143646,0.0,0.0,828.3241169992834,1.7361969221383333,51.42978299409151,ok,,"{""clipping_fraction"": 0.0, ""duration_seconds"": 3.07, ""family"": ""resample"", ""id"": ""resample_12000"", ""input_samples"": 49120, ""intermediate_sr"": 12000, ""output_peak"": 0.4399050176143646, ""output_samples"": 49120, ""pre_limiter_peak"": 0.4399050176143646, ""resampler"": ""scipy.signal.resample_poly"", ""resampler_window"": [""kaiser"", 5.0], ""sample_aligned"": true, ""sample_rate"": 16000, ""seed"": 18031746907009846953}",4879a5c45dba5d73df6a04ed76752f8bf1169810e7cb083fd369b374284c2d53
20260905T233538.930635Z,b4f3de4a4f74b8742b201c9e0941cfe5166082fc,0ea442119cfa4d9f99e7b3b3ca6f55ddcdc1e56bc504ecce6b0481de96d1a73b,85a65f1f57cd5918e3529a1210a45ad78cb20cab8a6db637589aecc38e333336,15cd64de2c8ddb012c7001ab2b9d14b9009c3f6c85d26ac718ef884459e419c7,260-123440-0017,260,test-clean,3.07,20260905,negative,0,resample_12000,resample,"{""family"": ""resample"", ""id"": ""resample_12000"", ""intermediate_sr"": 12000}",0.5,0.5,0.007491856813430786,0.01607399433851242,0,0010010001000010,0100111101110100,NA,NA,NA,NA,NA,NA,0.9999995837085555,NA,25.896385775081015,aligned_to_original,3.07,49120,0.44306471943855286,0.0,0.0,NA,1.756445039063692,51.680970937013626,ok,,"{""clipping_fraction"": 0.0, ""duration_seconds"": 3.07, ""family"": ""resample"", ""id"": ""resample_12000"", ""input_samples"": 49120, ""intermediate_sr"": 12000, ""output_peak"": 0.44306471943855286, ""output_samples"": 49120, ""pre_limiter_peak"": 0.44306471943855286, ""resampler"": ""scipy.signal.resample_poly"", ""resampler_window"": [""kaiser"", 5.0], ""sample_aligned"": true, ""sample_rate"": 16000, ""seed"": 18031746907009846953}",c63517b9fbb270ae078c9816495114636e9b8ffe5ec1bdd22103c88fcb7eebdf
20260905T233538.930635Z,b4f3de4a4f74b8742b201c9e0941cfe5166082fc,0ea442119cfa4d9f99e7b3b3ca6f55ddcdc1e56bc504ecce6b0481de96d1a73b,85a65f1f57cd5918e3529a1210a45ad78cb20cab8a6db637589aecc38e333336,15cd64de2c8ddb012c7001ab2b9d14b9009c3f6c85d26ac718ef884459e419c7,260-123440-0017,260,test-clean,3.07,20260905,positive,1,resample_8000,resample,"{""family"": ""resample"", ""id"": ""resample_8000"", ""intermediate_sr"": 8000}",0.5,0.5,1.0,0.9999895691871643,1,0010010001000010,0010010001000010,0,1.0,0.0,1,31.834287773625235,0.9981635952946769,0.9972393834212668,NA,19.959186500160126,aligned_to_original,3.07,49120,0.44350966811180115,0.0,0.0,828.3241169992834,1.7318080645054579,51.64322000928223,ok,,"{""clipping_fraction"": 0.0, ""duration_seconds"": 3.07, ""family"": ""resample"", ""id"": ""resample_8000"", ""input_samples"": 49120, ""intermediate_sr"": 8000, ""output_peak"": 0.44350966811180115, ""output_samples"": 49120, ""pre_limiter_peak"": 0.44350966811180115, ""resampler"": ""scipy.signal.resample_poly"", ""resampler_window"": [""kaiser"", 5.0], ""sample_aligned"": true, ""sample_rate"": 16000, ""seed"": 13089101278404379514}",b99bd1cc656274709a3ac9ce4ef7f0dbef07db2dff156b62a43707e1c154d511
20260905T233538.930635Z,b4f3de4a4f74b8742b201c9e0941cfe5166082fc,0ea442119cfa4d9f99e7b3b3ca6f55ddcdc1e56bc504ecce6b0481de96d1a73b,85a65f1f57cd5918e3529a1210a45ad78cb20cab8a6db637589aecc38e333336,15cd64de2c8ddb012c7001ab2b9d14b9009c3f6c85d26ac718ef884459e419c7,260-123440-0017,260,test-clean,3.07,20260905,negative,0,resample_8000,resample,"{""family"": ""resample"", ""id"": ""resample_8000"", ""intermediate_sr"": 8000}",0.5,0.5,0.008306188508868217,0.01565532572567463,0,0010010001000010,0110111101110100,NA,NA,NA,NA,NA,NA,0.9990772116319733,NA,20.25088077495672,aligned_to_original,3.07,49120,0.4432509243488312,0.0,0.0,NA,1.749031012877822,51.72560701612383,ok,,"{""clipping_fraction"": 0.0, ""duration_seconds"": 3.07, ""family"": ""resample"", ""id"": ""resample_8000"", ""input_samples"": 49120, ""intermediate_sr"": 8000, ""output_peak"": 0.4432509243488312, ""output_samples"": 49120, ""pre_limiter_peak"": 0.4432509243488312, ""resampler"": ""scipy.signal.resample_poly"", ""resampler_window"": [""kaiser"", 5.0], ""sample_aligned"": true, ""sample_rate"": 16000, ""seed"": 13089101278404379514}",fac3d243240ba0a086bd66df68833daa712ba4cf21113ca05a45de6abbea51a6
20260905T233538.930635Z,b4f3de4a4f74b8742b201c9e0941cfe5166082fc,0ea442119cfa4d9f99e7b3b3ca6f55ddcdc1e56bc504ecce6b0481de96d1a73b,85a65f1f57cd5918e3529a1210a45ad78cb20cab8a6db637589aecc38e333336,15cd64de2c8ddb012c7001ab2b9d14b9009c3f6c85d26ac718ef884459e419c7,260-123440-0017,260,test-clean,3.07,20260905,positive,1,pitch_minus2,pitch,"{""family"": ""pitch"", ""id"": ""pitch_minus2"", ""semitones"": -2}",0.5,0.5,0.0,0.00045188862713985145,0,0010010001000010,0110110110110101,10,0.375,0.625,0,31.834287773625235,0.9981635952946769,NA,NA,NA,NA: Pitch shifting changes sample phase and content,3.07,49120,0.32305288314819336,0.0,0.0,828.3241169992834,11.447231052443385,51.0859478963539,ok,,"{""alignment_reason"": ""Pitch shifting changes sample phase and content"", ""clipping_fraction"": 0.0, ""duration_seconds"": 3.07, ""family"": ""pitch"", ""hop_length"": 512, ""id"": ""pitch_minus2"", ""implementation"": ""librosa"", ""input_samples"": 49120, ""n_fft"": 2048, ""output_peak"": 0.32305288314819336, ""output_samples"": 49120, ""pre_limiter_peak"": 0.32305288314819336, ""res_type"": ""soxr_hq"", ""sample_aligned"": false, ""sample_rate"": 16000, ""seed"": 983924486411897950, ""semitones"": -2}",06a9e02be6e88f42f3060cb5eea518f69d3f521eed067daae8c0ca3018ffb155
20260905T233538.930635Z,b4f3de4a4f74b8742b201c9e0941cfe5166082fc,0ea442119cfa4d9f99e7b3b3ca6f55ddcdc1e56bc504ecce6b0481de96d1a73b,85a65f1f57cd5918e3529a1210a45ad78cb20cab8a6db637589aecc38e333336,15cd64de2c8ddb012c7001ab2b9d14b9009c3f6c85d26ac718ef884459e419c7,260-123440-0017,260,test-clean,3.07,20260905,negative,0,pitch_minus2,pitch,"{""family"": ""pitch"", ""id"": ""pitch_minus2"", ""semitones"": -2}",0.5,0.5,0.0,0.004931080620735884,0,0010010001000010,0100110110100101,NA,NA,NA,NA,NA,NA,NA,NA,NA,NA: Pitch shifting changes sample phase and content,3.07,49120,0.3228503465652466,0.0,0.0,NA,11.682288022711873,51.75010394304991,ok,,"{""alignment_reason"": ""Pitch shifting changes sample phase and content"", ""clipping_fraction"": 0.0, ""duration_seconds"": 3.07, ""family"": ""pitch"", ""hop_length"": 512, ""id"": ""pitch_minus2"", ""implementation"": ""librosa"", ""input_samples"": 49120, ""n_fft"": 2048, ""output_peak"": 0.3228503465652466, ""output_samples"": 49120, ""pre_limiter_peak"": 0.3228503465652466, ""res_type"": ""soxr_hq"", ""sample_aligned"": false, ""sample_rate"": 16000, ""seed"": 983924486411897950, ""semitones"": -2}",fcc7470ed12ed56689364bfc0faeae038b01395a2ec3a3cde2eafd9afd493ba6
20260905T233538.930635Z,b4f3de4a4f74b8742b201c9e0941cfe5166082fc,0ea442119cfa4d9f99e7b3b3ca6f55ddcdc1e56bc504ecce6b0481de96d1a73b,85a65f1f57cd5918e3529a1210a45ad78cb20cab8a6db637589aecc38e333336,15cd64de2c8ddb012c7001ab2b9d14b9009c3f6c85d26ac718ef884459e419c7,260-123440-0017,260,test-clean,3.07,20260905,positive,1,pitch_plus2,pitch,"{""family"": ""pitch"", ""id"": ""pitch_plus2"", ""semitones"": 2}",0.5,0.5,0.0,0.003046143800020218,0,0010010001000010,1110111110110101,12,0.25,0.75,0,31.834287773625235,0.9981635952946769,NA,NA,NA,NA: Pitch shifting changes sample phase and content,3.07,49120,0.3276422321796417,0.0,0.0,828.3241169992834,13.362678932026029,52.32347606215626,ok,,"{""alignment_reason"": ""Pitch shifting changes sample phase and content"", ""clipping_fraction"": 0.0, ""duration_seconds"": 3.07, ""family"": ""pitch"", ""hop_length"": 512, ""id"": ""pitch_plus2"", ""implementation"": ""librosa"", ""input_samples"": 49120, ""n_fft"": 2048, ""output_peak"": 0.3276422321796417, ""output_samples"": 49120, ""pre_limiter_peak"": 0.3276422321796417, ""res_type"": ""soxr_hq"", ""sample_aligned"": false, ""sample_rate"": 16000, ""seed"": 4779286223329526413, ""semitones"": 2}",e82b76dc5aa186c2c8c1110ea3d095566e77813ac8177e8a50fbcdb86be91b93
20260905T233538.930635Z,b4f3de4a4f74b8742b201c9e0941cfe5166082fc,0ea442119cfa4d9f99e7b3b3ca6f55ddcdc1e56bc504ecce6b0481de96d1a73b,85a65f1f57cd5918e3529a1210a45ad78cb20cab8a6db637589aecc38e333336,15cd64de2c8ddb012c7001ab2b9d14b9009c3f6c85d26ac718ef884459e419c7,260-123440-0017,260,test-clean,3.07,20260905,negative,0,pitch_plus2,pitch,"{""family"": ""pitch"", ""id"": ""pitch_plus2"", ""semitones"": 2}",0.5,0.5,0.0,0.0007022328209131956,0,0010010001000010,0100110100110101,NA,NA,NA,NA,NA,NA,NA,NA,NA,NA: Pitch shifting changes sample phase and content,3.07,49120,0.3276013433933258,0.0,0.0,NA,13.325156993232667,51.18283303454518,ok,,"{""alignment_reason"": ""Pitch shifting changes sample phase and content"", ""clipping_fraction"": 0.0, ""duration_seconds"": 3.07, ""family"": ""pitch"", ""hop_length"": 512, ""id"": ""pitch_plus2"", ""implementation"": ""librosa"", ""input_samples"": 49120, ""n_fft"": 2048, ""output_peak"": 0.3276013433933258, ""output_samples"": 49120, ""pre_limiter_peak"": 0.3276013433933258, ""res_type"": ""soxr_hq"", ""sample_aligned"": false, ""sample_rate"": 16000, ""seed"": 4779286223329526413, ""semitones"": 2}",a3a23befde07893b208c210b7c62bc886d0e2ef79213eae96cc102ae6f5118bf
20260905T233538.930635Z,b4f3de4a4f74b8742b201c9e0941cfe5166082fc,0ea442119cfa4d9f99e7b3b3ca6f55ddcdc1e56bc504ecce6b0481de96d1a73b,85a65f1f57cd5918e3529a1210a45ad78cb20cab8a6db637589aecc38e333336,15cd64de2c8ddb012c7001ab2b9d14b9009c3f6c85d26ac718ef884459e419c7,260-123440-0017,260,test-clean,3.07,20260905,positive,1,stretch_09,stretch,"{""family"": ""stretch"", ""id"": ""stretch_09"", ""rate"": 0.9}",0.5,0.5,0.138627290725708,0.16113044321537018,0,0010010001000010,0010010001000010,0,1.0,0.0,1,31.834287773625235,0.9981635952946769,NA,NA,NA,NA: Time stretching changes the temporal coordinate,3.411125,54578,0.26842066645622253,0.0,0.0,828.3241169992834,12.556432979181409,100.54065100848675,ok,,"{""alignment_reason"": ""Time stretching changes the temporal coordinate"", ""clipping_fraction"": 0.0, ""duration_seconds"": 3.411125, ""family"": ""stretch"", ""hop_length"": 512, ""id"": ""stretch_09"", ""implementation"": ""librosa"", ""input_samples"": 49120, ""n_fft"": 2048, ""output_peak"": 0.26842066645622253, ""output_samples"": 54578, ""pre_limiter_peak"": 0.26842066645622253, ""rate"": 0.9, ""sample_aligned"": false, ""sample_rate"": 16000, ""seed"": 8166055804461630975}",5946512f2cd67ad829af690f454603f2d190331deb9ba48b8c275062c66325d7
20260905T233538.930635Z,b4f3de4a4f74b8742b201c9e0941cfe5166082fc,0ea442119cfa4d9f99e7b3b3ca6f55ddcdc1e56bc504ecce6b0481de96d1a73b,85a65f1f57cd5918e3529a1210a45ad78cb20cab8a6db637589aecc38e333336,15cd64de2c8ddb012c7001ab2b9d14b9009c3f6c85d26ac718ef884459e419c7,260-123440-0017,260,test-clean,3.07,20260905,negative,0,stretch_09,stretch,"{""family"": ""stretch"", ""id"": ""stretch_09"", ""rate"": 0.9}",0.5,0.5,0.0,0.00035640844726003706,0,0010010001000010,0111110110110100,NA,NA,NA,NA,NA,NA,NA,NA,NA,NA: Time stretching changes the temporal coordinate,3.411125,54578,0.2712673246860504,0.0,0.0,NA,12.56304606795311,51.70519801322371,ok,,"{""alignment_reason"": ""Time stretching changes the temporal coordinate"", ""clipping_fraction"": 0.0, ""duration_seconds"": 3.411125, ""family"": ""stretch"", ""hop_length"": 512, ""id"": ""stretch_09"", ""implementation"": ""librosa"", ""input_samples"": 49120, ""n_fft"": 2048, ""output_peak"": 0.2712673246860504, ""output_samples"": 54578, ""pre_limiter_peak"": 0.2712673246860504, ""rate"": 0.9, ""sample_aligned"": false, ""sample_rate"": 16000, ""seed"": 8166055804461630975}",003237e1745cf1a1d4031fbafcab64919266d4a3a63296752ac8c38c760a2105
20260905T233538.930635Z,b4f3de4a4f74b8742b201c9e0941cfe5166082fc,0ea442119cfa4d9f99e7b3b3ca6f55ddcdc1e56bc504ecce6b0481de96d1a73b,85a65f1f57cd5918e3529a1210a45ad78cb20cab8a6db637589aecc38e333336,15cd64de2c8ddb012c7001ab2b9d14b9009c3f6c85d26ac718ef884459e419c7,260-123440-0017,260,test-clean,3.07,20260905,positive,1,stretch_11,stretch,"{""family"": ""stretch"", ""id"": ""stretch_11"", ""rate"": 1.1}",0.5,0.5,0.33198970556259155,0.355253130197525,0,0010010001000010,0010010001000010,0,1.0,0.0,1,31.834287773625235,0.9981635952946769,NA,NA,NA,NA: Time stretching changes the temporal coordinate,2.7909375,44655,0.2612212300300598,0.0,0.0,828.3241169992834,10.754992021247745,53.56721498537809,ok,,"{""alignment_reason"": ""Time stretching changes the temporal coordinate"", ""clipping_fraction"": 0.0, ""duration_seconds"": 2.7909375, ""family"": ""stretch"", ""hop_length"": 512, ""id"": ""stretch_11"", ""implementation"": ""librosa"", ""input_samples"": 49120, ""n_fft"": 2048, ""output_peak"": 0.2612212300300598, ""output_samples"": 44655, ""pre_limiter_peak"": 0.2612212300300598, ""rate"": 1.1, ""sample_aligned"": false, ""sample_rate"": 16000, ""seed"": 7374471142145252940}",0a8edf846e8f9c5596abbde083d990929d050c16929857fb637105fe1ac32f52
20260905T233538.930635Z,b4f3de4a4f74b8742b201c9e0941cfe5166082fc,0ea442119cfa4d9f99e7b3b3ca6f55ddcdc1e56bc504ecce6b0481de96d1a73b,85a65f1f57cd5918e3529a1210a45ad78cb20cab8a6db637589aecc38e333336,15cd64de2c8ddb012c7001ab2b9d14b9009c3f6c85d26ac718ef884459e419c7,260-123440-0017,260,test-clean,3.07,20260905,negative,0,stretch_11,stretch,"{""family"": ""stretch"", ""id"": ""stretch_11"", ""rate"": 1.1}",0.5,0.5,0.0,0.0034043423365801573,0,0010010001000010,0101111100110101,NA,NA,NA,NA,NA,NA,NA,NA,NA,NA: Time stretching changes the temporal coordinate,2.7909375,44655,0.2626061737537384,0.0,0.0,NA,10.559229063801467,48.37892297655344,ok,,"{""alignment_reason"": ""Time stretching changes the temporal coordinate"", ""clipping_fraction"": 0.0, ""duration_seconds"": 2.7909375, ""family"": ""stretch"", ""hop_length"": 512, ""id"": ""stretch_11"", ""implementation"": ""librosa"", ""input_samples"": 49120, ""n_fft"": 2048, ""output_peak"": 0.2626061737537384, ""output_samples"": 44655, ""pre_limiter_peak"": 0.2626061737537384, ""rate"": 1.1, ""sample_aligned"": false, ""sample_rate"": 16000, ""seed"": 7374471142145252940}",3dc8ab10f7afe806cdb38211b700fd9eb1cd2d30578ec4bb7a87bad3de9dcdc1
20260905T233538.930635Z,b4f3de4a4f74b8742b201c9e0941cfe5166082fc,0ea442119cfa4d9f99e7b3b3ca6f55ddcdc1e56bc504ecce6b0481de96d1a73b,85a65f1f57cd5918e3529a1210a45ad78cb20cab8a6db637589aecc38e333336,15cd64de2c8ddb012c7001ab2b9d14b9009c3f6c85d26ac718ef884459e419c7,260-123440-0017,260,test-clean,3.07,20260905,positive,1,crop_10,crop,"{""family"": ""crop"", ""fraction"": 0.1, ""id"": ""crop_10""}",0.5,0.5,1.0,0.9989118576049805,1,0010010001000010,0010010101010010,2,0.875,0.125,0,31.834287773625235,0.9981635952946769,NA,NA,NA,NA: Contiguous crop changes length and may shift time origin,2.763,44208,0.43842992186546326,0.0,0.0,828.3241169992834,0.2847629366442561,53.5471560433507,ok,,"{""alignment_reason"": ""Contiguous crop changes length and may shift time origin"", ""clipping_fraction"": 0.0, ""crop_end_sample"": 47146, ""crop_start_sample"": 2938, ""duration_seconds"": 2.763, ""family"": ""crop"", ""fraction"": 0.1, ""id"": ""crop_10"", ""input_samples"": 49120, ""output_peak"": 0.43842992186546326, ""output_samples"": 44208, ""pre_limiter_peak"": 0.43842992186546326, ""removed_fraction_actual"": 0.09999999999999998, ""sample_aligned"": false, ""sample_rate"": 16000, ""seed"": 6029305596172476394}",312484d4b5e5439abe663c0438032d506dc40ec2d6d32043faf7c4e8924f778b
20260905T233538.930635Z,b4f3de4a4f74b8742b201c9e0941cfe5166082fc,0ea442119cfa4d9f99e7b3b3ca6f55ddcdc1e56bc504ecce6b0481de96d1a73b,85a65f1f57cd5918e3529a1210a45ad78cb20cab8a6db637589aecc38e333336,15cd64de2c8ddb012c7001ab2b9d14b9009c3f6c85d26ac718ef884459e419c7,260-123440-0017,260,test-clean,3.07,20260905,negative,0,crop_10,crop,"{""family"": ""crop"", ""fraction"": 0.1, ""id"": ""crop_10""}",0.5,0.5,0.0,0.004765737801790237,0,0010010001000010,1111110110110100,NA,NA,NA,NA,NA,NA,NA,NA,NA,NA: Contiguous crop changes length and may shift time origin,2.763,44208,0.44158935546875,0.0,0.0,NA,0.28743804432451725,46.23442911542952,ok,,"{""alignment_reason"": ""Contiguous crop changes length and may shift time origin"", ""clipping_fraction"": 0.0, ""crop_end_sample"": 47146, ""crop_start_sample"": 2938, ""duration_seconds"": 2.763, ""family"": ""crop"", ""fraction"": 0.1, ""id"": ""crop_10"", ""input_samples"": 49120, ""output_peak"": 0.44158935546875, ""output_samples"": 44208, ""pre_limiter_peak"": 0.44158935546875, ""removed_fraction_actual"": 0.09999999999999998, ""sample_aligned"": false, ""sample_rate"": 16000, ""seed"": 6029305596172476394}",98f10b91ccb5237159a732bde7af200bd2cf42fcaaa3559f9efb4ec35ef7e4ef
20260905T233538.930635Z,b4f3de4a4f74b8742b201c9e0941cfe5166082fc,0ea442119cfa4d9f99e7b3b3ca6f55ddcdc1e56bc504ecce6b0481de96d1a73b,85a65f1f57cd5918e3529a1210a45ad78cb20cab8a6db637589aecc38e333336,15cd64de2c8ddb012c7001ab2b9d14b9009c3f6c85d26ac718ef884459e419c7,260-123440-0017,260,test-clean,3.07,20260905,positive,1,crop_25,crop,"{""family"": ""crop"", ""fraction"": 0.25, ""id"": ""crop_25""}",0.5,0.5,0.5268458127975464,0.5130240321159363,1,0010010001000010,1010000001010100,5,0.6875,0.3125,0,31.834287773625235,0.9981635952946769,NA,NA,NA,NA: Contiguous crop changes length and may shift time origin,2.3025,36840,0.43842992186546326,0.0,0.0,828.3241169992834,0.27883099392056465,45.96302204299718,ok,,"{""alignment_reason"": ""Contiguous crop changes length and may shift time origin"", ""clipping_fraction"": 0.0, ""crop_end_sample"": 36996, ""crop_start_sample"": 156, ""duration_seconds"": 2.3025, ""family"": ""crop"", ""fraction"": 0.25, ""id"": ""crop_25"", ""input_samples"": 49120, ""output_peak"": 0.43842992186546326, ""output_samples"": 36840, ""pre_limiter_peak"": 0.43842992186546326, ""removed_fraction_actual"": 0.25, ""sample_aligned"": false, ""sample_rate"": 16000, ""seed"": 14932497000726656383}",de275b729eae7e485e27bc35546c6fb3e91ac3f9c75042d3cb49c882d31a81de
20260905T233538.930635Z,b4f3de4a4f74b8742b201c9e0941cfe5166082fc,0ea442119cfa4d9f99e7b3b3ca6f55ddcdc1e56bc504ecce6b0481de96d1a73b,85a65f1f57cd5918e3529a1210a45ad78cb20cab8a6db637589aecc38e333336,15cd64de2c8ddb012c7001ab2b9d14b9009c3f6c85d26ac718ef884459e419c7,260-123440-0017,260,test-clean,3.07,20260905,negative,0,crop_25,crop,"{""family"": ""crop"", ""fraction"": 0.25, ""id"": ""crop_25""}",0.5,0.5,0.024674266576766968,0.023839101195335388,0,0010010001000010,0111110110110100,NA,NA,NA,NA,NA,NA,NA,NA,NA,NA: Contiguous crop changes length and may shift time origin,2.3025,36840,0.44158935546875,0.0,0.0,NA,0.26459398213773966,38.96980406716466,ok,,"{""alignment_reason"": ""Contiguous crop changes length and may shift time origin"", ""clipping_fraction"": 0.0, ""crop_end_sample"": 36996, ""crop_start_sample"": 156, ""duration_seconds"": 2.3025, ""family"": ""crop"", ""fraction"": 0.25, ""id"": ""crop_25"", ""input_samples"": 49120, ""output_peak"": 0.44158935546875, ""output_samples"": 36840, ""pre_limiter_peak"": 0.44158935546875, ""removed_fraction_actual"": 0.25, ""sample_aligned"": false, ""sample_rate"": 16000, ""seed"": 14932497000726656383}",93d3d05d8a2084bdbba00dc102b8fb9327ed31b6565267ba8d9d9fcff7247494
20260905T233538.930635Z,b4f3de4a4f74b8742b201c9e0941cfe5166082fc,0ea442119cfa4d9f99e7b3b3ca6f55ddcdc1e56bc504ecce6b0481de96d1a73b,85a65f1f57cd5918e3529a1210a45ad78cb20cab8a6db637589aecc38e333336,15cd64de2c8ddb012c7001ab2b9d14b9009c3f6c85d26ac718ef884459e419c7,7729-102255-0014,7729,test-clean,5.295,20260905,positive,1,clean,clean,"{""family"": ""clean"", ""id"": ""clean""}",0.5,0.5,1.0,0.9999937415122986,1,1001111100101000,1001111100101000,0,1.0,0.0,1,29.264671011908106,0.9976300130567789,0.9976300130567789,NA,29.264671011908106,aligned_to_original,5.295,84720,0.6830843687057495,0.0,0.0,1419.8421329492703,0.38039509672671556,129.7556071076542,ok,,"{""clipping_fraction"": 0.0, ""duration_seconds"": 5.295, ""family"": ""clean"", ""id"": ""clean"", ""input_samples"": 84720, ""output_peak"": 0.6830843687057495, ""output_samples"": 84720, ""pre_limiter_peak"": 0.6830843687057495, ""sample_aligned"": true, ""sample_rate"": 16000, ""seed"": 820881451430326255}",2dadcbd18f79a3b00f189f06692b47194ed1ec615401c4560e8ffdecf72ff1f5
20260905T233538.930635Z,b4f3de4a4f74b8742b201c9e0941cfe5166082fc,0ea442119cfa4d9f99e7b3b3ca6f55ddcdc1e56bc504ecce6b0481de96d1a73b,85a65f1f57cd5918e3529a1210a45ad78cb20cab8a6db637589aecc38e333336,15cd64de2c8ddb012c7001ab2b9d14b9009c3f6c85d26ac718ef884459e419c7,7729-102255-0014,7729,test-clean,5.295,20260905,negative,0,clean,clean,"{""family"": ""clean"", ""id"": ""clean""}",0.5,0.5,0.0,0.0008996504475362599,0,1001111100101000,0110110110110100,NA,NA,NA,NA,NA,NA,0.9999999999999998,NA,inf,aligned_to_original,5.295,84720,0.66864013671875,0.0,0.0,NA,0.32974802888929844,78.41695798560977,ok,,"{""clipping_fraction"": 0.0, ""duration_seconds"": 5.295, ""family"": ""clean"", ""id"": ""clean"", ""input_samples"": 84720, ""output_peak"": 0.66864013671875, ""output_samples"": 84720, ""pre_limiter_peak"": 0.66864013671875, ""sample_aligned"": true, ""sample_rate"": 16000, ""seed"": 820881451430326255}",57e36d1b3f88a055d79ce25c7cc771c01a7f6a2d5b737a3ee5ced140dc996fc3
20260905T233538.930635Z,b4f3de4a4f74b8742b201c9e0941cfe5166082fc,0ea442119cfa4d9f99e7b3b3ca6f55ddcdc1e56bc504ecce6b0481de96d1a73b,85a65f1f57cd5918e3529a1210a45ad78cb20cab8a6db637589aecc38e333336,15cd64de2c8ddb012c7001ab2b9d14b9009c3f6c85d26ac718ef884459e419c7,7729-102255-0014,7729,test-clean,5.295,20260905,positive,1,mp3_128,mp3,"{""bitrate_kbps"": 128, ""family"": ""mp3"", ""id"": ""mp3_128""}",0.5,0.5,1.0,0.999993622303009,1,1001111100101000,1001111100101000,0,1.0,0.0,1,29.264671011908106,0.9976300130567789,NA,NA,NA,NA: MP3 codec delay/alignment not independently verified,5.295,84720,0.6513546705245972,0.0,0.0,1419.8421329492703,21.50098606944084,76.65142603218555,ok,,"{""alignment_reason"": ""MP3 codec delay/alignment not independently verified"", ""bitrate_kbps"": 128, ""clipping_fraction"": 0.0, ""codec"": ""libmp3lame"", ""duration_seconds"": 5.295, ""family"": ""mp3"", ""id"": ""mp3_128"", ""input_samples"": 84720, ""output_peak"": 0.6513546705245972, ""output_samples"": 84720, ""pre_limiter_peak"": 0.6513546705245972, ""sample_aligned"": false, ""sample_rate"": 16000, ""seed"": 6170477805639065729}",6207d3a93aef13cdf0354ff54b6d1ca76f6b91b11ecf4ee1491a02abd263f8dc
20260905T233538.930635Z,b4f3de4a4f74b8742b201c9e0941cfe5166082fc,0ea442119cfa4d9f99e7b3b3ca6f55ddcdc1e56bc504ecce6b0481de96d1a73b,85a65f1f57cd5918e3529a1210a45ad78cb20cab8a6db637589aecc38e333336,15cd64de2c8ddb012c7001ab2b9d14b9009c3f6c85d26ac718ef884459e419c7,7729-102255-0014,7729,test-clean,5.295,20260905,negative,0,mp3_128,mp3,"{""bitrate_kbps"": 128, ""family"": ""mp3"", ""id"": ""mp3_128""}",0.5,0.5,0.0,0.0012833166401833296,0,1001111100101000,0110110110100100,NA,NA,NA,NA,NA,NA,NA,NA,NA,NA: MP3 codec delay/alignment not independently verified,5.295,84720,0.6376405358314514,0.0,0.0,NA,24.36196501366794,77.09635200444609,ok,,"{""alignment_reason"": ""MP3 codec delay/alignment not independently verified"", ""bitrate_kbps"": 128, ""clipping_fraction"": 0.0, ""codec"": ""libmp3lame"", ""duration_seconds"": 5.295, ""family"": ""mp3"", ""id"": ""mp3_128"", ""input_samples"": 84720, ""output_peak"": 0.6376405358314514, ""output_samples"": 84720, ""pre_limiter_peak"": 0.6376405358314514, ""sample_aligned"": false, ""sample_rate"": 16000, ""seed"": 6170477805639065729}",933b842e7815be7d5bb978f2c1a067f80421421608f0b79837302668ed3744a8
20260905T233538.930635Z,b4f3de4a4f74b8742b201c9e0941cfe5166082fc,0ea442119cfa4d9f99e7b3b3ca6f55ddcdc1e56bc504ecce6b0481de96d1a73b,85a65f1f57cd5918e3529a1210a45ad78cb20cab8a6db637589aecc38e333336,15cd64de2c8ddb012c7001ab2b9d14b9009c3f6c85d26ac718ef884459e419c7,7729-102255-0014,7729,test-clean,5.295,20260905,positive,1,mp3_64,mp3,"{""bitrate_kbps"": 64, ""family"": ""mp3"", ""id"": ""mp3_64""}",0.5,0.5,1.0,0.9999939203262329,1,1001111100101000,1001111100101000,0,1.0,0.0,1,29.264671011908106,0.9976300130567789,NA,NA,NA,NA: MP3 codec delay/alignment not independently verified,5.295,84720,0.6494812965393066,0.0,0.0,1419.8421329492703,19.431274035014212,78.05739296600223,ok,,"{""alignment_reason"": ""MP3 codec delay/alignment not independently verified"", ""bitrate_kbps"": 64, ""clipping_fraction"": 0.0, ""codec"": ""libmp3lame"", ""duration_seconds"": 5.295, ""family"": ""mp3"", ""id"": ""mp3_64"", ""input_samples"": 84720, ""output_peak"": 0.6494812965393066, ""output_samples"": 84720, ""pre_limiter_peak"": 0.6494812965393066, ""sample_aligned"": false, ""sample_rate"": 16000, ""seed"": 2312656127823773836}",789e94ecb2145511f7409c8a93e261b2f4dd3e33dc1d2609e97abbc8ed3a1233
20260905T233538.930635Z,b4f3de4a4f74b8742b201c9e0941cfe5166082fc,0ea442119cfa4d9f99e7b3b3ca6f55ddcdc1e56bc504ecce6b0481de96d1a73b,85a65f1f57cd5918e3529a1210a45ad78cb20cab8a6db637589aecc38e333336,15cd64de2c8ddb012c7001ab2b9d14b9009c3f6c85d26ac718ef884459e419c7,7729-102255-0014,7729,test-clean,5.295,20260905,negative,0,mp3_64,mp3,"{""bitrate_kbps"": 64, ""family"": ""mp3"", ""id"": ""mp3_64""}",0.5,0.5,0.0,0.0019041314953938127,0,1001111100101000,0100110110110100,NA,NA,NA,NA,NA,NA,NA,NA,NA,NA: MP3 codec delay/alignment not independently verified,5.295,84720,0.6361240148544312,0.0,0.0,NA,19.32824798859656,78.042923938483,ok,,"{""alignment_reason"": ""MP3 codec delay/alignment not independently verified"", ""bitrate_kbps"": 64, ""clipping_fraction"": 0.0, ""codec"": ""libmp3lame"", ""duration_seconds"": 5.295, ""family"": ""mp3"", ""id"": ""mp3_64"", ""input_samples"": 84720, ""output_peak"": 0.6361240148544312, ""output_samples"": 84720, ""pre_limiter_peak"": 0.6361240148544312, ""sample_aligned"": false, ""sample_rate"": 16000, ""seed"": 2312656127823773836}",1dfd2e2a7b327b6363b9e60933e5cf7d6bdb7892c273a92821fd3b09b0ef71eb
20260905T233538.930635Z,b4f3de4a4f74b8742b201c9e0941cfe5166082fc,0ea442119cfa4d9f99e7b3b3ca6f55ddcdc1e56bc504ecce6b0481de96d1a73b,85a65f1f57cd5918e3529a1210a45ad78cb20cab8a6db637589aecc38e333336,15cd64de2c8ddb012c7001ab2b9d14b9009c3f6c85d26ac718ef884459e419c7,7729-102255-0014,7729,test-clean,5.295,20260905,positive,1,noise_30,noise,"{""family"": ""noise"", ""id"": ""noise_30"", ""snr_db"": 30}",0.5,0.5,0.7618153691291809,0.7535284757614136,1,1001111100101000,1001111100101000,0,1.0,0.0,1,29.264671011908106,0.9976300130567789,0.9881537818693131,NA,26.599440375038608,aligned_to_original,5.295,84720,0.6846265196800232,0.0,0.0,1419.8421329492703,1.9069319823756814,81.71417599078268,ok,,"{""clipping_fraction"": 0.0, ""duration_seconds"": 5.295, ""family"": ""noise"", ""id"": ""noise_30"", ""input_samples"": 84720, ""noise_snr_db"": 29.999999984578658, ""noise_snr_db_pre_clipping"": 30.000000000000004, ""output_peak"": 0.6846265196800232, ""output_samples"": 84720, ""pre_limiter_peak"": 0.6846265379161105, ""sample_aligned"": true, ""sample_rate"": 16000, ""seed"": 15620251542862009227, ""snr_db"": 30}",6ce964c8133bfb87f8bbcd3439588742b8d55b28caa4a10a19129cff0d0a35a0
20260905T233538.930635Z,b4f3de4a4f74b8742b201c9e0941cfe5166082fc,0ea442119cfa4d9f99e7b3b3ca6f55ddcdc1e56bc504ecce6b0481de96d1a73b,85a65f1f57cd5918e3529a1210a45ad78cb20cab8a6db637589aecc38e333336,15cd64de2c8ddb012c7001ab2b9d14b9009c3f6c85d26ac718ef884459e419c7,7729-102255-0014,7729,test-clean,5.295,20260905,negative,0,noise_30,noise,"{""family"": ""noise"", ""id"": ""noise_30"", ""snr_db"": 30}",0.5,0.5,0.0,0.002627474255859852,0,1001111100101000,0100110110110100,NA,NA,NA,NA,NA,NA,0.990148842013133,NA,30.00000000336442,aligned_to_original,5.295,84720,0.6701829433441162,0.0,0.0,NA,1.7868729773908854,80.12003998737782,ok,,"{""clipping_fraction"": 0.0, ""duration_seconds"": 5.295, ""family"": ""noise"", ""id"": ""noise_30"", ""input_samples"": 84720, ""noise_snr_db"": 30.00000000336442, ""noise_snr_db_pre_clipping"": 30.0, ""output_peak"": 0.6701829433441162, ""output_samples"": 84720, ""pre_limiter_peak"": 0.6701829151244745, ""sample_aligned"": true, ""sample_rate"": 16000, ""seed"": 15620251542862009227, ""snr_db"": 30}",411a5a11b72acd4b1d3b73ff1fe4d3163a8d0486113e65d2e8b1ef44ff3d6aaf
20260905T233538.930635Z,b4f3de4a4f74b8742b201c9e0941cfe5166082fc,0ea442119cfa4d9f99e7b3b3ca6f55ddcdc1e56bc504ecce6b0481de96d1a73b,85a65f1f57cd5918e3529a1210a45ad78cb20cab8a6db637589aecc38e333336,15cd64de2c8ddb012c7001ab2b9d14b9009c3f6c85d26ac718ef884459e419c7,7729-102255-0014,7729,test-clean,5.295,20260905,positive,1,noise_20,noise,"{""family"": ""noise"", ""id"": ""noise_20"", ""snr_db"": 20}",0.5,0.5,0.36471906304359436,0.3726445734500885,0,1001111100101000,1001111100101000,0,1.0,0.0,1,29.264671011908106,0.9976300130567789,0.9644320572135184,NA,19.514766871673746,aligned_to_original,5.295,84720,0.679993748664856,0.0,0.0,1419.8421329492703,1.755131990648806,81.91876602359116,ok,,"{""clipping_fraction"": 0.0, ""duration_seconds"": 5.295, ""family"": ""noise"", ""id"": ""noise_20"", ""input_samples"": 84720, ""noise_snr_db"": 19.99999999488326, ""noise_snr_db_pre_clipping"": 20.0, ""output_peak"": 0.679993748664856, ""output_samples"": 84720, ""pre_limiter_peak"": 0.6799937401172773, ""sample_aligned"": true, ""sample_rate"": 16000, ""seed"": 3719306720276090218, ""snr_db"": 20}",88ff6bf964a18ee105ba8c93095aefa18910eb4ea4c0aded8fcb752b7d55b286
20260905T233538.930635Z,b4f3de4a4f74b8742b201c9e0941cfe5166082fc,0ea442119cfa4d9f99e7b3b3ca6f55ddcdc1e56bc504ecce6b0481de96d1a73b,85a65f1f57cd5918e3529a1210a45ad78cb20cab8a6db637589aecc38e333336,15cd64de2c8ddb012c7001ab2b9d14b9009c3f6c85d26ac718ef884459e419c7,7729-102255-0014,7729,test-clean,5.295,20260905,negative,0,noise_20,noise,"{""family"": ""noise"", ""id"": ""noise_20"", ""snr_db"": 20}",0.5,0.5,0.0,0.0014524958096444607,0,1001111100101000,0110111110110100,NA,NA,NA,NA,NA,NA,0.9659360320096915,NA,20.000000010705413,aligned_to_original,5.295,84720,0.6655482649803162,0.0,0.0,NA,1.7991970526054502,83.54515198152512,ok,,"{""clipping_fraction"": 0.0, ""duration_seconds"": 5.295, ""family"": ""noise"", ""id"": ""noise_20"", ""input_samples"": 84720, ""noise_snr_db"": 20.000000010705413, ""noise_snr_db_pre_clipping"": 20.0, ""output_peak"": 0.6655482649803162, ""output_samples"": 84720, ""pre_limiter_peak"": 0.6655482872547773, ""sample_aligned"": true, ""sample_rate"": 16000, ""seed"": 3719306720276090218, ""snr_db"": 20}",70423aed4b65310cd224f45ee0e60d3a1db28f860b37cc4101be3b7749ac7a5c
20260905T233538.930635Z,b4f3de4a4f74b8742b201c9e0941cfe5166082fc,0ea442119cfa4d9f99e7b3b3ca6f55ddcdc1e56bc504ecce6b0481de96d1a73b,85a65f1f57cd5918e3529a1210a45ad78cb20cab8a6db637589aecc38e333336,15cd64de2c8ddb012c7001ab2b9d14b9009c3f6c85d26ac718ef884459e419c7,7729-102255-0014,7729,test-clean,5.295,20260905,positive,1,resample_12000,resample,"{""family"": ""resample"", ""id"": ""resample_12000"", ""intermediate_sr"": 12000}",0.5,0.5,1.0,0.9999937415122986,1,1001111100101000,1001111100101000,0,1.0,0.0,1,29.264671011908106,0.9976300130567789,0.9976313995139034,NA,23.617068941641076,aligned_to_original,5.295,84720,0.6822609901428223,0.0,0.0,1419.8421329492703,4.606172093190253,89.32323602493852,ok,,"{""clipping_fraction"": 0.0, ""duration_seconds"": 5.295, ""family"": ""resample"", ""id"": ""resample_12000"", ""input_samples"": 84720, ""intermediate_sr"": 12000, ""output_peak"": 0.6822609901428223, ""output_samples"": 84720, ""pre_limiter_peak"": 0.6822609901428223, ""resampler"": ""scipy.signal.resample_poly"", ""resampler_window"": [""kaiser"", 5.0], ""sample_aligned"": true, ""sample_rate"": 16000, ""seed"": 1126808419684933277}",c3aa78b3235b02b01b85fd9cec242e327288f8b1332f765948697ba7ceca9677
20260905T233538.930635Z,b4f3de4a4f74b8742b201c9e0941cfe5166082fc,0ea442119cfa4d9f99e7b3b3ca6f55ddcdc1e56bc504ecce6b0481de96d1a73b,85a65f1f57cd5918e3529a1210a45ad78cb20cab8a6db637589aecc38e333336,15cd64de2c8ddb012c7001ab2b9d14b9009c3f6c85d26ac718ef884459e419c7,7729-102255-0014,7729,test-clean,5.295,20260905,negative,0,resample_12000,resample,"{""family"": ""resample"", ""id"": ""resample_12000"", ""intermediate_sr"": 12000}",0.5,0.5,0.0,0.0005535401869565248,0,1001111100101000,0110110110100100,NA,NA,NA,NA,NA,NA,0.9999995577791602,NA,24.998113834955326,aligned_to_original,5.295,84720,0.6678212285041809,0.0,0.0,NA,2.6641739532351494,79.05007200315595,ok,,"{""clipping_fraction"": 0.0, ""duration_seconds"": 5.295, ""family"": ""resample"", ""id"": ""resample_12000"", ""input_samples"": 84720, ""intermediate_sr"": 12000, ""output_peak"": 0.6678212285041809, ""output_samples"": 84720, ""pre_limiter_peak"": 0.6678212285041809, ""resampler"": ""scipy.signal.resample_poly"", ""resampler_window"": [""kaiser"", 5.0], ""sample_aligned"": true, ""sample_rate"": 16000, ""seed"": 1126808419684933277}",45a1dfe6382ab38f4dc2a7746e1cfd0bbb95475df1e3350d79c8fcba1704c9b3
20260905T233538.930635Z,b4f3de4a4f74b8742b201c9e0941cfe5166082fc,0ea442119cfa4d9f99e7b3b3ca6f55ddcdc1e56bc504ecce6b0481de96d1a73b,85a65f1f57cd5918e3529a1210a45ad78cb20cab8a6db637589aecc38e333336,15cd64de2c8ddb012c7001ab2b9d14b9009c3f6c85d26ac718ef884459e419c7,7729-102255-0014,7729,test-clean,5.295,20260905,positive,1,resample_8000,resample,"{""family"": ""resample"", ""id"": ""resample_8000"", ""intermediate_sr"": 8000}",0.5,0.5,1.0,0.9999938011169434,1,1001111100101000,1001111100101000,0,1.0,0.0,1,29.264671011908106,0.9976300130567789,0.9961743111005439,NA,19.802927247115115,aligned_to_original,5.295,84720,0.656988263130188,0.0,0.0,1419.8421329492703,2.7104419423267245,79.82043002266437,ok,,"{""clipping_fraction"": 0.0, ""duration_seconds"": 5.295, ""family"": ""resample"", ""id"": ""resample_8000"", ""input_samples"": 84720, ""intermediate_sr"": 8000, ""output_peak"": 0.656988263130188, ""output_samples"": 84720, ""pre_limiter_peak"": 0.656988263130188, ""resampler"": ""scipy.signal.resample_poly"", ""resampler_window"": [""kaiser"", 5.0], ""sample_aligned"": true, ""sample_rate"": 16000, ""seed"": 12743383579132042687}",2fc81bdaa0819f09176dd613add963c9320d1ef37f0cfcdb1e9221d902dbdcb0
20260905T233538.930635Z,b4f3de4a4f74b8742b201c9e0941cfe5166082fc,0ea442119cfa4d9f99e7b3b3ca6f55ddcdc1e56bc504ecce6b0481de96d1a73b,85a65f1f57cd5918e3529a1210a45ad78cb20cab8a6db637589aecc38e333336,15cd64de2c8ddb012c7001ab2b9d14b9009c3f6c85d26ac718ef884459e419c7,7729-102255-0014,7729,test-clean,5.295,20260905,negative,0,resample_8000,resample,"{""family"": ""resample"", ""id"": ""resample_8000"", ""intermediate_sr"": 8000}",0.5,0.5,0.0,0.001183152082376182,0,1001111100101000,0110110110110100,NA,NA,NA,NA,NA,NA,0.998545676432147,NA,20.324984179051903,aligned_to_original,5.295,84720,0.6425042748451233,0.0,0.0,NA,2.7148809749633074,79.41704092081636,ok,,"{""clipping_fraction"": 0.0, ""duration_seconds"": 5.295, ""family"": ""resample"", ""id"": ""resample_8000"", ""input_samples"": 84720, ""intermediate_sr"": 8000, ""output_peak"": 0.6425042748451233, ""output_samples"": 84720, ""pre_limiter_peak"": 0.6425042748451233, ""resampler"": ""scipy.signal.resample_poly"", ""resampler_window"": [""kaiser"", 5.0], ""sample_aligned"": true, ""sample_rate"": 16000, ""seed"": 12743383579132042687}",5073e951ab4652d609448c59465d9f3e048bbc3b90e5576b474d8cb2f119e04e
20260905T233538.930635Z,b4f3de4a4f74b8742b201c9e0941cfe5166082fc,0ea442119cfa4d9f99e7b3b3ca6f55ddcdc1e56bc504ecce6b0481de96d1a73b,85a65f1f57cd5918e3529a1210a45ad78cb20cab8a6db637589aecc38e333336,15cd64de2c8ddb012c7001ab2b9d14b9009c3f6c85d26ac718ef884459e419c7,7729-102255-0014,7729,test-clean,5.295,20260905,positive,1,pitch_minus2,pitch,"{""family"": ""pitch"", ""id"": ""pitch_minus2"", ""semitones"": -2}",0.5,0.5,0.00020066100114490837,0.014990401454269886,0,1001111100101000,0110111110100101,8,0.5,0.5,0,29.264671011908106,0.9976300130567789,NA,NA,NA,NA: Pitch shifting changes sample phase and content,5.295,84720,0.4035226106643677,0.0,0.0,1419.8421329492703,18.849387066438794,78.96217401139438,ok,,"{""alignment_reason"": ""Pitch shifting changes sample phase and content"", ""clipping_fraction"": 0.0, ""duration_seconds"": 5.295, ""family"": ""pitch"", ""hop_length"": 512, ""id"": ""pitch_minus2"", ""implementation"": ""librosa"", ""input_samples"": 84720, ""n_fft"": 2048, ""output_peak"": 0.4035226106643677, ""output_samples"": 84720, ""pre_limiter_peak"": 0.4035226106643677, ""res_type"": ""soxr_hq"", ""sample_aligned"": false, ""sample_rate"": 16000, ""seed"": 9080121470534838818, ""semitones"": -2}",f8f550e0fca587cad34bfb8439866651126b517b08955ebfffecaebeaebad67d
20260905T233538.930635Z,b4f3de4a4f74b8742b201c9e0941cfe5166082fc,0ea442119cfa4d9f99e7b3b3ca6f55ddcdc1e56bc504ecce6b0481de96d1a73b,85a65f1f57cd5918e3529a1210a45ad78cb20cab8a6db637589aecc38e333336,15cd64de2c8ddb012c7001ab2b9d14b9009c3f6c85d26ac718ef884459e419c7,7729-102255-0014,7729,test-clean,5.295,20260905,negative,0,pitch_minus2,pitch,"{""family"": ""pitch"", ""id"": ""pitch_minus2"", ""semitones"": -2}",0.5,0.5,0.0,0.0048293438740074635,0,1001111100101000,0100111110100101,NA,NA,NA,NA,NA,NA,NA,NA,NA,NA: Pitch shifting changes sample phase and content,5.295,84720,0.40062105655670166,0.0,0.0,NA,18.87455501127988,75.9581639431417,ok,,"{""alignment_reason"": ""Pitch shifting changes sample phase and content"", ""clipping_fraction"": 0.0, ""duration_seconds"": 5.295, ""family"": ""pitch"", ""hop_length"": 512, ""id"": ""pitch_minus2"", ""implementation"": ""librosa"", ""input_samples"": 84720, ""n_fft"": 2048, ""output_peak"": 0.40062105655670166, ""output_samples"": 84720, ""pre_limiter_peak"": 0.40062105655670166, ""res_type"": ""soxr_hq"", ""sample_aligned"": false, ""sample_rate"": 16000, ""seed"": 9080121470534838818, ""semitones"": -2}",55f2b2e0b53bdf780e2d02fecb589f1f5da114ddefc7f5c3bd8b343dab5eb8c3
20260905T233538.930635Z,b4f3de4a4f74b8742b201c9e0941cfe5166082fc,0ea442119cfa4d9f99e7b3b3ca6f55ddcdc1e56bc504ecce6b0481de96d1a73b,85a65f1f57cd5918e3529a1210a45ad78cb20cab8a6db637589aecc38e333336,15cd64de2c8ddb012c7001ab2b9d14b9009c3f6c85d26ac718ef884459e419c7,7729-102255-0014,7729,test-clean,5.295,20260905,positive,1,pitch_plus2,pitch,"{""family"": ""pitch"", ""id"": ""pitch_plus2"", ""semitones"": 2}",0.5,0.5,0.013538715429604053,0.015404369682073593,0,1001111100101000,0110111110100101,8,0.5,0.5,0,29.264671011908106,0.9976300130567789,NA,NA,NA,NA: Pitch shifting changes sample phase and content,5.295,84720,0.41371169686317444,0.0,0.0,1419.8421329492703,22.218213067390025,77.01928401365876,ok,,"{""alignment_reason"": ""Pitch shifting changes sample phase and content"", ""clipping_fraction"": 0.0, ""duration_seconds"": 5.295, ""family"": ""pitch"", ""hop_length"": 512, ""id"": ""pitch_plus2"", ""implementation"": ""librosa"", ""input_samples"": 84720, ""n_fft"": 2048, ""output_peak"": 0.41371169686317444, ""output_samples"": 84720, ""pre_limiter_peak"": 0.41371169686317444, ""res_type"": ""soxr_hq"", ""sample_aligned"": false, ""sample_rate"": 16000, ""seed"": 5003711967310042925, ""semitones"": 2}",960f509cbd49936a5f26017a38ee8b365dfac114b47b48e198b06f121f76d5c3
20260905T233538.930635Z,b4f3de4a4f74b8742b201c9e0941cfe5166082fc,0ea442119cfa4d9f99e7b3b3ca6f55ddcdc1e56bc504ecce6b0481de96d1a73b,85a65f1f57cd5918e3529a1210a45ad78cb20cab8a6db637589aecc38e333336,15cd64de2c8ddb012c7001ab2b9d14b9009c3f6c85d26ac718ef884459e419c7,7729-102255-0014,7729,test-clean,5.295,20260905,negative,0,pitch_plus2,pitch,"{""family"": ""pitch"", ""id"": ""pitch_plus2"", ""semitones"": 2}",0.5,0.5,0.0,0.002412202302366495,0,1001111100101000,0101110110100101,NA,NA,NA,NA,NA,NA,NA,NA,NA,NA: Pitch shifting changes sample phase and content,5.295,84720,0.37599775195121765,0.0,0.0,NA,22.245013038627803,77.44775107130408,ok,,"{""alignment_reason"": ""Pitch shifting changes sample phase and content"", ""clipping_fraction"": 0.0, ""duration_seconds"": 5.295, ""family"": ""pitch"", ""hop_length"": 512, ""id"": ""pitch_plus2"", ""implementation"": ""librosa"", ""input_samples"": 84720, ""n_fft"": 2048, ""output_peak"": 0.37599775195121765, ""output_samples"": 84720, ""pre_limiter_peak"": 0.37599775195121765, ""res_type"": ""soxr_hq"", ""sample_aligned"": false, ""sample_rate"": 16000, ""seed"": 5003711967310042925, ""semitones"": 2}",2fc1266a64bbc6a1987490ea99a1b5696c357d7cc42ba64622a27bb3b681010a
20260905T233538.930635Z,b4f3de4a4f74b8742b201c9e0941cfe5166082fc,0ea442119cfa4d9f99e7b3b3ca6f55ddcdc1e56bc504ecce6b0481de96d1a73b,85a65f1f57cd5918e3529a1210a45ad78cb20cab8a6db637589aecc38e333336,15cd64de2c8ddb012c7001ab2b9d14b9009c3f6c85d26ac718ef884459e419c7,7729-102255-0014,7729,test-clean,5.295,20260905,positive,1,stretch_09,stretch,"{""family"": ""stretch"", ""id"": ""stretch_09"", ""rate"": 0.9}",0.5,0.5,0.5572540760040283,0.5417398810386658,1,1001111100101000,1001111100101000,0,1.0,0.0,1,29.264671011908106,0.9976300130567789,NA,NA,NA,NA: Time stretching changes the temporal coordinate,5.8833125,94133,0.3995526134967804,0.0,0.0,1419.8421329492703,21.2279170518741,142.1149920206517,ok,,"{""alignment_reason"": ""Time stretching changes the temporal coordinate"", ""clipping_fraction"": 0.0, ""duration_seconds"": 5.8833125, ""family"": ""stretch"", ""hop_length"": 512, ""id"": ""stretch_09"", ""implementation"": ""librosa"", ""input_samples"": 84720, ""n_fft"": 2048, ""output_peak"": 0.3995526134967804, ""output_samples"": 94133, ""pre_limiter_peak"": 0.3995526134967804, ""rate"": 0.9, ""sample_aligned"": false, ""sample_rate"": 16000, ""seed"": 12279025538686859999}",d517008410c7ae97dd7cf746c024c346cb408a3281f83b51d99550a952a46242
20260905T233538.930635Z,b4f3de4a4f74b8742b201c9e0941cfe5166082fc,0ea442119cfa4d9f99e7b3b3ca6f55ddcdc1e56bc504ecce6b0481de96d1a73b,85a65f1f57cd5918e3529a1210a45ad78cb20cab8a6db637589aecc38e333336,15cd64de2c8ddb012c7001ab2b9d14b9009c3f6c85d26ac718ef884459e419c7,7729-102255-0014,7729,test-clean,5.295,20260905,negative,0,stretch_09,stretch,"{""family"": ""stretch"", ""id"": ""stretch_09"", ""rate"": 0.9}",0.5,0.5,0.0,0.015225966461002827,0,1001111100101000,0101111111110101,NA,NA,NA,NA,NA,NA,NA,NA,NA,NA: Time stretching changes the temporal coordinate,5.8833125,94133,0.41434359550476074,0.0,0.0,NA,20.92010003980249,84.63291404768825,ok,,"{""alignment_reason"": ""Time stretching changes the temporal coordinate"", ""clipping_fraction"": 0.0, ""duration_seconds"": 5.8833125, ""family"": ""stretch"", ""hop_length"": 512, ""id"": ""stretch_09"", ""implementation"": ""librosa"", ""input_samples"": 84720, ""n_fft"": 2048, ""output_peak"": 0.41434359550476074, ""output_samples"": 94133, ""pre_limiter_peak"": 0.41434359550476074, ""rate"": 0.9, ""sample_aligned"": false, ""sample_rate"": 16000, ""seed"": 12279025538686859999}",b2ef123b9b0296b0b3f5789cf8a34cc8e4e240deff8d3ed85d23d280776f4240
20260905T233538.930635Z,b4f3de4a4f74b8742b201c9e0941cfe5166082fc,0ea442119cfa4d9f99e7b3b3ca6f55ddcdc1e56bc504ecce6b0481de96d1a73b,85a65f1f57cd5918e3529a1210a45ad78cb20cab8a6db637589aecc38e333336,15cd64de2c8ddb012c7001ab2b9d14b9009c3f6c85d26ac718ef884459e419c7,7729-102255-0014,7729,test-clean,5.295,20260905,positive,1,stretch_11,stretch,"{""family"": ""stretch"", ""id"": ""stretch_11"", ""rate"": 1.1}",0.5,0.5,0.252888947725296,0.25581058859825134,0,1001111100101000,1001111100101000,0,1.0,0.0,1,29.264671011908106,0.9976300130567789,NA,NA,NA,NA: Time stretching changes the temporal coordinate,4.813625,77018,0.3851034343242645,0.0,0.0,1419.8421329492703,17.501759924925864,81.88633294776082,ok,,"{""alignment_reason"": ""Time stretching changes the temporal coordinate"", ""clipping_fraction"": 0.0, ""duration_seconds"": 4.813625, ""family"": ""stretch"", ""hop_length"": 512, ""id"": ""stretch_11"", ""implementation"": ""librosa"", ""input_samples"": 84720, ""n_fft"": 2048, ""output_peak"": 0.3851034343242645, ""output_samples"": 77018, ""pre_limiter_peak"": 0.3851034343242645, ""rate"": 1.1, ""sample_aligned"": false, ""sample_rate"": 16000, ""seed"": 9842788212174099682}",6f0b12e822b60b63e1c419eacf8ca9b1bf85b146709fc7abb23ba6542bc36aa5
20260905T233538.930635Z,b4f3de4a4f74b8742b201c9e0941cfe5166082fc,0ea442119cfa4d9f99e7b3b3ca6f55ddcdc1e56bc504ecce6b0481de96d1a73b,85a65f1f57cd5918e3529a1210a45ad78cb20cab8a6db637589aecc38e333336,15cd64de2c8ddb012c7001ab2b9d14b9009c3f6c85d26ac718ef884459e419c7,7729-102255-0014,7729,test-clean,5.295,20260905,negative,0,stretch_11,stretch,"{""family"": ""stretch"", ""id"": ""stretch_11"", ""rate"": 1.1}",0.5,0.5,0.0,0.004939391743391752,0,1001111100101000,0101111110110101,NA,NA,NA,NA,NA,NA,NA,NA,NA,NA: Time stretching changes the temporal coordinate,4.813625,77018,0.38963913917541504,0.0,0.0,NA,17.87919900380075,67.10650702007115,ok,,"{""alignment_reason"": ""Time stretching changes the temporal coordinate"", ""clipping_fraction"": 0.0, ""duration_seconds"": 4.813625, ""family"": ""stretch"", ""hop_length"": 512, ""id"": ""stretch_11"", ""implementation"": ""librosa"", ""input_samples"": 84720, ""n_fft"": 2048, ""output_peak"": 0.38963913917541504, ""output_samples"": 77018, ""pre_limiter_peak"": 0.38963913917541504, ""rate"": 1.1, ""sample_aligned"": false, ""sample_rate"": 16000, ""seed"": 9842788212174099682}",6a457e69f464007b86ac59ec90771bce2a17a864f4379b1a5f1b567bd6fba19e
20260905T233538.930635Z,b4f3de4a4f74b8742b201c9e0941cfe5166082fc,0ea442119cfa4d9f99e7b3b3ca6f55ddcdc1e56bc504ecce6b0481de96d1a73b,85a65f1f57cd5918e3529a1210a45ad78cb20cab8a6db637589aecc38e333336,15cd64de2c8ddb012c7001ab2b9d14b9009c3f6c85d26ac718ef884459e419c7,7729-102255-0014,7729,test-clean,5.295,20260905,positive,1,crop_10,crop,"{""family"": ""crop"", ""fraction"": 0.1, ""id"": ""crop_10""}",0.5,0.5,0.955015242099762,0.9305369257926941,1,1001111100101000,0110000000101000,8,0.5,0.5,0,29.264671011908106,0.9976300130567789,NA,NA,NA,NA: Contiguous crop changes length and may shift time origin,4.7655,76248,0.6830843687057495,0.0,0.0,1419.8421329492703,0.3643840318545699,116.35494499932975,ok,,"{""alignment_reason"": ""Contiguous crop changes length and may shift time origin"", ""clipping_fraction"": 0.0, ""crop_end_sample"": 76452, ""crop_start_sample"": 204, ""duration_seconds"": 4.7655, ""family"": ""crop"", ""fraction"": 0.1, ""id"": ""crop_10"", ""input_samples"": 84720, ""output_peak"": 0.6830843687057495, ""output_samples"": 76248, ""pre_limiter_peak"": 0.6830843687057495, ""removed_fraction_actual"": 0.09999999999999998, ""sample_aligned"": false, ""sample_rate"": 16000, ""seed"": 5989287358450995465}",bc44827885cb0d53444fa710ca07def417cc241d712c95d804ad416a61eeb21e
20260905T233538.930635Z,b4f3de4a4f74b8742b201c9e0941cfe5166082fc,0ea442119cfa4d9f99e7b3b3ca6f55ddcdc1e56bc504ecce6b0481de96d1a73b,85a65f1f57cd5918e3529a1210a45ad78cb20cab8a6db637589aecc38e333336,15cd64de2c8ddb012c7001ab2b9d14b9009c3f6c85d26ac718ef884459e419c7,7729-102255-0014,7729,test-clean,5.295,20260905,negative,0,crop_10,crop,"{""family"": ""crop"", ""fraction"": 0.1, ""id"": ""crop_10""}",0.5,0.5,0.0,0.0011052524205297232,0,1001111100101000,0101110110100100,NA,NA,NA,NA,NA,NA,NA,NA,NA,NA: Contiguous crop changes length and may shift time origin,4.7655,76248,0.66864013671875,0.0,0.0,NA,0.3541449550539255,65.17432699911296,ok,,"{""alignment_reason"": ""Contiguous crop changes length and may shift time origin"", ""clipping_fraction"": 0.0, ""crop_end_sample"": 76452, ""crop_start_sample"": 204, ""duration_seconds"": 4.7655, ""family"": ""crop"", ""fraction"": 0.1, ""id"": ""crop_10"", ""input_samples"": 84720, ""output_peak"": 0.66864013671875, ""output_samples"": 76248, ""pre_limiter_peak"": 0.66864013671875, ""removed_fraction_actual"": 0.09999999999999998, ""sample_aligned"": false, ""sample_rate"": 16000, ""seed"": 5989287358450995465}",a66b68d2264c152298263581dcb7ebe17c1c824c2a2bf3f880dd8dd474b11b30
20260905T233538.930635Z,b4f3de4a4f74b8742b201c9e0941cfe5166082fc,0ea442119cfa4d9f99e7b3b3ca6f55ddcdc1e56bc504ecce6b0481de96d1a73b,85a65f1f57cd5918e3529a1210a45ad78cb20cab8a6db637589aecc38e333336,15cd64de2c8ddb012c7001ab2b9d14b9009c3f6c85d26ac718ef884459e419c7,7729-102255-0014,7729,test-clean,5.295,20260905,positive,1,crop_25,crop,"{""family"": ""crop"", ""fraction"": 0.25, ""id"": ""crop_25""}",0.5,0.5,0.9829398989677429,0.9786064624786377,1,1001111100101000,1101111000111110,5,0.6875,0.3125,0,29.264671011908106,0.9976300130567789,NA,NA,NA,NA: Contiguous crop changes length and may shift time origin,3.97125,63540,0.6830843687057495,0.0,0.0,1419.8421329492703,0.3434739774093032,71.20305800344795,ok,,"{""alignment_reason"": ""Contiguous crop changes length and may shift time origin"", ""clipping_fraction"": 0.0, ""crop_end_sample"": 71249, ""crop_start_sample"": 7709, ""duration_seconds"": 3.97125, ""family"": ""crop"", ""fraction"": 0.25, ""id"": ""crop_25"", ""input_samples"": 84720, ""output_peak"": 0.6830843687057495, ""output_samples"": 63540, ""pre_limiter_peak"": 0.6830843687057495, ""removed_fraction_actual"": 0.25, ""sample_aligned"": false, ""sample_rate"": 16000, ""seed"": 3651646302974125985}",feb3c57874ccd038b12461e2efa07d9831eb8b688e02e3cbbbfe2159f60c1a34
20260905T233538.930635Z,b4f3de4a4f74b8742b201c9e0941cfe5166082fc,0ea442119cfa4d9f99e7b3b3ca6f55ddcdc1e56bc504ecce6b0481de96d1a73b,85a65f1f57cd5918e3529a1210a45ad78cb20cab8a6db637589aecc38e333336,15cd64de2c8ddb012c7001ab2b9d14b9009c3f6c85d26ac718ef884459e419c7,7729-102255-0014,7729,test-clean,5.295,20260905,negative,0,crop_25,crop,"{""family"": ""crop"", ""fraction"": 0.25, ""id"": ""crop_25""}",0.5,0.5,0.0,0.00248895725235343,0,1001111100101000,0100110110100100,NA,NA,NA,NA,NA,NA,NA,NA,NA,NA: Contiguous crop changes length and may shift time origin,3.97125,63540,0.66864013671875,0.0,0.0,NA,0.33301394432783127,54.1799389757216,ok,,"{""alignment_reason"": ""Contiguous crop changes length and may shift time origin"", ""clipping_fraction"": 0.0, ""crop_end_sample"": 71249, ""crop_start_sample"": 7709, ""duration_seconds"": 3.97125, ""family"": ""crop"", ""fraction"": 0.25, ""id"": ""crop_25"", ""input_samples"": 84720, ""output_peak"": 0.66864013671875, ""output_samples"": 63540, ""pre_limiter_peak"": 0.66864013671875, ""removed_fraction_actual"": 0.25, ""sample_aligned"": false, ""sample_rate"": 16000, ""seed"": 3651646302974125985}",84ab18dfa7a9d707c2f4801440efc8103d975194b8f73ec07d577781f6037efa
20260905T233538.930635Z,b4f3de4a4f74b8742b201c9e0941cfe5166082fc,0ea442119cfa4d9f99e7b3b3ca6f55ddcdc1e56bc504ecce6b0481de96d1a73b,85a65f1f57cd5918e3529a1210a45ad78cb20cab8a6db637589aecc38e333336,15cd64de2c8ddb012c7001ab2b9d14b9009c3f6c85d26ac718ef884459e419c7,8224-274384-0002,8224,test-clean,9.815,20260905,positive,1,clean,clean,"{""family"": ""clean"", ""id"": ""clean""}",0.5,0.5,1.0,0.9999896287918091,1,0101001100010011,0101001100010011,0,1.0,0.0,1,33.11112121634527,0.9981176882448858,0.9981176882448858,NA,33.11112121634527,aligned_to_original,9.815,157040,0.3962559401988983,0.0,0.0,2702.6843919884413,0.835179933346808,276.7298159888014,ok,,"{""clipping_fraction"": 0.0, ""duration_seconds"": 9.815, ""family"": ""clean"", ""id"": ""clean"", ""input_samples"": 157040, ""output_peak"": 0.3962559401988983, ""output_samples"": 157040, ""pre_limiter_peak"": 0.3962559401988983, ""sample_aligned"": true, ""sample_rate"": 16000, ""seed"": 9876337256567184913}",1340e54ab38b60dcf290ce34c06693dc52a84e14386c8724979e01b80577ae68
20260905T233538.930635Z,b4f3de4a4f74b8742b201c9e0941cfe5166082fc,0ea442119cfa4d9f99e7b3b3ca6f55ddcdc1e56bc504ecce6b0481de96d1a73b,85a65f1f57cd5918e3529a1210a45ad78cb20cab8a6db637589aecc38e333336,15cd64de2c8ddb012c7001ab2b9d14b9009c3f6c85d26ac718ef884459e419c7,8224-274384-0002,8224,test-clean,9.815,20260905,negative,0,clean,clean,"{""family"": ""clean"", ""id"": ""clean""}",0.5,0.5,0.0023242486640810966,0.011516436003148556,0,0101001100010011,0100010110100100,NA,NA,NA,NA,NA,NA,0.9999999999999998,NA,inf,aligned_to_original,9.815,157040,0.39178466796875,0.0,0.0,NA,0.6947930669412017,179.5334880007431,ok,,"{""clipping_fraction"": 0.0, ""duration_seconds"": 9.815, ""family"": ""clean"", ""id"": ""clean"", ""input_samples"": 157040, ""output_peak"": 0.39178466796875, ""output_samples"": 157040, ""pre_limiter_peak"": 0.39178466796875, ""sample_aligned"": true, ""sample_rate"": 16000, ""seed"": 9876337256567184913}",1db291ebc3e15f34aa8fcdbe068eaa33e04a6a95ca2f912641d9e23128a34467
20260905T233538.930635Z,b4f3de4a4f74b8742b201c9e0941cfe5166082fc,0ea442119cfa4d9f99e7b3b3ca6f55ddcdc1e56bc504ecce6b0481de96d1a73b,85a65f1f57cd5918e3529a1210a45ad78cb20cab8a6db637589aecc38e333336,15cd64de2c8ddb012c7001ab2b9d14b9009c3f6c85d26ac718ef884459e419c7,8224-274384-0002,8224,test-clean,9.815,20260905,positive,1,mp3_128,mp3,"{""bitrate_kbps"": 128, ""family"": ""mp3"", ""id"": ""mp3_128""}",0.5,0.5,1.0,0.9999895691871643,1,0101001100010011,0101001100010011,0,1.0,0.0,1,33.11112121634527,0.9981176882448858,NA,NA,NA,NA: MP3 codec delay/alignment not independently verified,9.815,157040,0.3763924837112427,0.0,0.0,2702.6843919884413,33.150992006994784,162.75330202188343,ok,,"{""alignment_reason"": ""MP3 codec delay/alignment not independently verified"", ""bitrate_kbps"": 128, ""clipping_fraction"": 0.0, ""codec"": ""libmp3lame"", ""duration_seconds"": 9.815, ""family"": ""mp3"", ""id"": ""mp3_128"", ""input_samples"": 157040, ""output_peak"": 0.3763924837112427, ""output_samples"": 157040, ""pre_limiter_peak"": 0.3763924837112427, ""sample_aligned"": false, ""sample_rate"": 16000, ""seed"": 1560139494842575559}",2ba18fbf56d7b872f1231390d4fe8d9227cf683dacd918f2f3acdc77b234689a
20260905T233538.930635Z,b4f3de4a4f74b8742b201c9e0941cfe5166082fc,0ea442119cfa4d9f99e7b3b3ca6f55ddcdc1e56bc504ecce6b0481de96d1a73b,85a65f1f57cd5918e3529a1210a45ad78cb20cab8a6db637589aecc38e333336,15cd64de2c8ddb012c7001ab2b9d14b9009c3f6c85d26ac718ef884459e419c7,8224-274384-0002,8224,test-clean,9.815,20260905,negative,0,mp3_128,mp3,"{""bitrate_kbps"": 128, ""family"": ""mp3"", ""id"": ""mp3_128""}",0.5,0.5,0.002114111091941595,0.010909906588494778,0,0101001100010011,0100010110100100,NA,NA,NA,NA,NA,NA,NA,NA,NA,NA: MP3 codec delay/alignment not independently verified,9.815,157040,0.37216925621032715,0.0,0.0,NA,30.714662978425622,163.46016805619,ok,,"{""alignment_reason"": ""MP3 codec delay/alignment not independently verified"", ""bitrate_kbps"": 128, ""clipping_fraction"": 0.0, ""codec"": ""libmp3lame"", ""duration_seconds"": 9.815, ""family"": ""mp3"", ""id"": ""mp3_128"", ""input_samples"": 157040, ""output_peak"": 0.37216925621032715, ""output_samples"": 157040, ""pre_limiter_peak"": 0.37216925621032715, ""sample_aligned"": false, ""sample_rate"": 16000, ""seed"": 1560139494842575559}",1766a01a2c56400251f276d89cd54f20dcb9f989a83aa44365e5cdffff7661cf
20260905T233538.930635Z,b4f3de4a4f74b8742b201c9e0941cfe5166082fc,0ea442119cfa4d9f99e7b3b3ca6f55ddcdc1e56bc504ecce6b0481de96d1a73b,85a65f1f57cd5918e3529a1210a45ad78cb20cab8a6db637589aecc38e333336,15cd64de2c8ddb012c7001ab2b9d14b9009c3f6c85d26ac718ef884459e419c7,8224-274384-0002,8224,test-clean,9.815,20260905,positive,1,mp3_64,mp3,"{""bitrate_kbps"": 64, ""family"": ""mp3"", ""id"": ""mp3_64""}",0.5,0.5,1.0,0.9999900460243225,1,0101001100010011,0101001100010011,0,1.0,0.0,1,33.11112121634527,0.9981176882448858,NA,NA,NA,NA: MP3 codec delay/alignment not independently verified,9.815,157040,0.3766389489173889,0.0,0.0,2702.6843919884413,36.91670298576355,165.15426302794367,ok,,"{""alignment_reason"": ""MP3 codec delay/alignment not independently verified"", ""bitrate_kbps"": 64, ""clipping_fraction"": 0.0, ""codec"": ""libmp3lame"", ""duration_seconds"": 9.815, ""family"": ""mp3"", ""id"": ""mp3_64"", ""input_samples"": 157040, ""output_peak"": 0.3766389489173889, ""output_samples"": 157040, ""pre_limiter_peak"": 0.3766389489173889, ""sample_aligned"": false, ""sample_rate"": 16000, ""seed"": 17899974800018058897}",c30c8cf81148bcce61515e39a7a9508812ff3ecd89474e18ecb77d4055560bf6
20260905T233538.930635Z,b4f3de4a4f74b8742b201c9e0941cfe5166082fc,0ea442119cfa4d9f99e7b3b3ca6f55ddcdc1e56bc504ecce6b0481de96d1a73b,85a65f1f57cd5918e3529a1210a45ad78cb20cab8a6db637589aecc38e333336,15cd64de2c8ddb012c7001ab2b9d14b9009c3f6c85d26ac718ef884459e419c7,8224-274384-0002,8224,test-clean,9.815,20260905,negative,0,mp3_64,mp3,"{""bitrate_kbps"": 64, ""family"": ""mp3"", ""id"": ""mp3_64""}",0.5,0.5,0.00017829852004069835,0.009101097472012043,0,0101001100010011,0100010110100000,NA,NA,NA,NA,NA,NA,NA,NA,NA,NA: MP3 codec delay/alignment not independently verified,9.815,157040,0.3720571994781494,0.0,0.0,NA,32.44514705147594,163.3681219536811,ok,,"{""alignment_reason"": ""MP3 codec delay/alignment not independently verified"", ""bitrate_kbps"": 64, ""clipping_fraction"": 0.0, ""codec"": ""libmp3lame"", ""duration_seconds"": 9.815, ""family"": ""mp3"", ""id"": ""mp3_64"", ""input_samples"": 157040, ""output_peak"": 0.3720571994781494, ""output_samples"": 157040, ""pre_limiter_peak"": 0.3720571994781494, ""sample_aligned"": false, ""sample_rate"": 16000, ""seed"": 17899974800018058897}",d5872be81ce640239d64baaeec0a72267f7033486751da662ecb0e88eff0390d
20260905T233538.930635Z,b4f3de4a4f74b8742b201c9e0941cfe5166082fc,0ea442119cfa4d9f99e7b3b3ca6f55ddcdc1e56bc504ecce6b0481de96d1a73b,85a65f1f57cd5918e3529a1210a45ad78cb20cab8a6db637589aecc38e333336,15cd64de2c8ddb012c7001ab2b9d14b9009c3f6c85d26ac718ef884459e419c7,8224-274384-0002,8224,test-clean,9.815,20260905,positive,1,noise_30,noise,"{""family"": ""noise"", ""id"": ""noise_30"", ""snr_db"": 30}",0.5,0.5,0.6815397143363953,0.678347647190094,1,0101001100010011,0101001100010011,0,1.0,0.0,1,33.11112121634527,0.9981176882448858,0.9920847052926158,NA,28.279087093154303,aligned_to_original,9.815,157040,0.3969021439552307,0.0,0.0,2702.6843919884413,3.2932820031419396,164.51344301458448,ok,,"{""clipping_fraction"": 0.0, ""duration_seconds"": 9.815, ""family"": ""noise"", ""id"": ""noise_30"", ""input_samples"": 157040, ""noise_snr_db"": 29.999999986429128, ""noise_snr_db_pre_clipping"": 30.0, ""output_peak"": 0.3969021439552307, ""output_samples"": 157040, ""pre_limiter_peak"": 0.39690214333522666, ""sample_aligned"": true, ""sample_rate"": 16000, ""seed"": 11030908695416272127, ""snr_db"": 30}",f2836f6f0d85c363f204886cff61452383dee0eb439d37746504d8e4fa908a90
20260905T233538.930635Z,b4f3de4a4f74b8742b201c9e0941cfe5166082fc,0ea442119cfa4d9f99e7b3b3ca6f55ddcdc1e56bc504ecce6b0481de96d1a73b,85a65f1f57cd5918e3529a1210a45ad78cb20cab8a6db637589aecc38e333336,15cd64de2c8ddb012c7001ab2b9d14b9009c3f6c85d26ac718ef884459e419c7,8224-274384-0002,8224,test-clean,9.815,20260905,negative,0,noise_30,noise,"{""family"": ""noise"", ""id"": ""noise_30"", ""snr_db"": 30}",0.5,0.5,0.002101375488564372,0.010396232828497887,0,0101001100010011,0100011110110000,NA,NA,NA,NA,NA,NA,0.993969707048885,NA,29.999999999361968,aligned_to_original,9.815,157040,0.3924310505390167,0.0,0.0,NA,3.1079489272087812,169.75762997753918,ok,,"{""clipping_fraction"": 0.0, ""duration_seconds"": 9.815, ""family"": ""noise"", ""id"": ""noise_30"", ""input_samples"": 157040, ""noise_snr_db"": 29.999999999361968, ""noise_snr_db_pre_clipping"": 30.0, ""output_peak"": 0.3924310505390167, ""output_samples"": 157040, ""pre_limiter_peak"": 0.3924310443057904, ""sample_aligned"": true, ""sample_rate"": 16000, ""seed"": 11030908695416272127, ""snr_db"": 30}",af2cb8e5aa62a8b046a84152fee27a9343c81d3e435632412bd5b7a59b2b04e6
20260905T233538.930635Z,b4f3de4a4f74b8742b201c9e0941cfe5166082fc,0ea442119cfa4d9f99e7b3b3ca6f55ddcdc1e56bc504ecce6b0481de96d1a73b,85a65f1f57cd5918e3529a1210a45ad78cb20cab8a6db637589aecc38e333336,15cd64de2c8ddb012c7001ab2b9d14b9009c3f6c85d26ac718ef884459e419c7,8224-274384-0002,8224,test-clean,9.815,20260905,positive,1,noise_20,noise,"{""family"": ""noise"", ""id"": ""noise_20"", ""snr_db"": 20}",0.5,0.5,0.490556538105011,0.5022503733634949,0,0101001100010011,0101001100011011,1,0.9375,0.0625,0,33.11112121634527,0.9981176882448858,0.952902962967103,NA,19.799864801339663,aligned_to_original,9.815,157040,0.3994724154472351,0.0,0.0,2702.6843919884413,3.109500976279378,168.37096004746854,ok,,"{""clipping_fraction"": 0.0, ""duration_seconds"": 9.815, ""family"": ""noise"", ""id"": ""noise_20"", ""input_samples"": 157040, ""noise_snr_db"": 19.999999992799683, ""noise_snr_db_pre_clipping"": 19.999999999999996, ""output_peak"": 0.3994724154472351, ""output_samples"": 157040, ""pre_limiter_peak"": 0.39947240616722524, ""sample_aligned"": true, ""sample_rate"": 16000, ""seed"": 13744138890448674885, ""snr_db"": 20}",f9cd2795099bb365c91122ed79f9eddc5c46b16a5b526fed1146a5155ed3cafa
20260905T233538.930635Z,b4f3de4a4f74b8742b201c9e0941cfe5166082fc,0ea442119cfa4d9f99e7b3b3ca6f55ddcdc1e56bc504ecce6b0481de96d1a73b,85a65f1f57cd5918e3529a1210a45ad78cb20cab8a6db637589aecc38e333336,15cd64de2c8ddb012c7001ab2b9d14b9009c3f6c85d26ac718ef884459e419c7,8224-274384-0002,8224,test-clean,9.815,20260905,negative,0,noise_20,noise,"{""family"": ""noise"", ""id"": ""noise_20"", ""snr_db"": 20}",0.5,0.5,0.0,0.017684757709503174,0,0101001100010011,0110011110100101,NA,NA,NA,NA,NA,NA,0.9556125356363612,NA,20.00000000596961,aligned_to_original,9.815,157040,0.4045390486717224,0.0,0.0,NA,3.0978599097579718,170.56841298472136,ok,,"{""clipping_fraction"": 0.0, ""duration_seconds"": 9.815, ""family"": ""noise"", ""id"": ""noise_20"", ""input_samples"": 157040, ""noise_snr_db"": 20.00000000596961, ""noise_snr_db_pre_clipping"": 19.999999999999996, ""output_peak"": 0.4045390486717224, ""output_samples"": 157040, ""pre_limiter_peak"": 0.40453906298703124, ""sample_aligned"": true, ""sample_rate"": 16000, ""seed"": 13744138890448674885, ""snr_db"": 20}",1c4016112a372c2c91d3c90be2bcbb536d9b37b297565b63e770b1a805384ee6
20260905T233538.930635Z,b4f3de4a4f74b8742b201c9e0941cfe5166082fc,0ea442119cfa4d9f99e7b3b3ca6f55ddcdc1e56bc504ecce6b0481de96d1a73b,85a65f1f57cd5918e3529a1210a45ad78cb20cab8a6db637589aecc38e333336,15cd64de2c8ddb012c7001ab2b9d14b9009c3f6c85d26ac718ef884459e419c7,8224-274384-0002,8224,test-clean,9.815,20260905,positive,1,resample_12000,resample,"{""family"": ""resample"", ""id"": ""resample_12000"", ""intermediate_sr"": 12000}",0.5,0.5,1.0,0.9999896287918091,1,0101001100010011,0101001100010011,0,1.0,0.0,1,33.11112121634527,0.9981176882448858,0.9981174025781127,NA,23.603346584174787,aligned_to_original,9.815,157040,0.3971126079559326,0.0,0.0,2702.6843919884413,4.613895900547504,167.3679380910471,ok,,"{""clipping_fraction"": 0.0, ""duration_seconds"": 9.815, ""family"": ""resample"", ""id"": ""resample_12000"", ""input_samples"": 157040, ""intermediate_sr"": 12000, ""output_peak"": 0.3971126079559326, ""output_samples"": 157040, ""pre_limiter_peak"": 0.3971126079559326, ""resampler"": ""scipy.signal.resample_poly"", ""resampler_window"": [""kaiser"", 5.0], ""sample_aligned"": true, ""sample_rate"": 16000, ""seed"": 18280908618874821016}",4166c009a4e117ba498fd27872f02cadea3a6d4157602ce09559581ea9b134be
20260905T233538.930635Z,b4f3de4a4f74b8742b201c9e0941cfe5166082fc,0ea442119cfa4d9f99e7b3b3ca6f55ddcdc1e56bc504ecce6b0481de96d1a73b,85a65f1f57cd5918e3529a1210a45ad78cb20cab8a6db637589aecc38e333336,15cd64de2c8ddb012c7001ab2b9d14b9009c3f6c85d26ac718ef884459e419c7,8224-274384-0002,8224,test-clean,9.815,20260905,negative,0,resample_12000,resample,"{""family"": ""resample"", ""id"": ""resample_12000"", ""intermediate_sr"": 12000}",0.5,0.5,0.002190524712204933,0.01118124183267355,0,0101001100010011,0100010110100100,NA,NA,NA,NA,NA,NA,0.9999995911760068,NA,24.118961246120026,aligned_to_original,9.815,157040,0.3926417827606201,0.0,0.0,NA,4.635968012735248,168.88773196842521,ok,,"{""clipping_fraction"": 0.0, ""duration_seconds"": 9.815, ""family"": ""resample"", ""id"": ""resample_12000"", ""input_samples"": 157040, ""intermediate_sr"": 12000, ""output_peak"": 0.3926417827606201, ""output_samples"": 157040, ""pre_limiter_peak"": 0.3926417827606201, ""resampler"": ""scipy.signal.resample_poly"", ""resampler_window"": [""kaiser"", 5.0], ""sample_aligned"": true, ""sample_rate"": 16000, ""seed"": 18280908618874821016}",45d48703e13981ed41eb17f7385fad217c68402b52ca66d401d0c39e56a58be5
20260905T233538.930635Z,b4f3de4a4f74b8742b201c9e0941cfe5166082fc,0ea442119cfa4d9f99e7b3b3ca6f55ddcdc1e56bc504ecce6b0481de96d1a73b,85a65f1f57cd5918e3529a1210a45ad78cb20cab8a6db637589aecc38e333336,15cd64de2c8ddb012c7001ab2b9d14b9009c3f6c85d26ac718ef884459e419c7,8224-274384-0002,8224,test-clean,9.815,20260905,positive,1,resample_8000,resample,"{""family"": ""resample"", ""id"": ""resample_8000"", ""intermediate_sr"": 8000}",0.5,0.5,1.0,0.9999904632568359,1,0101001100010011,0101001100010011,0,1.0,0.0,1,33.11112121634527,0.9981176882448858,0.9965581684169185,NA,19.990851944386407,aligned_to_original,9.815,157040,0.3981077969074249,0.0,0.0,2702.6843919884413,4.693307098932564,167.9324230644852,ok,,"{""clipping_fraction"": 0.0, ""duration_seconds"": 9.815, ""family"": ""resample"", ""id"": ""resample_8000"", ""input_samples"": 157040, ""intermediate_sr"": 8000, ""output_peak"": 0.3981077969074249, ""output_samples"": 157040, ""pre_limiter_peak"": 0.3981077969074249, ""resampler"": ""scipy.signal.resample_poly"", ""resampler_window"": [""kaiser"", 5.0], ""sample_aligned"": true, ""sample_rate"": 16000, ""seed"": 10348700811063371985}",44f87dcc63c5373b7225d5606f6c4e1e23c539170e9e62ca71ee24dbf14939c0
20260905T233538.930635Z,b4f3de4a4f74b8742b201c9e0941cfe5166082fc,0ea442119cfa4d9f99e7b3b3ca6f55ddcdc1e56bc504ecce6b0481de96d1a73b,85a65f1f57cd5918e3529a1210a45ad78cb20cab8a6db637589aecc38e333336,15cd64de2c8ddb012c7001ab2b9d14b9009c3f6c85d26ac718ef884459e419c7,8224-274384-0002,8224,test-clean,9.815,20260905,negative,0,resample_8000,resample,"{""family"": ""resample"", ""id"": ""resample_8000"", ""intermediate_sr"": 8000}",0.5,0.5,0.0006622516666539013,0.00876807514578104,0,0101001100010011,0110110110110100,NA,NA,NA,NA,NA,NA,0.9984418623412851,NA,20.207996106416658,aligned_to_original,9.815,157040,0.3936266005039215,0.0,0.0,NA,4.6980970073491335,168.38478401768953,ok,,"{""clipping_fraction"": 0.0, ""duration_seconds"": 9.815, ""family"": ""resample"", ""id"": ""resample_8000"", ""input_samples"": 157040, ""intermediate_sr"": 8000, ""output_peak"": 0.3936266005039215, ""output_samples"": 157040, ""pre_limiter_peak"": 0.3936266005039215, ""resampler"": ""scipy.signal.resample_poly"", ""resampler_window"": [""kaiser"", 5.0], ""sample_aligned"": true, ""sample_rate"": 16000, ""seed"": 10348700811063371985}",e24afb4a462d0bc5f86dceb433d2382e22ecb56e595502f8e7a5f0b282b9c7e1
20260905T233538.930635Z,b4f3de4a4f74b8742b201c9e0941cfe5166082fc,0ea442119cfa4d9f99e7b3b3ca6f55ddcdc1e56bc504ecce6b0481de96d1a73b,85a65f1f57cd5918e3529a1210a45ad78cb20cab8a6db637589aecc38e333336,15cd64de2c8ddb012c7001ab2b9d14b9009c3f6c85d26ac718ef884459e419c7,8224-274384-0002,8224,test-clean,9.815,20260905,positive,1,pitch_minus2,pitch,"{""family"": ""pitch"", ""id"": ""pitch_minus2"", ""semitones"": -2}",0.5,0.5,0.0,0.00977335125207901,0,0101001100010011,0100111110100001,7,0.5625,0.4375,0,33.11112121634527,0.9981176882448858,NA,NA,NA,NA: Pitch shifting changes sample phase and content,9.815,157040,0.3643342852592468,0.0,0.0,2702.6843919884413,32.909089932218194,163.66217005997896,ok,,"{""alignment_reason"": ""Pitch shifting changes sample phase and content"", ""clipping_fraction"": 0.0, ""duration_seconds"": 9.815, ""family"": ""pitch"", ""hop_length"": 512, ""id"": ""pitch_minus2"", ""implementation"": ""librosa"", ""input_samples"": 157040, ""n_fft"": 2048, ""output_peak"": 0.3643342852592468, ""output_samples"": 157040, ""pre_limiter_peak"": 0.3643342852592468, ""res_type"": ""soxr_hq"", ""sample_aligned"": false, ""sample_rate"": 16000, ""seed"": 11653107360510246585, ""semitones"": -2}",2570aa19c5b78f8428c8002803baf9aab79253c86746691f6ae45c191af858da
20260905T233538.930635Z,b4f3de4a4f74b8742b201c9e0941cfe5166082fc,0ea442119cfa4d9f99e7b3b3ca6f55ddcdc1e56bc504ecce6b0481de96d1a73b,85a65f1f57cd5918e3529a1210a45ad78cb20cab8a6db637589aecc38e333336,15cd64de2c8ddb012c7001ab2b9d14b9009c3f6c85d26ac718ef884459e419c7,8224-274384-0002,8224,test-clean,9.815,20260905,negative,0,pitch_minus2,pitch,"{""family"": ""pitch"", ""id"": ""pitch_minus2"", ""semitones"": -2}",0.5,0.5,0.0,0.012219678610563278,0,0101001100010011,0110111110100100,NA,NA,NA,NA,NA,NA,NA,NA,NA,NA: Pitch shifting changes sample phase and content,9.815,157040,0.36146724224090576,0.0,0.0,NA,33.35271601099521,164.85975100658834,ok,,"{""alignment_reason"": ""Pitch shifting changes sample phase and content"", ""clipping_fraction"": 0.0, ""duration_seconds"": 9.815, ""family"": ""pitch"", ""hop_length"": 512, ""id"": ""pitch_minus2"", ""implementation"": ""librosa"", ""input_samples"": 157040, ""n_fft"": 2048, ""output_peak"": 0.36146724224090576, ""output_samples"": 157040, ""pre_limiter_peak"": 0.36146724224090576, ""res_type"": ""soxr_hq"", ""sample_aligned"": false, ""sample_rate"": 16000, ""seed"": 11653107360510246585, ""semitones"": -2}",6641f8bc8377be43d9622f58efa18b5fdd6a6bacc7b2882156907b0f97f62f4a
20260905T233538.930635Z,b4f3de4a4f74b8742b201c9e0941cfe5166082fc,0ea442119cfa4d9f99e7b3b3ca6f55ddcdc1e56bc504ecce6b0481de96d1a73b,85a65f1f57cd5918e3529a1210a45ad78cb20cab8a6db637589aecc38e333336,15cd64de2c8ddb012c7001ab2b9d14b9009c3f6c85d26ac718ef884459e419c7,8224-274384-0002,8224,test-clean,9.815,20260905,positive,1,pitch_plus2,pitch,"{""family"": ""pitch"", ""id"": ""pitch_plus2"", ""semitones"": 2}",0.5,0.5,0.0,0.004373037721961737,0,0101001100010011,0100111110100100,9,0.4375,0.5625,0,33.11112121634527,0.9981176882448858,NA,NA,NA,NA: Pitch shifting changes sample phase and content,9.815,157040,0.43221259117126465,0.0,0.0,2702.6843919884413,39.09118298906833,164.5725240232423,ok,,"{""alignment_reason"": ""Pitch shifting changes sample phase and content"", ""clipping_fraction"": 0.0, ""duration_seconds"": 9.815, ""family"": ""pitch"", ""hop_length"": 512, ""id"": ""pitch_plus2"", ""implementation"": ""librosa"", ""input_samples"": 157040, ""n_fft"": 2048, ""output_peak"": 0.43221259117126465, ""output_samples"": 157040, ""pre_limiter_peak"": 0.43221259117126465, ""res_type"": ""soxr_hq"", ""sample_aligned"": false, ""sample_rate"": 16000, ""seed"": 6562204429681487276, ""semitones"": 2}",8b92c3634bc9d0f97c2647c3f84b23d4406987e1ac938b1ed5546e7a2214e8d5
20260905T233538.930635Z,b4f3de4a4f74b8742b201c9e0941cfe5166082fc,0ea442119cfa4d9f99e7b3b3ca6f55ddcdc1e56bc504ecce6b0481de96d1a73b,85a65f1f57cd5918e3529a1210a45ad78cb20cab8a6db637589aecc38e333336,15cd64de2c8ddb012c7001ab2b9d14b9009c3f6c85d26ac718ef884459e419c7,8224-274384-0002,8224,test-clean,9.815,20260905,negative,0,pitch_plus2,pitch,"{""family"": ""pitch"", ""id"": ""pitch_plus2"", ""semitones"": 2}",0.5,0.5,0.0,0.00384052493609488,0,0101001100010011,0101111110100101,NA,NA,NA,NA,NA,NA,NA,NA,NA,NA: Pitch shifting changes sample phase and content,9.815,157040,0.3951699137687683,0.0,0.0,NA,39.48050399776548,162.26263507269323,ok,,"{""alignment_reason"": ""Pitch shifting changes sample phase and content"", ""clipping_fraction"": 0.0, ""duration_seconds"": 9.815, ""family"": ""pitch"", ""hop_length"": 512, ""id"": ""pitch_plus2"", ""implementation"": ""librosa"", ""input_samples"": 157040, ""n_fft"": 2048, ""output_peak"": 0.3951699137687683, ""output_samples"": 157040, ""pre_limiter_peak"": 0.3951699137687683, ""res_type"": ""soxr_hq"", ""sample_aligned"": false, ""sample_rate"": 16000, ""seed"": 6562204429681487276, ""semitones"": 2}",753e6bf4b37001e3a40446f1fc1e7b0e1b18513eac98c84a9991023edc278c9a
20260905T233538.930635Z,b4f3de4a4f74b8742b201c9e0941cfe5166082fc,0ea442119cfa4d9f99e7b3b3ca6f55ddcdc1e56bc504ecce6b0481de96d1a73b,85a65f1f57cd5918e3529a1210a45ad78cb20cab8a6db637589aecc38e333336,15cd64de2c8ddb012c7001ab2b9d14b9009c3f6c85d26ac718ef884459e419c7,8224-274384-0002,8224,test-clean,9.815,20260905,positive,1,stretch_09,stretch,"{""family"": ""stretch"", ""id"": ""stretch_09"", ""rate"": 0.9}",0.5,0.5,0.21604226529598236,0.24024055898189545,0,0101001100010011,0101001100010011,0,1.0,0.0,1,33.11112121634527,0.9981176882448858,NA,NA,NA,NA: Time stretching changes the temporal coordinate,10.9055625,174489,0.3918651342391968,0.0,0.0,2702.6843919884413,36.77053400315344,280.50968796014786,ok,,"{""alignment_reason"": ""Time stretching changes the temporal coordinate"", ""clipping_fraction"": 0.0, ""duration_seconds"": 10.9055625, ""family"": ""stretch"", ""hop_length"": 512, ""id"": ""stretch_09"", ""implementation"": ""librosa"", ""input_samples"": 157040, ""n_fft"": 2048, ""output_peak"": 0.3918651342391968, ""output_samples"": 174489, ""pre_limiter_peak"": 0.3918651342391968, ""rate"": 0.9, ""sample_aligned"": false, ""sample_rate"": 16000, ""seed"": 18106667016872339196}",7c57fa3f608bc5ae5b9088f4d99c2c211b51a21fd365876c5ee5af256f832132
20260905T233538.930635Z,b4f3de4a4f74b8742b201c9e0941cfe5166082fc,0ea442119cfa4d9f99e7b3b3ca6f55ddcdc1e56bc504ecce6b0481de96d1a73b,85a65f1f57cd5918e3529a1210a45ad78cb20cab8a6db637589aecc38e333336,15cd64de2c8ddb012c7001ab2b9d14b9009c3f6c85d26ac718ef884459e419c7,8224-274384-0002,8224,test-clean,9.815,20260905,negative,0,stretch_09,stretch,"{""family"": ""stretch"", ""id"": ""stretch_09"", ""rate"": 0.9}",0.5,0.5,0.0,0.007994109764695168,0,0101001100010011,0100011110000001,NA,NA,NA,NA,NA,NA,NA,NA,NA,NA: Time stretching changes the temporal coordinate,10.9055625,174489,0.3854992389678955,0.0,0.0,NA,37.3991709202528,182.86999699193984,ok,,"{""alignment_reason"": ""Time stretching changes the temporal coordinate"", ""clipping_fraction"": 0.0, ""duration_seconds"": 10.9055625, ""family"": ""stretch"", ""hop_length"": 512, ""id"": ""stretch_09"", ""implementation"": ""librosa"", ""input_samples"": 157040, ""n_fft"": 2048, ""output_peak"": 0.3854992389678955, ""output_samples"": 174489, ""pre_limiter_peak"": 0.3854992389678955, ""rate"": 0.9, ""sample_aligned"": false, ""sample_rate"": 16000, ""seed"": 18106667016872339196}",a2523b56176eee2130e4993fcd6ca13e05003b7cbf2ac464d1f5b7bba0f78a7e
20260905T233538.930635Z,b4f3de4a4f74b8742b201c9e0941cfe5166082fc,0ea442119cfa4d9f99e7b3b3ca6f55ddcdc1e56bc504ecce6b0481de96d1a73b,85a65f1f57cd5918e3529a1210a45ad78cb20cab8a6db637589aecc38e333336,15cd64de2c8ddb012c7001ab2b9d14b9009c3f6c85d26ac718ef884459e419c7,8224-274384-0002,8224,test-clean,9.815,20260905,positive,1,stretch_11,stretch,"{""family"": ""stretch"", ""id"": ""stretch_11"", ""rate"": 1.1}",0.5,0.5,0.29183828830718994,0.32738807797431946,0,0101001100010011,0101001100010011,0,1.0,0.0,1,33.11112121634527,0.9981176882448858,NA,NA,NA,NA: Time stretching changes the temporal coordinate,8.92275,142764,0.4335475265979767,0.0,0.0,2702.6843919884413,30.988893937319517,239.73050899803638,ok,,"{""alignment_reason"": ""Time stretching changes the temporal coordinate"", ""clipping_fraction"": 0.0, ""duration_seconds"": 8.92275, ""family"": ""stretch"", ""hop_length"": 512, ""id"": ""stretch_11"", ""implementation"": ""librosa"", ""input_samples"": 157040, ""n_fft"": 2048, ""output_peak"": 0.4335475265979767, ""output_samples"": 142764, ""pre_limiter_peak"": 0.4335475265979767, ""rate"": 1.1, ""sample_aligned"": false, ""sample_rate"": 16000, ""seed"": 15901275340314442632}",58e3128743f199b3dc5e5ea0b5ad4a1dbc14abb545612ebeddb0f1155a48fffb
20260905T233538.930635Z,b4f3de4a4f74b8742b201c9e0941cfe5166082fc,0ea442119cfa4d9f99e7b3b3ca6f55ddcdc1e56bc504ecce6b0481de96d1a73b,85a65f1f57cd5918e3529a1210a45ad78cb20cab8a6db637589aecc38e333336,15cd64de2c8ddb012c7001ab2b9d14b9009c3f6c85d26ac718ef884459e419c7,8224-274384-0002,8224,test-clean,9.815,20260905,negative,0,stretch_11,stretch,"{""family"": ""stretch"", ""id"": ""stretch_11"", ""rate"": 1.1}",0.5,0.5,0.0,0.006393246352672577,0,0101001100010011,0100110110100101,NA,NA,NA,NA,NA,NA,NA,NA,NA,NA: Time stretching changes the temporal coordinate,8.92275,142764,0.41450920701026917,0.0,0.0,NA,33.299613976851106,153.4773539751768,ok,,"{""alignment_reason"": ""Time stretching changes the temporal coordinate"", ""clipping_fraction"": 0.0, ""duration_seconds"": 8.92275, ""family"": ""stretch"", ""hop_length"": 512, ""id"": ""stretch_11"", ""implementation"": ""librosa"", ""input_samples"": 157040, ""n_fft"": 2048, ""output_peak"": 0.41450920701026917, ""output_samples"": 142764, ""pre_limiter_peak"": 0.41450920701026917, ""rate"": 1.1, ""sample_aligned"": false, ""sample_rate"": 16000, ""seed"": 15901275340314442632}",b76ae22815cf940ccf980523efd75c1fa74481ceead26b58ab1857db2e25b744
20260905T233538.930635Z,b4f3de4a4f74b8742b201c9e0941cfe5166082fc,0ea442119cfa4d9f99e7b3b3ca6f55ddcdc1e56bc504ecce6b0481de96d1a73b,85a65f1f57cd5918e3529a1210a45ad78cb20cab8a6db637589aecc38e333336,15cd64de2c8ddb012c7001ab2b9d14b9009c3f6c85d26ac718ef884459e419c7,8224-274384-0002,8224,test-clean,9.815,20260905,positive,1,crop_10,crop,"{""family"": ""crop"", ""fraction"": 0.1, ""id"": ""crop_10""}",0.5,0.5,0.537046492099762,0.5043527483940125,1,0101001100010011,0011101110111110,8,0.5,0.5,0,33.11112121634527,0.9981176882448858,NA,NA,NA,NA: Contiguous crop changes length and may shift time origin,8.8335,141336,0.3962559401988983,0.0,0.0,2702.6843919884413,0.5333659937605262,230.82659195642918,ok,,"{""alignment_reason"": ""Contiguous crop changes length and may shift time origin"", ""clipping_fraction"": 0.0, ""crop_end_sample"": 154656, ""crop_start_sample"": 13320, ""duration_seconds"": 8.8335, ""family"": ""crop"", ""fraction"": 0.1, ""id"": ""crop_10"", ""input_samples"": 157040, ""output_peak"": 0.3962559401988983, ""output_samples"": 141336, ""pre_limiter_peak"": 0.3962559401988983, ""removed_fraction_actual"": 0.09999999999999998, ""sample_aligned"": false, ""sample_rate"": 16000, ""seed"": 18175586356743848250}",7c3be203157742a47772c4a8670e523a54154313b1a0509acea47332d59a198e
20260905T233538.930635Z,b4f3de4a4f74b8742b201c9e0941cfe5166082fc,0ea442119cfa4d9f99e7b3b3ca6f55ddcdc1e56bc504ecce6b0481de96d1a73b,85a65f1f57cd5918e3529a1210a45ad78cb20cab8a6db637589aecc38e333336,15cd64de2c8ddb012c7001ab2b9d14b9009c3f6c85d26ac718ef884459e419c7,8224-274384-0002,8224,test-clean,9.815,20260905,negative,0,crop_10,crop,"{""family"": ""crop"", ""fraction"": 0.1, ""id"": ""crop_10""}",0.5,0.5,0.0,0.009606088511645794,0,0101001100010011,0101111111110000,NA,NA,NA,NA,NA,NA,NA,NA,NA,NA: Contiguous crop changes length and may shift time origin,8.8335,141336,0.39178466796875,0.0,0.0,NA,0.5233770934864879,153.00664596725255,ok,,"{""alignment_reason"": ""Contiguous crop changes length and may shift time origin"", ""clipping_fraction"": 0.0, ""crop_end_sample"": 154656, ""crop_start_sample"": 13320, ""duration_seconds"": 8.8335, ""family"": ""crop"", ""fraction"": 0.1, ""id"": ""crop_10"", ""input_samples"": 157040, ""output_peak"": 0.39178466796875, ""output_samples"": 141336, ""pre_limiter_peak"": 0.39178466796875, ""removed_fraction_actual"": 0.09999999999999998, ""sample_aligned"": false, ""sample_rate"": 16000, ""seed"": 18175586356743848250}",423932d72d78b751b0697b7b1f487aefefa3cb7934a5249d1bfad330551dbcfc
20260905T233538.930635Z,b4f3de4a4f74b8742b201c9e0941cfe5166082fc,0ea442119cfa4d9f99e7b3b3ca6f55ddcdc1e56bc504ecce6b0481de96d1a73b,85a65f1f57cd5918e3529a1210a45ad78cb20cab8a6db637589aecc38e333336,15cd64de2c8ddb012c7001ab2b9d14b9009c3f6c85d26ac718ef884459e419c7,8224-274384-0002,8224,test-clean,9.815,20260905,positive,1,crop_25,crop,"{""family"": ""crop"", ""fraction"": 0.25, ""id"": ""crop_25""}",0.5,0.5,0.008159279823303223,0.020830482244491577,0,0101001100010011,0100001111110100,7,0.5625,0.4375,0,33.11112121634527,0.9981176882448858,NA,NA,NA,NA: Contiguous crop changes length and may shift time origin,7.36125,117780,0.3962559401988983,0.0,0.0,2702.6843919884413,0.5022470140829682,190.39771100506186,ok,,"{""alignment_reason"": ""Contiguous crop changes length and may shift time origin"", ""clipping_fraction"": 0.0, ""crop_end_sample"": 141204, ""crop_start_sample"": 23424, ""duration_seconds"": 7.36125, ""family"": ""crop"", ""fraction"": 0.25, ""id"": ""crop_25"", ""input_samples"": 157040, ""output_peak"": 0.3962559401988983, ""output_samples"": 117780, ""pre_limiter_peak"": 0.3962559401988983, ""removed_fraction_actual"": 0.25, ""sample_aligned"": false, ""sample_rate"": 16000, ""seed"": 15789247968461181993}",18e5c0f873867493b3efdcd4aa3b7f91e17aaa5a0ec72b244a9852e792b63b1e
20260905T233538.930635Z,b4f3de4a4f74b8742b201c9e0941cfe5166082fc,0ea442119cfa4d9f99e7b3b3ca6f55ddcdc1e56bc504ecce6b0481de96d1a73b,85a65f1f57cd5918e3529a1210a45ad78cb20cab8a6db637589aecc38e333336,15cd64de2c8ddb012c7001ab2b9d14b9009c3f6c85d26ac718ef884459e419c7,8224-274384-0002,8224,test-clean,9.815,20260905,negative,0,crop_25,crop,"{""family"": ""crop"", ""fraction"": 0.25, ""id"": ""crop_25""}",0.5,0.5,0.0,0.007143003400415182,0,0101001100010011,0101111110100101,NA,NA,NA,NA,NA,NA,NA,NA,NA,NA: Contiguous crop changes length and may shift time origin,7.36125,117780,0.39178466796875,0.0,0.0,NA,0.5352890584617853,108.7775289779529,ok,,"{""alignment_reason"": ""Contiguous crop changes length and may shift time origin"", ""clipping_fraction"": 0.0, ""crop_end_sample"": 141204, ""crop_start_sample"": 23424, ""duration_seconds"": 7.36125, ""family"": ""crop"", ""fraction"": 0.25, ""id"": ""crop_25"", ""input_samples"": 157040, ""output_peak"": 0.39178466796875, ""output_samples"": 117780, ""pre_limiter_peak"": 0.39178466796875, ""removed_fraction_actual"": 0.25, ""sample_aligned"": false, ""sample_rate"": 16000, ""seed"": 15789247968461181993}",1bbd289898c7299c3a9c2d65d675493a45ac8897deaa7da35327e1316fa87d82
20260905T233538.930635Z,b4f3de4a4f74b8742b201c9e0941cfe5166082fc,0ea442119cfa4d9f99e7b3b3ca6f55ddcdc1e56bc504ecce6b0481de96d1a73b,85a65f1f57cd5918e3529a1210a45ad78cb20cab8a6db637589aecc38e333336,15cd64de2c8ddb012c7001ab2b9d14b9009c3f6c85d26ac718ef884459e419c7,2830-3980-0068,2830,test-clean,5.0,20260905,positive,1,clean,clean,"{""family"": ""clean"", ""id"": ""clean""}",0.5,0.5,1.0,0.9999879598617554,1,0000001111101011,0000001111101011,0,1.0,0.0,1,24.833906219986307,0.9917226679207548,0.9917226679207548,NA,24.833906219986307,aligned_to_original,5.0,80000,0.5245462656021118,0.0,0.0,155.54454899393022,0.3508679801598191,79.23579192720354,ok,,"{""clipping_fraction"": 0.0, ""duration_seconds"": 5.0, ""family"": ""clean"", ""id"": ""clean"", ""input_samples"": 80000, ""output_peak"": 0.5245462656021118, ""output_samples"": 80000, ""pre_limiter_peak"": 0.5245462656021118, ""sample_aligned"": true, ""sample_rate"": 16000, ""seed"": 12980094502704747}",18f7ded392064d938a18d96d70f98b57fcd22422b99be9676a056dadf2facf35
20260905T233538.930635Z,b4f3de4a4f74b8742b201c9e0941cfe5166082fc,0ea442119cfa4d9f99e7b3b3ca6f55ddcdc1e56bc504ecce6b0481de96d1a73b,85a65f1f57cd5918e3529a1210a45ad78cb20cab8a6db637589aecc38e333336,15cd64de2c8ddb012c7001ab2b9d14b9009c3f6c85d26ac718ef884459e419c7,2830-3980-0068,2830,test-clean,5.0,20260905,negative,0,clean,clean,"{""family"": ""clean"", ""id"": ""clean""}",0.5,0.5,0.0,0.002853281097486615,0,0000001111101011,0111001111110100,NA,NA,NA,NA,NA,NA,0.9999999999999987,NA,inf,aligned_to_original,5.0,80000,0.519317626953125,0.0,0.0,NA,0.3322330303490162,67.95987789519131,ok,,"{""clipping_fraction"": 0.0, ""duration_seconds"": 5.0, ""family"": ""clean"", ""id"": ""clean"", ""input_samples"": 80000, ""output_peak"": 0.519317626953125, ""output_samples"": 80000, ""pre_limiter_peak"": 0.519317626953125, ""sample_aligned"": true, ""sample_rate"": 16000, ""seed"": 12980094502704747}",baf3199d48030fe7c089752fcc337bad917ae3e9a127bf16ddfda06969bd091c
20260905T233538.930635Z,b4f3de4a4f74b8742b201c9e0941cfe5166082fc,0ea442119cfa4d9f99e7b3b3ca6f55ddcdc1e56bc504ecce6b0481de96d1a73b,85a65f1f57cd5918e3529a1210a45ad78cb20cab8a6db637589aecc38e333336,15cd64de2c8ddb012c7001ab2b9d14b9009c3f6c85d26ac718ef884459e419c7,2830-3980-0068,2830,test-clean,5.0,20260905,positive,1,mp3_128,mp3,"{""bitrate_kbps"": 128, ""family"": ""mp3"", ""id"": ""mp3_128""}",0.5,0.5,1.0,0.9999874234199524,1,0000001111101011,0000001111101011,0,1.0,0.0,1,24.833906219986307,0.9917226679207548,NA,NA,NA,NA: MP3 codec delay/alignment not independently verified,5.0,80000,0.4970504939556122,0.0,0.0,155.54454899393022,23.25345203280449,71.06847898103297,ok,,"{""alignment_reason"": ""MP3 codec delay/alignment not independently verified"", ""bitrate_kbps"": 128, ""clipping_fraction"": 0.0, ""codec"": ""libmp3lame"", ""duration_seconds"": 5.0, ""family"": ""mp3"", ""id"": ""mp3_128"", ""input_samples"": 80000, ""output_peak"": 0.4970504939556122, ""output_samples"": 80000, ""pre_limiter_peak"": 0.4970504939556122, ""sample_aligned"": false, ""sample_rate"": 16000, ""seed"": 14873203686823073948}",81cb0409542fa00dfa269d0a24efa7386525d1751f0eb66b8b5261c8172fbdff
20260905T233538.930635Z,b4f3de4a4f74b8742b201c9e0941cfe5166082fc,0ea442119cfa4d9f99e7b3b3ca6f55ddcdc1e56bc504ecce6b0481de96d1a73b,85a65f1f57cd5918e3529a1210a45ad78cb20cab8a6db637589aecc38e333336,15cd64de2c8ddb012c7001ab2b9d14b9009c3f6c85d26ac718ef884459e419c7,2830-3980-0068,2830,test-clean,5.0,20260905,negative,0,mp3_128,mp3,"{""bitrate_kbps"": 128, ""family"": ""mp3"", ""id"": ""mp3_128""}",0.5,0.5,0.0,0.0024183178320527077,0,0000001111101011,0111001111110100,NA,NA,NA,NA,NA,NA,NA,NA,NA,NA: MP3 codec delay/alignment not independently verified,5.0,80000,0.4924815893173218,0.0,0.0,NA,25.584051036275923,70.6230589421466,ok,,"{""alignment_reason"": ""MP3 codec delay/alignment not independently verified"", ""bitrate_kbps"": 128, ""clipping_fraction"": 0.0, ""codec"": ""libmp3lame"", ""duration_seconds"": 5.0, ""family"": ""mp3"", ""id"": ""mp3_128"", ""input_samples"": 80000, ""output_peak"": 0.4924815893173218, ""output_samples"": 80000, ""pre_limiter_peak"": 0.4924815893173218, ""sample_aligned"": false, ""sample_rate"": 16000, ""seed"": 14873203686823073948}",3ba815c3f91328f7792dfecb49a44446b01e6d81b5f192635874ee4ff3779c9d
20260905T233538.930635Z,b4f3de4a4f74b8742b201c9e0941cfe5166082fc,0ea442119cfa4d9f99e7b3b3ca6f55ddcdc1e56bc504ecce6b0481de96d1a73b,85a65f1f57cd5918e3529a1210a45ad78cb20cab8a6db637589aecc38e333336,15cd64de2c8ddb012c7001ab2b9d14b9009c3f6c85d26ac718ef884459e419c7,2830-3980-0068,2830,test-clean,5.0,20260905,positive,1,mp3_64,mp3,"{""bitrate_kbps"": 64, ""family"": ""mp3"", ""id"": ""mp3_64""}",0.5,0.5,1.0,0.9999876022338867,1,0000001111101011,0000001111101011,0,1.0,0.0,1,24.833906219986307,0.9917226679207548,NA,NA,NA,NA: MP3 codec delay/alignment not independently verified,5.0,80000,0.488427996635437,0.0,0.0,155.54454899393022,19.910395960323513,70.07608807180077,ok,,"{""alignment_reason"": ""MP3 codec delay/alignment not independently verified"", ""bitrate_kbps"": 64, ""clipping_fraction"": 0.0, ""codec"": ""libmp3lame"", ""duration_seconds"": 5.0, ""family"": ""mp3"", ""id"": ""mp3_64"", ""input_samples"": 80000, ""output_peak"": 0.488427996635437, ""output_samples"": 80000, ""pre_limiter_peak"": 0.488427996635437, ""sample_aligned"": false, ""sample_rate"": 16000, ""seed"": 8784663151108179266}",922c37abbe1fc1acb2df23af658718ea8569c02b933edb5166482d656a202896
20260905T233538.930635Z,b4f3de4a4f74b8742b201c9e0941cfe5166082fc,0ea442119cfa4d9f99e7b3b3ca6f55ddcdc1e56bc504ecce6b0481de96d1a73b,85a65f1f57cd5918e3529a1210a45ad78cb20cab8a6db637589aecc38e333336,15cd64de2c8ddb012c7001ab2b9d14b9009c3f6c85d26ac718ef884459e419c7,2830-3980-0068,2830,test-clean,5.0,20260905,negative,0,mp3_64,mp3,"{""bitrate_kbps"": 64, ""family"": ""mp3"", ""id"": ""mp3_64""}",0.5,0.5,0.0,0.0028785294853150845,0,0000001111101011,0110111111110100,NA,NA,NA,NA,NA,NA,NA,NA,NA,NA: MP3 codec delay/alignment not independently verified,5.0,80000,0.49057823419570923,0.0,0.0,NA,26.667083031497896,72.04263401217759,ok,,"{""alignment_reason"": ""MP3 codec delay/alignment not independently verified"", ""bitrate_kbps"": 64, ""clipping_fraction"": 0.0, ""codec"": ""libmp3lame"", ""duration_seconds"": 5.0, ""family"": ""mp3"", ""id"": ""mp3_64"", ""input_samples"": 80000, ""output_peak"": 0.49057823419570923, ""output_samples"": 80000, ""pre_limiter_peak"": 0.49057823419570923, ""sample_aligned"": false, ""sample_rate"": 16000, ""seed"": 8784663151108179266}",fe7315244222fdb1a80fa8d9d1de8dbedd12caf53116228125215d3da9ba1422
20260905T233538.930635Z,b4f3de4a4f74b8742b201c9e0941cfe5166082fc,0ea442119cfa4d9f99e7b3b3ca6f55ddcdc1e56bc504ecce6b0481de96d1a73b,85a65f1f57cd5918e3529a1210a45ad78cb20cab8a6db637589aecc38e333336,15cd64de2c8ddb012c7001ab2b9d14b9009c3f6c85d26ac718ef884459e419c7,2830-3980-0068,2830,test-clean,5.0,20260905,positive,1,noise_30,noise,"{""family"": ""noise"", ""id"": ""noise_30"", ""snr_db"": 30}",0.5,0.5,0.863587498664856,0.8776805400848389,1,0000001111101011,0000001111101011,0,1.0,0.0,1,24.833906219986307,0.9917226679207548,0.9366836034476165,NA,23.66960916196873,aligned_to_original,5.0,80000,0.523857057094574,0.0,0.0,155.54454899393022,1.756013953126967,67.30293796863407,ok,,"{""clipping_fraction"": 0.0, ""duration_seconds"": 5.0, ""family"": ""noise"", ""id"": ""noise_30"", ""input_samples"": 80000, ""noise_snr_db"": 29.999999992092306, ""noise_snr_db_pre_clipping"": 30.0, ""output_peak"": 0.523857057094574, ""output_samples"": 80000, ""pre_limiter_peak"": 0.5238570679309441, ""sample_aligned"": true, ""sample_rate"": 16000, ""seed"": 14531108800217354157, ""snr_db"": 30}",95f9809a6f83a1aa5b8fe50142a1318e2db1a6b88d4a6764ecbc8d8f151a1b30
20260905T233538.930635Z,b4f3de4a4f74b8742b201c9e0941cfe5166082fc,0ea442119cfa4d9f99e7b3b3ca6f55ddcdc1e56bc504ecce6b0481de96d1a73b,85a65f1f57cd5918e3529a1210a45ad78cb20cab8a6db637589aecc38e333336,15cd64de2c8ddb012c7001ab2b9d14b9009c3f6c85d26ac718ef884459e419c7,2830-3980-0068,2830,test-clean,5.0,20260905,negative,0,noise_30,noise,"{""family"": ""noise"", ""id"": ""noise_30"", ""snr_db"": 30}",0.5,0.5,0.0,0.0023495014756917953,0,0000001111101011,0111111110110100,NA,NA,NA,NA,NA,NA,0.939923415260699,NA,30.00000000104599,aligned_to_original,5.0,80000,0.5186271667480469,0.0,0.0,NA,1.7351340502500534,68.94870195537806,ok,,"{""clipping_fraction"": 0.0, ""duration_seconds"": 5.0, ""family"": ""noise"", ""id"": ""noise_30"", ""input_samples"": 80000, ""noise_snr_db"": 30.00000000104599, ""noise_snr_db_pre_clipping"": 30.0, ""output_peak"": 0.5186271667480469, ""output_samples"": 80000, ""pre_limiter_peak"": 0.5186271621773315, ""sample_aligned"": true, ""sample_rate"": 16000, ""seed"": 14531108800217354157, ""snr_db"": 30}",f101f5b5b216babb718b2bf842633c6ad5d5adc859bfd4e925489d6c4a100727
20260905T233538.930635Z,b4f3de4a4f74b8742b201c9e0941cfe5166082fc,0ea442119cfa4d9f99e7b3b3ca6f55ddcdc1e56bc504ecce6b0481de96d1a73b,85a65f1f57cd5918e3529a1210a45ad78cb20cab8a6db637589aecc38e333336,15cd64de2c8ddb012c7001ab2b9d14b9009c3f6c85d26ac718ef884459e419c7,2830-3980-0068,2830,test-clean,5.0,20260905,positive,1,noise_20,noise,"{""family"": ""noise"", ""id"": ""noise_20"", ""snr_db"": 20}",0.5,0.5,0.381074994802475,0.38383832573890686,0,0000001111101011,0000001111101011,0,1.0,0.0,1,24.833906219986307,0.9917226679207548,0.8656073935562988,NA,18.74991194849923,aligned_to_original,5.0,80000,0.5193431377410889,0.0,0.0,155.54454899393022,1.7269989475607872,67.08310800604522,ok,,"{""clipping_fraction"": 0.0, ""duration_seconds"": 5.0, ""family"": ""noise"", ""id"": ""noise_20"", ""input_samples"": 80000, ""noise_snr_db"": 19.999999985096192, ""noise_snr_db_pre_clipping"": 19.999999999999996, ""output_peak"": 0.5193431377410889, ""output_samples"": 80000, ""pre_limiter_peak"": 0.5193431488892744, ""sample_aligned"": true, ""sample_rate"": 16000, ""seed"": 5745400679670214886, ""snr_db"": 20}",31bb62c6caa95ef97445e3600d62a68cdee386881c3eaf69253d2fc924ae0e41
20260905T233538.930635Z,b4f3de4a4f74b8742b201c9e0941cfe5166082fc,0ea442119cfa4d9f99e7b3b3ca6f55ddcdc1e56bc504ecce6b0481de96d1a73b,85a65f1f57cd5918e3529a1210a45ad78cb20cab8a6db637589aecc38e333336,15cd64de2c8ddb012c7001ab2b9d14b9009c3f6c85d26ac718ef884459e419c7,2830-3980-0068,2830,test-clean,5.0,20260905,negative,0,noise_20,noise,"{""family"": ""noise"", ""id"": ""noise_20"", ""snr_db"": 20}",0.5,0.5,0.0002749999985098839,0.004986320622265339,0,0000001111101011,0100111110110100,NA,NA,NA,NA,NA,NA,0.8685348419092778,NA,19.99999999349135,aligned_to_original,5.0,80000,0.5145843625068665,0.0,0.0,NA,1.7143749864771962,67.50551192089915,ok,,"{""clipping_fraction"": 0.0, ""duration_seconds"": 5.0, ""family"": ""noise"", ""id"": ""noise_20"", ""input_samples"": 80000, ""noise_snr_db"": 19.99999999349135, ""noise_snr_db_pre_clipping"": 19.999999999999996, ""output_peak"": 0.5145843625068665, ""output_samples"": 80000, ""pre_limiter_peak"": 0.5145843677559244, ""sample_aligned"": true, ""sample_rate"": 16000, ""seed"": 5745400679670214886, ""snr_db"": 20}",22f2f61ec8c8959fa28a11dc7784f80a8a2b8f6bb8dd7eeb9fc1469642a98626
20260905T233538.930635Z,b4f3de4a4f74b8742b201c9e0941cfe5166082fc,0ea442119cfa4d9f99e7b3b3ca6f55ddcdc1e56bc504ecce6b0481de96d1a73b,85a65f1f57cd5918e3529a1210a45ad78cb20cab8a6db637589aecc38e333336,15cd64de2c8ddb012c7001ab2b9d14b9009c3f6c85d26ac718ef884459e419c7,2830-3980-0068,2830,test-clean,5.0,20260905,positive,1,resample_12000,resample,"{""family"": ""resample"", ""id"": ""resample_12000"", ""intermediate_sr"": 12000}",0.5,0.5,1.0,0.9999880790710449,1,0000001111101011,0000001111101011,0,1.0,0.0,1,24.833906219986307,0.9917226679207548,0.9917215376864738,NA,13.557638249701231,aligned_to_original,5.0,80000,0.5246210098266602,0.0,0.0,155.54454899393022,2.5818569120019674,68.55117401573807,ok,,"{""clipping_fraction"": 0.0, ""duration_seconds"": 5.0, ""family"": ""resample"", ""id"": ""resample_12000"", ""input_samples"": 80000, ""intermediate_sr"": 12000, ""output_peak"": 0.5246210098266602, ""output_samples"": 80000, ""pre_limiter_peak"": 0.5246210098266602, ""resampler"": ""scipy.signal.resample_poly"", ""resampler_window"": [""kaiser"", 5.0], ""sample_aligned"": true, ""sample_rate"": 16000, ""seed"": 9982414114102983349}",3a7968a5bd8473739f5d1d2b5fa419f56ccb4515789fbdc047b98c0d0a464b55
20260905T233538.930635Z,b4f3de4a4f74b8742b201c9e0941cfe5166082fc,0ea442119cfa4d9f99e7b3b3ca6f55ddcdc1e56bc504ecce6b0481de96d1a73b,85a65f1f57cd5918e3529a1210a45ad78cb20cab8a6db637589aecc38e333336,15cd64de2c8ddb012c7001ab2b9d14b9009c3f6c85d26ac718ef884459e419c7,2830-3980-0068,2830,test-clean,5.0,20260905,negative,0,resample_12000,resample,"{""family"": ""resample"", ""id"": ""resample_12000"", ""intermediate_sr"": 12000}",0.5,0.5,0.0,0.003562642727047205,0,0000001111101011,0111001111110100,NA,NA,NA,NA,NA,NA,0.9999973878197761,NA,13.894014794233671,aligned_to_original,5.0,80000,0.5193815231323242,0.0,0.0,NA,2.5828590150922537,67.3794629983604,ok,,"{""clipping_fraction"": 0.0, ""duration_seconds"": 5.0, ""family"": ""resample"", ""id"": ""resample_12000"", ""input_samples"": 80000, ""intermediate_sr"": 12000, ""output_peak"": 0.5193815231323242, ""output_samples"": 80000, ""pre_limiter_peak"": 0.5193815231323242, ""resampler"": ""scipy.signal.resample_poly"", ""resampler_window"": [""kaiser"", 5.0], ""sample_aligned"": true, ""sample_rate"": 16000, ""seed"": 9982414114102983349}",1ddc302b4a9e9f8ed35b0d3a2f5eae77366edb9bba6adf33d212db8305180dd2
20260905T233538.930635Z,b4f3de4a4f74b8742b201c9e0941cfe5166082fc,0ea442119cfa4d9f99e7b3b3ca6f55ddcdc1e56bc504ecce6b0481de96d1a73b,85a65f1f57cd5918e3529a1210a45ad78cb20cab8a6db637589aecc38e333336,15cd64de2c8ddb012c7001ab2b9d14b9009c3f6c85d26ac718ef884459e419c7,2830-3980-0068,2830,test-clean,5.0,20260905,positive,1,resample_8000,resample,"{""family"": ""resample"", ""id"": ""resample_8000"", ""intermediate_sr"": 8000}",0.5,0.5,1.0,0.9999889731407166,1,0000001111101011,0000001111101011,0,1.0,0.0,1,24.833906219986307,0.9917226679207548,0.9888038366193976,NA,10.10673068014137,aligned_to_original,5.0,80000,0.5174341201782227,0.0,0.0,155.54454899393022,2.5825289776548743,67.33266403898597,ok,,"{""clipping_fraction"": 0.0, ""duration_seconds"": 5.0, ""family"": ""resample"", ""id"": ""resample_8000"", ""input_samples"": 80000, ""intermediate_sr"": 8000, ""output_peak"": 0.5174341201782227, ""output_samples"": 80000, ""pre_limiter_peak"": 0.5174341201782227, ""resampler"": ""scipy.signal.resample_poly"", ""resampler_window"": [""kaiser"", 5.0], ""sample_aligned"": true, ""sample_rate"": 16000, ""seed"": 11855524554676023444}",3d5e3cacdf451497a4d7962fa5286ef1844f538194f8768ae1646a11f785b1a9
20260905T233538.930635Z,b4f3de4a4f74b8742b201c9e0941cfe5166082fc,0ea442119cfa4d9f99e7b3b3ca6f55ddcdc1e56bc504ecce6b0481de96d1a73b,85a65f1f57cd5918e3529a1210a45ad78cb20cab8a6db637589aecc38e333336,15cd64de2c8ddb012c7001ab2b9d14b9009c3f6c85d26ac718ef884459e419c7,2830-3980-0068,2830,test-clean,5.0,20260905,negative,0,resample_8000,resample,"{""family"": ""resample"", ""id"": ""resample_8000"", ""intermediate_sr"": 8000}",0.5,0.5,0.0,0.0029907410498708487,0,0000001111101011,0110001111110100,NA,NA,NA,NA,NA,NA,0.9970818818469669,NA,10.255550634269255,aligned_to_original,5.0,80000,0.5122001767158508,0.0,0.0,NA,2.5905530201271176,67.43637099862099,ok,,"{""clipping_fraction"": 0.0, ""duration_seconds"": 5.0, ""family"": ""resample"", ""id"": ""resample_8000"", ""input_samples"": 80000, ""intermediate_sr"": 8000, ""output_peak"": 0.5122001767158508, ""output_samples"": 80000, ""pre_limiter_peak"": 0.5122001767158508, ""resampler"": ""scipy.signal.resample_poly"", ""resampler_window"": [""kaiser"", 5.0], ""sample_aligned"": true, ""sample_rate"": 16000, ""seed"": 11855524554676023444}",d50eb6cf362e465909d850d451705a3eeaa6eb01962de9585801e51a1c5d57fe
20260905T233538.930635Z,b4f3de4a4f74b8742b201c9e0941cfe5166082fc,0ea442119cfa4d9f99e7b3b3ca6f55ddcdc1e56bc504ecce6b0481de96d1a73b,85a65f1f57cd5918e3529a1210a45ad78cb20cab8a6db637589aecc38e333336,15cd64de2c8ddb012c7001ab2b9d14b9009c3f6c85d26ac718ef884459e419c7,2830-3980-0068,2830,test-clean,5.0,20260905,positive,1,pitch_minus2,pitch,"{""family"": ""pitch"", ""id"": ""pitch_minus2"", ""semitones"": -2}",0.5,0.5,0.0,0.009945639409124851,0,0000001111101011,0100011110100001,5,0.6875,0.3125,0,24.833906219986307,0.9917226679207548,NA,NA,NA,NA: Pitch shifting changes sample phase and content,5.0,80000,0.3037051558494568,0.0,0.0,155.54454899393022,17.71962398197502,67.70417105872184,ok,,"{""alignment_reason"": ""Pitch shifting changes sample phase and content"", ""clipping_fraction"": 0.0, ""duration_seconds"": 5.0, ""family"": ""pitch"", ""hop_length"": 512, ""id"": ""pitch_minus2"", ""implementation"": ""librosa"", ""input_samples"": 80000, ""n_fft"": 2048, ""output_peak"": 0.3037051558494568, ""output_samples"": 80000, ""pre_limiter_peak"": 0.3037051558494568, ""res_type"": ""soxr_hq"", ""sample_aligned"": false, ""sample_rate"": 16000, ""seed"": 544707356580895737, ""semitones"": -2}",581ae219b585c87cf6bc8937d8575d29a96ea722c7e17757ca9deed88f365848
20260905T233538.930635Z,b4f3de4a4f74b8742b201c9e0941cfe5166082fc,0ea442119cfa4d9f99e7b3b3ca6f55ddcdc1e56bc504ecce6b0481de96d1a73b,85a65f1f57cd5918e3529a1210a45ad78cb20cab8a6db637589aecc38e333336,15cd64de2c8ddb012c7001ab2b9d14b9009c3f6c85d26ac718ef884459e419c7,2830-3980-0068,2830,test-clean,5.0,20260905,negative,0,pitch_minus2,pitch,"{""family"": ""pitch"", ""id"": ""pitch_minus2"", ""semitones"": -2}",0.5,0.5,0.0,0.0037632633466273546,0,0000001111101011,0100111110100101,NA,NA,NA,NA,NA,NA,NA,NA,NA,NA: Pitch shifting changes sample phase and content,5.0,80000,0.2893005609512329,0.0,0.0,NA,18.132991041056812,68.97353893145919,ok,,"{""alignment_reason"": ""Pitch shifting changes sample phase and content"", ""clipping_fraction"": 0.0, ""duration_seconds"": 5.0, ""family"": ""pitch"", ""hop_length"": 512, ""id"": ""pitch_minus2"", ""implementation"": ""librosa"", ""input_samples"": 80000, ""n_fft"": 2048, ""output_peak"": 0.2893005609512329, ""output_samples"": 80000, ""pre_limiter_peak"": 0.2893005609512329, ""res_type"": ""soxr_hq"", ""sample_aligned"": false, ""sample_rate"": 16000, ""seed"": 544707356580895737, ""semitones"": -2}",959de822a45e884210c18670442edf5d3e1595cc44e1f9f0f8a92c74a761382d
20260905T233538.930635Z,b4f3de4a4f74b8742b201c9e0941cfe5166082fc,0ea442119cfa4d9f99e7b3b3ca6f55ddcdc1e56bc504ecce6b0481de96d1a73b,85a65f1f57cd5918e3529a1210a45ad78cb20cab8a6db637589aecc38e333336,15cd64de2c8ddb012c7001ab2b9d14b9009c3f6c85d26ac718ef884459e419c7,2830-3980-0068,2830,test-clean,5.0,20260905,positive,1,pitch_plus2,pitch,"{""family"": ""pitch"", ""id"": ""pitch_plus2"", ""semitones"": 2}",0.5,0.5,0.0,0.016928356140851974,0,0000001111101011,0110011110100111,6,0.625,0.375,0,24.833906219986307,0.9917226679207548,NA,NA,NA,NA: Pitch shifting changes sample phase and content,5.0,80000,0.36190253496170044,0.0,0.0,155.54454899393022,21.154996007680893,68.31872090697289,ok,,"{""alignment_reason"": ""Pitch shifting changes sample phase and content"", ""clipping_fraction"": 0.0, ""duration_seconds"": 5.0, ""family"": ""pitch"", ""hop_length"": 512, ""id"": ""pitch_plus2"", ""implementation"": ""librosa"", ""input_samples"": 80000, ""n_fft"": 2048, ""output_peak"": 0.36190253496170044, ""output_samples"": 80000, ""pre_limiter_peak"": 0.36190253496170044, ""res_type"": ""soxr_hq"", ""sample_aligned"": false, ""sample_rate"": 16000, ""seed"": 12337997013698359004, ""semitones"": 2}",e8e840e560824721b09e20c46bebbfdf46da9a0074ba8dda53204e6272ade233
20260905T233538.930635Z,b4f3de4a4f74b8742b201c9e0941cfe5166082fc,0ea442119cfa4d9f99e7b3b3ca6f55ddcdc1e56bc504ecce6b0481de96d1a73b,85a65f1f57cd5918e3529a1210a45ad78cb20cab8a6db637589aecc38e333336,15cd64de2c8ddb012c7001ab2b9d14b9009c3f6c85d26ac718ef884459e419c7,2830-3980-0068,2830,test-clean,5.0,20260905,negative,0,pitch_plus2,pitch,"{""family"": ""pitch"", ""id"": ""pitch_plus2"", ""semitones"": 2}",0.5,0.5,0.004312499891966581,0.018659865483641624,0,0000001111101011,0101111100110101,NA,NA,NA,NA,NA,NA,NA,NA,NA,NA: Pitch shifting changes sample phase and content,5.0,80000,0.43389692902565,0.0,0.0,NA,21.17640699725598,67.07720702979714,ok,,"{""alignment_reason"": ""Pitch shifting changes sample phase and content"", ""clipping_fraction"": 0.0, ""duration_seconds"": 5.0, ""family"": ""pitch"", ""hop_length"": 512, ""id"": ""pitch_plus2"", ""implementation"": ""librosa"", ""input_samples"": 80000, ""n_fft"": 2048, ""output_peak"": 0.43389692902565, ""output_samples"": 80000, ""pre_limiter_peak"": 0.43389692902565, ""res_type"": ""soxr_hq"", ""sample_aligned"": false, ""sample_rate"": 16000, ""seed"": 12337997013698359004, ""semitones"": 2}",6e6b58275f27846d5cf4f34c672021a2cf92fc64aa6d59e28f103055080a1f5f
20260905T233538.930635Z,b4f3de4a4f74b8742b201c9e0941cfe5166082fc,0ea442119cfa4d9f99e7b3b3ca6f55ddcdc1e56bc504ecce6b0481de96d1a73b,85a65f1f57cd5918e3529a1210a45ad78cb20cab8a6db637589aecc38e333336,15cd64de2c8ddb012c7001ab2b9d14b9009c3f6c85d26ac718ef884459e419c7,2830-3980-0068,2830,test-clean,5.0,20260905,positive,1,stretch_09,stretch,"{""family"": ""stretch"", ""id"": ""stretch_09"", ""rate"": 0.9}",0.5,0.5,0.14308856427669525,0.18237508833408356,0,0000001111101011,0000001111101011,0,1.0,0.0,1,24.833906219986307,0.9917226679207548,NA,NA,NA,NA: Time stretching changes the temporal coordinate,5.5555625,88889,0.3861103057861328,0.0,0.0,155.54454899393022,19.960051053203642,131.8582909880206,ok,,"{""alignment_reason"": ""Time stretching changes the temporal coordinate"", ""clipping_fraction"": 0.0, ""duration_seconds"": 5.5555625, ""family"": ""stretch"", ""hop_length"": 512, ""id"": ""stretch_09"", ""implementation"": ""librosa"", ""input_samples"": 80000, ""n_fft"": 2048, ""output_peak"": 0.3861103057861328, ""output_samples"": 88889, ""pre_limiter_peak"": 0.3861103057861328, ""rate"": 0.9, ""sample_aligned"": false, ""sample_rate"": 16000, ""seed"": 8176931187422481235}",42c2aa478c49c8f2493e3135f823555a4b3352d6f3ee7ed8c98b41280cb94f4c
20260905T233538.930635Z,b4f3de4a4f74b8742b201c9e0941cfe5166082fc,0ea442119cfa4d9f99e7b3b3ca6f55ddcdc1e56bc504ecce6b0481de96d1a73b,85a65f1f57cd5918e3529a1210a45ad78cb20cab8a6db637589aecc38e333336,15cd64de2c8ddb012c7001ab2b9d14b9009c3f6c85d26ac718ef884459e419c7,2830-3980-0068,2830,test-clean,5.0,20260905,negative,0,stretch_09,stretch,"{""family"": ""stretch"", ""id"": ""stretch_09"", ""rate"": 0.9}",0.5,0.5,0.0,0.004729699343442917,0,0000001111101011,0101111110100100,NA,NA,NA,NA,NA,NA,NA,NA,NA,NA: Time stretching changes the temporal coordinate,5.5555625,88889,0.41134941577911377,0.0,0.0,NA,20.207211025990546,72.54984800238162,ok,,"{""alignment_reason"": ""Time stretching changes the temporal coordinate"", ""clipping_fraction"": 0.0, ""duration_seconds"": 5.5555625, ""family"": ""stretch"", ""hop_length"": 512, ""id"": ""stretch_09"", ""implementation"": ""librosa"", ""input_samples"": 80000, ""n_fft"": 2048, ""output_peak"": 0.41134941577911377, ""output_samples"": 88889, ""pre_limiter_peak"": 0.41134941577911377, ""rate"": 0.9, ""sample_aligned"": false, ""sample_rate"": 16000, ""seed"": 8176931187422481235}",5c01b312230788d5659763e390b1511cb15bde0e451081dfc5c3b5ad2cbd591d
20260905T233538.930635Z,b4f3de4a4f74b8742b201c9e0941cfe5166082fc,0ea442119cfa4d9f99e7b3b3ca6f55ddcdc1e56bc504ecce6b0481de96d1a73b,85a65f1f57cd5918e3529a1210a45ad78cb20cab8a6db637589aecc38e333336,15cd64de2c8ddb012c7001ab2b9d14b9009c3f6c85d26ac718ef884459e419c7,2830-3980-0068,2830,test-clean,5.0,20260905,positive,1,stretch_11,stretch,"{""family"": ""stretch"", ""id"": ""stretch_11"", ""rate"": 1.1}",0.5,0.5,0.17969942092895508,0.18471327424049377,0,0000001111101011,0000001111101011,0,1.0,0.0,1,24.833906219986307,0.9917226679207548,NA,NA,NA,NA: Time stretching changes the temporal coordinate,4.5454375,72727,0.3215753138065338,0.0,0.0,155.54454899393022,17.125361948274076,105.26479897089303,ok,,"{""alignment_reason"": ""Time stretching changes the temporal coordinate"", ""clipping_fraction"": 0.0, ""duration_seconds"": 4.5454375, ""family"": ""stretch"", ""hop_length"": 512, ""id"": ""stretch_11"", ""implementation"": ""librosa"", ""input_samples"": 80000, ""n_fft"": 2048, ""output_peak"": 0.3215753138065338, ""output_samples"": 72727, ""pre_limiter_peak"": 0.3215753138065338, ""rate"": 1.1, ""sample_aligned"": false, ""sample_rate"": 16000, ""seed"": 16208251556846620473}",94af4b1b088a3b9ccbaa5680136c186c2c32b9f9624e5fb7d9919438cfc75794
20260905T233538.930635Z,b4f3de4a4f74b8742b201c9e0941cfe5166082fc,0ea442119cfa4d9f99e7b3b3ca6f55ddcdc1e56bc504ecce6b0481de96d1a73b,85a65f1f57cd5918e3529a1210a45ad78cb20cab8a6db637589aecc38e333336,15cd64de2c8ddb012c7001ab2b9d14b9009c3f6c85d26ac718ef884459e419c7,2830-3980-0068,2830,test-clean,5.0,20260905,negative,0,stretch_11,stretch,"{""family"": ""stretch"", ""id"": ""stretch_11"", ""rate"": 1.1}",0.5,0.5,0.0,0.005069606471806765,0,0000001111101011,0100111110110100,NA,NA,NA,NA,NA,NA,NA,NA,NA,NA: Time stretching changes the temporal coordinate,4.5454375,72727,0.31016919016838074,0.0,0.0,NA,16.820932971313596,57.919116923585534,ok,,"{""alignment_reason"": ""Time stretching changes the temporal coordinate"", ""clipping_fraction"": 0.0, ""duration_seconds"": 4.5454375, ""family"": ""stretch"", ""hop_length"": 512, ""id"": ""stretch_11"", ""implementation"": ""librosa"", ""input_samples"": 80000, ""n_fft"": 2048, ""output_peak"": 0.31016919016838074, ""output_samples"": 72727, ""pre_limiter_peak"": 0.31016919016838074, ""rate"": 1.1, ""sample_aligned"": false, ""sample_rate"": 16000, ""seed"": 16208251556846620473}",794d81584d2afc047aebd1aaafcf7859e9989385ae1b3e1ae229b456d35477a8
20260905T233538.930635Z,b4f3de4a4f74b8742b201c9e0941cfe5166082fc,0ea442119cfa4d9f99e7b3b3ca6f55ddcdc1e56bc504ecce6b0481de96d1a73b,85a65f1f57cd5918e3529a1210a45ad78cb20cab8a6db637589aecc38e333336,15cd64de2c8ddb012c7001ab2b9d14b9009c3f6c85d26ac718ef884459e419c7,2830-3980-0068,2830,test-clean,5.0,20260905,positive,1,crop_10,crop,"{""family"": ""crop"", ""fraction"": 0.1, ""id"": ""crop_10""}",0.5,0.5,0.9854860901832581,0.9782983660697937,1,0000001111101011,0000001011111011,2,0.875,0.125,0,24.833906219986307,0.9917226679207548,NA,NA,NA,NA: Contiguous crop changes length and may shift time origin,4.5,72000,0.5245462656021118,0.0,0.0,155.54454899393022,0.35793206188827753,90.34757199697196,ok,,"{""alignment_reason"": ""Contiguous crop changes length and may shift time origin"", ""clipping_fraction"": 0.0, ""crop_end_sample"": 76328, ""crop_start_sample"": 4328, ""duration_seconds"": 4.5, ""family"": ""crop"", ""fraction"": 0.1, ""id"": ""crop_10"", ""input_samples"": 80000, ""output_peak"": 0.5245462656021118, ""output_samples"": 72000, ""pre_limiter_peak"": 0.5245462656021118, ""removed_fraction_actual"": 0.09999999999999998, ""sample_aligned"": false, ""sample_rate"": 16000, ""seed"": 4640099223446265931}",f566d6c7f8b1b246cd36cebe0c56c2541319dddcb6c3dd19a019222fb12e5634
20260905T233538.930635Z,b4f3de4a4f74b8742b201c9e0941cfe5166082fc,0ea442119cfa4d9f99e7b3b3ca6f55ddcdc1e56bc504ecce6b0481de96d1a73b,85a65f1f57cd5918e3529a1210a45ad78cb20cab8a6db637589aecc38e333336,15cd64de2c8ddb012c7001ab2b9d14b9009c3f6c85d26ac718ef884459e419c7,2830-3980-0068,2830,test-clean,5.0,20260905,negative,0,crop_10,crop,"{""family"": ""crop"", ""fraction"": 0.1, ""id"": ""crop_10""}",0.5,0.5,0.0,0.0037626600824296474,0,0000001111101011,0100110110110100,NA,NA,NA,NA,NA,NA,NA,NA,NA,NA: Contiguous crop changes length and may shift time origin,4.5,72000,0.519317626953125,0.0,0.0,NA,0.37930195685476065,59.565520961768925,ok,,"{""alignment_reason"": ""Contiguous crop changes length and may shift time origin"", ""clipping_fraction"": 0.0, ""crop_end_sample"": 76328, ""crop_start_sample"": 4328, ""duration_seconds"": 4.5, ""family"": ""crop"", ""fraction"": 0.1, ""id"": ""crop_10"", ""input_samples"": 80000, ""output_peak"": 0.519317626953125, ""output_samples"": 72000, ""pre_limiter_peak"": 0.519317626953125, ""removed_fraction_actual"": 0.09999999999999998, ""sample_aligned"": false, ""sample_rate"": 16000, ""seed"": 4640099223446265931}",f084e55733b20876f46f7347418638bf7ff74e1efb4ff5da242b1ac857d76231
20260905T233538.930635Z,b4f3de4a4f74b8742b201c9e0941cfe5166082fc,0ea442119cfa4d9f99e7b3b3ca6f55ddcdc1e56bc504ecce6b0481de96d1a73b,85a65f1f57cd5918e3529a1210a45ad78cb20cab8a6db637589aecc38e333336,15cd64de2c8ddb012c7001ab2b9d14b9009c3f6c85d26ac718ef884459e419c7,2830-3980-0068,2830,test-clean,5.0,20260905,positive,1,crop_25,crop,"{""family"": ""crop"", ""fraction"": 0.25, ""id"": ""crop_25""}",0.5,0.5,0.9580000042915344,0.941311776638031,1,0000001111101011,0110001111110011,4,0.75,0.25,0,24.833906219986307,0.9917226679207548,NA,NA,NA,NA: Contiguous crop changes length and may shift time origin,3.75,60000,0.5245462656021118,0.0,0.0,155.54454899393022,0.3820169949904084,91.36517904698849,ok,,"{""alignment_reason"": ""Contiguous crop changes length and may shift time origin"", ""clipping_fraction"": 0.0, ""crop_end_sample"": 65222, ""crop_start_sample"": 5222, ""duration_seconds"": 3.75, ""family"": ""crop"", ""fraction"": 0.25, ""id"": ""crop_25"", ""input_samples"": 80000, ""output_peak"": 0.5245462656021118, ""output_samples"": 60000, ""pre_limiter_peak"": 0.5245462656021118, ""removed_fraction_actual"": 0.25, ""sample_aligned"": false, ""sample_rate"": 16000, ""seed"": 13076622047224598361}",4bd219fda7069916dd62db164fe8673f7907c1cdc145418c1b1ec78c1cd4d102
20260905T233538.930635Z,b4f3de4a4f74b8742b201c9e0941cfe5166082fc,0ea442119cfa4d9f99e7b3b3ca6f55ddcdc1e56bc504ecce6b0481de96d1a73b,85a65f1f57cd5918e3529a1210a45ad78cb20cab8a6db637589aecc38e333336,15cd64de2c8ddb012c7001ab2b9d14b9009c3f6c85d26ac718ef884459e419c7,2830-3980-0068,2830,test-clean,5.0,20260905,negative,0,crop_25,crop,"{""family"": ""crop"", ""fraction"": 0.25, ""id"": ""crop_25""}",0.5,0.5,0.0,0.0008720014593563974,0,0000001111101011,1111110110110100,NA,NA,NA,NA,NA,NA,NA,NA,NA,NA: Contiguous crop changes length and may shift time origin,3.75,60000,0.519317626953125,0.0,0.0,NA,0.3466809866949916,50.26705504860729,ok,,"{""alignment_reason"": ""Contiguous crop changes length and may shift time origin"", ""clipping_fraction"": 0.0, ""crop_end_sample"": 65222, ""crop_start_sample"": 5222, ""duration_seconds"": 3.75, ""family"": ""crop"", ""fraction"": 0.25, ""id"": ""crop_25"", ""input_samples"": 80000, ""output_peak"": 0.519317626953125, ""output_samples"": 60000, ""pre_limiter_peak"": 0.519317626953125, ""removed_fraction_actual"": 0.25, ""sample_aligned"": false, ""sample_rate"": 16000, ""seed"": 13076622047224598361}",6b03663170406240b571d6c1663326d5060766ba6cecb85a8561a15afe30f17d
20260905T233538.930635Z,b4f3de4a4f74b8742b201c9e0941cfe5166082fc,0ea442119cfa4d9f99e7b3b3ca6f55ddcdc1e56bc504ecce6b0481de96d1a73b,85a65f1f57cd5918e3529a1210a45ad78cb20cab8a6db637589aecc38e333336,15cd64de2c8ddb012c7001ab2b9d14b9009c3f6c85d26ac718ef884459e419c7,7021-85628-0017,7021,test-clean,2.155,20260905,positive,1,clean,clean,"{""family"": ""clean"", ""id"": ""clean""}",0.5,0.5,1.0,0.9999759793281555,1,0010000001010101,0010000001010101,0,1.0,0.0,1,28.348743261344573,0.9992484320501399,0.9992484320501399,NA,28.348743261344573,aligned_to_original,2.155,34480,0.5467108488082886,0.0,0.0,583.6634130682796,0.219718087464571,36.50744096376002,ok,,"{""clipping_fraction"": 0.0, ""duration_seconds"": 2.155, ""family"": ""clean"", ""id"": ""clean"", ""input_samples"": 34480, ""output_peak"": 0.5467108488082886, ""output_samples"": 34480, ""pre_limiter_peak"": 0.5467108488082886, ""sample_aligned"": true, ""sample_rate"": 16000, ""seed"": 14597756190388196016}",e52466ea0103044cdee150a1e2251bf6173f4275fe6f217c372e08545d7dfd1e
20260905T233538.930635Z,b4f3de4a4f74b8742b201c9e0941cfe5166082fc,0ea442119cfa4d9f99e7b3b3ca6f55ddcdc1e56bc504ecce6b0481de96d1a73b,85a65f1f57cd5918e3529a1210a45ad78cb20cab8a6db637589aecc38e333336,15cd64de2c8ddb012c7001ab2b9d14b9009c3f6c85d26ac718ef884459e419c7,7021-85628-0017,7021,test-clean,2.155,20260905,negative,0,clean,clean,"{""family"": ""clean"", ""id"": ""clean""}",0.5,0.5,0.0,0.00383532396517694,0,0010000001010101,0111110110100100,NA,NA,NA,NA,NA,NA,0.9999999999999998,NA,inf,aligned_to_original,2.155,34480,0.553619384765625,0.0,0.0,NA,0.22394605912268162,35.966701922006905,ok,,"{""clipping_fraction"": 0.0, ""duration_seconds"": 2.155, ""family"": ""clean"", ""id"": ""clean"", ""input_samples"": 34480, ""output_peak"": 0.553619384765625, ""output_samples"": 34480, ""pre_limiter_peak"": 0.553619384765625, ""sample_aligned"": true, ""sample_rate"": 16000, ""seed"": 14597756190388196016}",9bd6d30a06fcd9f34aa45f499b38abdf6b55790d0ce36505cb42bbdff8bf4011
20260905T233538.930635Z,b4f3de4a4f74b8742b201c9e0941cfe5166082fc,0ea442119cfa4d9f99e7b3b3ca6f55ddcdc1e56bc504ecce6b0481de96d1a73b,85a65f1f57cd5918e3529a1210a45ad78cb20cab8a6db637589aecc38e333336,15cd64de2c8ddb012c7001ab2b9d14b9009c3f6c85d26ac718ef884459e419c7,7021-85628-0017,7021,test-clean,2.155,20260905,positive,1,mp3_128,mp3,"{""bitrate_kbps"": 128, ""family"": ""mp3"", ""id"": ""mp3_128""}",0.5,0.5,1.0,0.9999763369560242,1,0010000001010101,0010000001010101,0,1.0,0.0,1,28.348743261344573,0.9992484320501399,NA,NA,NA,NA: MP3 codec delay/alignment not independently verified,2.155,34480,0.5188416838645935,0.0,0.0,583.6634130682796,14.830672065727413,36.21747007127851,ok,,"{""alignment_reason"": ""MP3 codec delay/alignment not independently verified"", ""bitrate_kbps"": 128, ""clipping_fraction"": 0.0, ""codec"": ""libmp3lame"", ""duration_seconds"": 2.155, ""family"": ""mp3"", ""id"": ""mp3_128"", ""input_samples"": 34480, ""output_peak"": 0.5188416838645935, ""output_samples"": 34480, ""pre_limiter_peak"": 0.5188416838645935, ""sample_aligned"": false, ""sample_rate"": 16000, ""seed"": 4293007655168269560}",8530b6bcd7fbddc1c06c1ab7b5a2157754e017af93f9fec635e67cca48b842f5
20260905T233538.930635Z,b4f3de4a4f74b8742b201c9e0941cfe5166082fc,0ea442119cfa4d9f99e7b3b3ca6f55ddcdc1e56bc504ecce6b0481de96d1a73b,85a65f1f57cd5918e3529a1210a45ad78cb20cab8a6db637589aecc38e333336,15cd64de2c8ddb012c7001ab2b9d14b9009c3f6c85d26ac718ef884459e419c7,7021-85628-0017,7021,test-clean,2.155,20260905,negative,0,mp3_128,mp3,"{""bitrate_kbps"": 128, ""family"": ""mp3"", ""id"": ""mp3_128""}",0.5,0.5,0.0,0.003455870784819126,0,0010000001010101,0111110110100100,NA,NA,NA,NA,NA,NA,NA,NA,NA,NA: MP3 codec delay/alignment not independently verified,2.155,34480,0.5250805020332336,0.0,0.0,NA,14.317014021798968,36.200157017447054,ok,,"{""alignment_reason"": ""MP3 codec delay/alignment not independently verified"", ""bitrate_kbps"": 128, ""clipping_fraction"": 0.0, ""codec"": ""libmp3lame"", ""duration_seconds"": 2.155, ""family"": ""mp3"", ""id"": ""mp3_128"", ""input_samples"": 34480, ""output_peak"": 0.5250805020332336, ""output_samples"": 34480, ""pre_limiter_peak"": 0.5250805020332336, ""sample_aligned"": false, ""sample_rate"": 16000, ""seed"": 4293007655168269560}",2cd2404156f9a4da6185f9ba802882002114f47b482941ee97aa0c1f9e297a9f
20260905T233538.930635Z,b4f3de4a4f74b8742b201c9e0941cfe5166082fc,0ea442119cfa4d9f99e7b3b3ca6f55ddcdc1e56bc504ecce6b0481de96d1a73b,85a65f1f57cd5918e3529a1210a45ad78cb20cab8a6db637589aecc38e333336,15cd64de2c8ddb012c7001ab2b9d14b9009c3f6c85d26ac718ef884459e419c7,7021-85628-0017,7021,test-clean,2.155,20260905,positive,1,mp3_64,mp3,"{""bitrate_kbps"": 64, ""family"": ""mp3"", ""id"": ""mp3_64""}",0.5,0.5,1.0,0.9999748468399048,1,0010000001010101,0010000001010101,0,1.0,0.0,1,28.348743261344573,0.9992484320501399,NA,NA,NA,NA: MP3 codec delay/alignment not independently verified,2.155,34480,0.517798125743866,0.0,0.0,583.6634130682796,16.450698021799326,39.52783392742276,ok,,"{""alignment_reason"": ""MP3 codec delay/alignment not independently verified"", ""bitrate_kbps"": 64, ""clipping_fraction"": 0.0, ""codec"": ""libmp3lame"", ""duration_seconds"": 2.155, ""family"": ""mp3"", ""id"": ""mp3_64"", ""input_samples"": 34480, ""output_peak"": 0.517798125743866, ""output_samples"": 34480, ""pre_limiter_peak"": 0.517798125743866, ""sample_aligned"": false, ""sample_rate"": 16000, ""seed"": 8777131363504174994}",6b41eb80a9baac73cdd99d52d037a76b812ffa967a01ec21eb48f668d444f638
20260905T233538.930635Z,b4f3de4a4f74b8742b201c9e0941cfe5166082fc,0ea442119cfa4d9f99e7b3b3ca6f55ddcdc1e56bc504ecce6b0481de96d1a73b,85a65f1f57cd5918e3529a1210a45ad78cb20cab8a6db637589aecc38e333336,15cd64de2c8ddb012c7001ab2b9d14b9009c3f6c85d26ac718ef884459e419c7,7021-85628-0017,7021,test-clean,2.155,20260905,negative,0,mp3_64,mp3,"{""bitrate_kbps"": 64, ""family"": ""mp3"", ""id"": ""mp3_64""}",0.5,0.5,0.0,0.004200038034468889,0,0010000001010101,0101111110100101,NA,NA,NA,NA,NA,NA,NA,NA,NA,NA: MP3 codec delay/alignment not independently verified,2.155,34480,0.5259034633636475,0.0,0.0,NA,17.101978068239987,38.20943308528513,ok,,"{""alignment_reason"": ""MP3 codec delay/alignment not independently verified"", ""bitrate_kbps"": 64, ""clipping_fraction"": 0.0, ""codec"": ""libmp3lame"", ""duration_seconds"": 2.155, ""family"": ""mp3"", ""id"": ""mp3_64"", ""input_samples"": 34480, ""output_peak"": 0.5259034633636475, ""output_samples"": 34480, ""pre_limiter_peak"": 0.5259034633636475, ""sample_aligned"": false, ""sample_rate"": 16000, ""seed"": 8777131363504174994}",f06033258c2cded8d2418871e5de6583e2eba274a66bd903584fc1611e9c58f7
20260905T233538.930635Z,b4f3de4a4f74b8742b201c9e0941cfe5166082fc,0ea442119cfa4d9f99e7b3b3ca6f55ddcdc1e56bc504ecce6b0481de96d1a73b,85a65f1f57cd5918e3529a1210a45ad78cb20cab8a6db637589aecc38e333336,15cd64de2c8ddb012c7001ab2b9d14b9009c3f6c85d26ac718ef884459e419c7,7021-85628-0017,7021,test-clean,2.155,20260905,positive,1,noise_30,noise,"{""family"": ""noise"", ""id"": ""noise_30"", ""snr_db"": 30}",0.5,0.5,0.3605858385562897,0.371088445186615,0,0010000001010101,0010000001010101,0,1.0,0.0,1,28.348743261344573,0.9992484320501399,0.9979934326638241,NA,26.05616970128944,aligned_to_original,2.155,34480,0.5468583106994629,0.0,0.0,583.6634130682796,0.9262139210477471,35.89575598016381,ok,,"{""clipping_fraction"": 0.0, ""duration_seconds"": 2.155, ""family"": ""noise"", ""id"": ""noise_30"", ""input_samples"": 34480, ""noise_snr_db"": 30.00000002709946, ""noise_snr_db_pre_clipping"": 30.0, ""output_peak"": 0.5468583106994629, ""output_samples"": 34480, ""pre_limiter_peak"": 0.5468582981228739, ""sample_aligned"": true, ""sample_rate"": 16000, ""seed"": 194381220730701713, ""snr_db"": 30}",d2a39dc7c9e1970ee6b85366e42646c6dea4c12a6726edc58b6ffa2e51b75aaa
20260905T233538.930635Z,b4f3de4a4f74b8742b201c9e0941cfe5166082fc,0ea442119cfa4d9f99e7b3b3ca6f55ddcdc1e56bc504ecce6b0481de96d1a73b,85a65f1f57cd5918e3529a1210a45ad78cb20cab8a6db637589aecc38e333336,15cd64de2c8ddb012c7001ab2b9d14b9009c3f6c85d26ac718ef884459e419c7,7021-85628-0017,7021,test-clean,2.155,20260905,negative,0,noise_30,noise,"{""family"": ""noise"", ""id"": ""noise_30"", ""snr_db"": 30}",0.5,0.5,0.008613688871264458,0.013499804772436619,0,0010000001010101,0110111110110100,NA,NA,NA,NA,NA,NA,0.998847468037354,NA,30.000000073369797,aligned_to_original,2.155,34480,0.5537670254707336,0.0,0.0,NA,0.846732989884913,36.0918000806123,ok,,"{""clipping_fraction"": 0.0, ""duration_seconds"": 2.155, ""family"": ""noise"", ""id"": ""noise_30"", ""input_samples"": 34480, ""noise_snr_db"": 30.000000073369797, ""noise_snr_db_pre_clipping"": 30.0, ""output_peak"": 0.5537670254707336, ""output_samples"": 34480, ""pre_limiter_peak"": 0.5537670001172929, ""sample_aligned"": true, ""sample_rate"": 16000, ""seed"": 194381220730701713, ""snr_db"": 30}",48fde2203e021320efff455faa1369ac574bcc6fd2b19b7c97f5d72dd96dfb76
20260905T233538.930635Z,b4f3de4a4f74b8742b201c9e0941cfe5166082fc,0ea442119cfa4d9f99e7b3b3ca6f55ddcdc1e56bc504ecce6b0481de96d1a73b,85a65f1f57cd5918e3529a1210a45ad78cb20cab8a6db637589aecc38e333336,15cd64de2c8ddb012c7001ab2b9d14b9009c3f6c85d26ac718ef884459e419c7,7021-85628-0017,7021,test-clean,2.155,20260905,positive,1,noise_20,noise,"{""family"": ""noise"", ""id"": ""noise_20"", ""snr_db"": 20}",0.5,0.5,0.29263341426849365,0.2873048782348633,0,0010000001010101,0010000001010101,0,1.0,0.0,1,28.348743261344573,0.9992484320501399,0.9872551917477522,NA,19.4226477123946,aligned_to_original,2.155,34480,0.5437400937080383,0.0,0.0,583.6634130682796,0.844057067297399,36.047976929694414,ok,,"{""clipping_fraction"": 0.0, ""duration_seconds"": 2.155, ""family"": ""noise"", ""id"": ""noise_20"", ""input_samples"": 34480, ""noise_snr_db"": 20.000000007819768, ""noise_snr_db_pre_clipping"": 19.999999999999996, ""output_peak"": 0.5437400937080383, ""output_samples"": 34480, ""pre_limiter_peak"": 0.5437400850441273, ""sample_aligned"": true, ""sample_rate"": 16000, ""seed"": 17732944530060162345, ""snr_db"": 20}",e14c2dcf4e343e64f902c4bba6c0abd882d93ba1d8dea601ac2f585280086b34
20260905T233538.930635Z,b4f3de4a4f74b8742b201c9e0941cfe5166082fc,0ea442119cfa4d9f99e7b3b3ca6f55ddcdc1e56bc504ecce6b0481de96d1a73b,85a65f1f57cd5918e3529a1210a45ad78cb20cab8a6db637589aecc38e333336,15cd64de2c8ddb012c7001ab2b9d14b9009c3f6c85d26ac718ef884459e419c7,7021-85628-0017,7021,test-clean,2.155,20260905,negative,0,noise_20,noise,"{""family"": ""noise"", ""id"": ""noise_20"", ""snr_db"": 20}",0.5,0.5,0.0,0.0011420331429690123,0,0010000001010101,0111111110100100,NA,NA,NA,NA,NA,NA,0.988085823240307,NA,19.999999991833747,aligned_to_original,2.155,34480,0.5506452918052673,0.0,0.0,NA,0.840882072225213,36.05022095143795,ok,,"{""clipping_fraction"": 0.0, ""duration_seconds"": 2.155, ""family"": ""noise"", ""id"": ""noise_20"", ""input_samples"": 34480, ""noise_snr_db"": 19.999999991833747, ""noise_snr_db_pre_clipping"": 19.999999999999996, ""output_peak"": 0.5506452918052673, ""output_samples"": 34480, ""pre_limiter_peak"": 0.5506452757370274, ""sample_aligned"": true, ""sample_rate"": 16000, ""seed"": 17732944530060162345, ""snr_db"": 20}",841c9fb2826679f2761be6daed9e93c4a96714fc1ed78d87f29224c437f8cbcb
20260905T233538.930635Z,b4f3de4a4f74b8742b201c9e0941cfe5166082fc,0ea442119cfa4d9f99e7b3b3ca6f55ddcdc1e56bc504ecce6b0481de96d1a73b,85a65f1f57cd5918e3529a1210a45ad78cb20cab8a6db637589aecc38e333336,15cd64de2c8ddb012c7001ab2b9d14b9009c3f6c85d26ac718ef884459e419c7,7021-85628-0017,7021,test-clean,2.155,20260905,positive,1,resample_12000,resample,"{""family"": ""resample"", ""id"": ""resample_12000"", ""intermediate_sr"": 12000}",0.5,0.5,1.0,0.999975323677063,1,0010000001010101,0010000001010101,0,1.0,0.0,1,28.348743261344573,0.9992484320501399,0.9992482392406723,NA,22.639353554314642,aligned_to_original,2.155,34480,0.543294370174408,0.0,0.0,583.6634130682796,1.34671397972852,36.6828249534592,ok,,"{""clipping_fraction"": 0.0, ""duration_seconds"": 2.155, ""family"": ""resample"", ""id"": ""resample_12000"", ""input_samples"": 34480, ""intermediate_sr"": 12000, ""output_peak"": 0.543294370174408, ""output_samples"": 34480, ""pre_limiter_peak"": 0.543294370174408, ""resampler"": ""scipy.signal.resample_poly"", ""resampler_window"": [""kaiser"", 5.0], ""sample_aligned"": true, ""sample_rate"": 16000, ""seed"": 902426155443081318}",50d3ff213e8ee82b8b10723d4b0c5c0f981136437c0db5d10750a276a3a044ae
20260905T233538.930635Z,b4f3de4a4f74b8742b201c9e0941cfe5166082fc,0ea442119cfa4d9f99e7b3b3ca6f55ddcdc1e56bc504ecce6b0481de96d1a73b,85a65f1f57cd5918e3529a1210a45ad78cb20cab8a6db637589aecc38e333336,15cd64de2c8ddb012c7001ab2b9d14b9009c3f6c85d26ac718ef884459e419c7,7021-85628-0017,7021,test-clean,2.155,20260905,negative,0,resample_12000,resample,"{""family"": ""resample"", ""id"": ""resample_12000"", ""intermediate_sr"": 12000}",0.5,0.5,0.0,0.003789348527789116,0,0010000001010101,0111110110100100,NA,NA,NA,NA,NA,NA,0.9999994109743565,NA,23.99682107280302,aligned_to_original,2.155,34480,0.5502029657363892,0.0,0.0,NA,1.3590779853984714,35.96770390868187,ok,,"{""clipping_fraction"": 0.0, ""duration_seconds"": 2.155, ""family"": ""resample"", ""id"": ""resample_12000"", ""input_samples"": 34480, ""intermediate_sr"": 12000, ""output_peak"": 0.5502029657363892, ""output_samples"": 34480, ""pre_limiter_peak"": 0.5502029657363892, ""resampler"": ""scipy.signal.resample_poly"", ""resampler_window"": [""kaiser"", 5.0], ""sample_aligned"": true, ""sample_rate"": 16000, ""seed"": 902426155443081318}",9f219966ff90631895f98ba6842cfb34e0774001e3222a4434d3116f5db7e1dd
20260905T233538.930635Z,b4f3de4a4f74b8742b201c9e0941cfe5166082fc,0ea442119cfa4d9f99e7b3b3ca6f55ddcdc1e56bc504ecce6b0481de96d1a73b,85a65f1f57cd5918e3529a1210a45ad78cb20cab8a6db637589aecc38e333336,15cd64de2c8ddb012c7001ab2b9d14b9009c3f6c85d26ac718ef884459e419c7,7021-85628-0017,7021,test-clean,2.155,20260905,positive,1,resample_8000,resample,"{""family"": ""resample"", ""id"": ""resample_8000"", ""intermediate_sr"": 8000}",0.5,0.5,1.0,0.999973475933075,1,0010000001010101,0010000001010101,0,1.0,0.0,1,28.348743261344573,0.9992484320501399,0.995698660220927,NA,21.061427778212376,aligned_to_original,2.155,34480,0.5523524880409241,0.0,0.0,583.6634130682796,1.3561929808929563,35.90015601366758,ok,,"{""clipping_fraction"": 0.0, ""duration_seconds"": 2.155, ""family"": ""resample"", ""id"": ""resample_8000"", ""input_samples"": 34480, ""intermediate_sr"": 8000, ""output_peak"": 0.5523524880409241, ""output_samples"": 34480, ""pre_limiter_peak"": 0.5523524880409241, ""resampler"": ""scipy.signal.resample_poly"", ""resampler_window"": [""kaiser"", 5.0], ""sample_aligned"": true, ""sample_rate"": 16000, ""seed"": 7680439465738946348}",e7d88aa2040b14035d973c6634994c97797c89f468f99b66f0adc53451333920
20260905T233538.930635Z,b4f3de4a4f74b8742b201c9e0941cfe5166082fc,0ea442119cfa4d9f99e7b3b3ca6f55ddcdc1e56bc504ecce6b0481de96d1a73b,85a65f1f57cd5918e3529a1210a45ad78cb20cab8a6db637589aecc38e333336,15cd64de2c8ddb012c7001ab2b9d14b9009c3f6c85d26ac718ef884459e419c7,7021-85628-0017,7021,test-clean,2.155,20260905,negative,0,resample_8000,resample,"{""family"": ""resample"", ""id"": ""resample_8000"", ""intermediate_sr"": 8000}",0.5,0.5,0.0,0.004057000391185284,0,0010000001010101,0111110110100100,NA,NA,NA,NA,NA,NA,0.9964525327904595,NA,21.958886836380444,aligned_to_original,2.155,34480,0.55927574634552,0.0,0.0,NA,1.348476973362267,35.96795501653105,ok,,"{""clipping_fraction"": 0.0, ""duration_seconds"": 2.155, ""family"": ""resample"", ""id"": ""resample_8000"", ""input_samples"": 34480, ""intermediate_sr"": 8000, ""output_peak"": 0.55927574634552, ""output_samples"": 34480, ""pre_limiter_peak"": 0.55927574634552, ""resampler"": ""scipy.signal.resample_poly"", ""resampler_window"": [""kaiser"", 5.0], ""sample_aligned"": true, ""sample_rate"": 16000, ""seed"": 7680439465738946348}",4728f22358df1b94e899369106a0a144e8b0a29f6de7729d840e8e464094effa
20260905T233538.930635Z,b4f3de4a4f74b8742b201c9e0941cfe5166082fc,0ea442119cfa4d9f99e7b3b3ca6f55ddcdc1e56bc504ecce6b0481de96d1a73b,85a65f1f57cd5918e3529a1210a45ad78cb20cab8a6db637589aecc38e333336,15cd64de2c8ddb012c7001ab2b9d14b9009c3f6c85d26ac718ef884459e419c7,7021-85628-0017,7021,test-clean,2.155,20260905,positive,1,pitch_minus2,pitch,"{""family"": ""pitch"", ""id"": ""pitch_minus2"", ""semitones"": -2}",0.5,0.5,0.0,0.002934309421107173,0,0010000001010101,0110110110000001,8,0.5,0.5,0,28.348743261344573,0.9992484320501399,NA,NA,NA,NA: Pitch shifting changes sample phase and content,2.155,34480,0.31838458776474,0.0,0.0,583.6634130682796,8.788186009041965,36.593205062672496,ok,,"{""alignment_reason"": ""Pitch shifting changes sample phase and content"", ""clipping_fraction"": 0.0, ""duration_seconds"": 2.155, ""family"": ""pitch"", ""hop_length"": 512, ""id"": ""pitch_minus2"", ""implementation"": ""librosa"", ""input_samples"": 34480, ""n_fft"": 2048, ""output_peak"": 0.31838458776474, ""output_samples"": 34480, ""pre_limiter_peak"": 0.31838458776474, ""res_type"": ""soxr_hq"", ""sample_aligned"": false, ""sample_rate"": 16000, ""seed"": 2428377195775505874, ""semitones"": -2}",3a36feceedb81c98b0e92c1b561d2dd9ef10062922330c5f568711f739f2a3c6
20260905T233538.930635Z,b4f3de4a4f74b8742b201c9e0941cfe5166082fc,0ea442119cfa4d9f99e7b3b3ca6f55ddcdc1e56bc504ecce6b0481de96d1a73b,85a65f1f57cd5918e3529a1210a45ad78cb20cab8a6db637589aecc38e333336,15cd64de2c8ddb012c7001ab2b9d14b9009c3f6c85d26ac718ef884459e419c7,7021-85628-0017,7021,test-clean,2.155,20260905,negative,0,pitch_minus2,pitch,"{""family"": ""pitch"", ""id"": ""pitch_minus2"", ""semitones"": -2}",0.5,0.5,0.0,0.010862520895898342,0,0010000001010101,1110111110100101,NA,NA,NA,NA,NA,NA,NA,NA,NA,NA: Pitch shifting changes sample phase and content,2.155,34480,0.3634100556373596,0.0,0.0,NA,8.87606292963028,35.92306899372488,ok,,"{""alignment_reason"": ""Pitch shifting changes sample phase and content"", ""clipping_fraction"": 0.0, ""duration_seconds"": 2.155, ""family"": ""pitch"", ""hop_length"": 512, ""id"": ""pitch_minus2"", ""implementation"": ""librosa"", ""input_samples"": 34480, ""n_fft"": 2048, ""output_peak"": 0.3634100556373596, ""output_samples"": 34480, ""pre_limiter_peak"": 0.3634100556373596, ""res_type"": ""soxr_hq"", ""sample_aligned"": false, ""sample_rate"": 16000, ""seed"": 2428377195775505874, ""semitones"": -2}",0bb421013b6b4be68331b3a9b9647766bc5628c230f014c16b65f4755ed5a074
20260905T233538.930635Z,b4f3de4a4f74b8742b201c9e0941cfe5166082fc,0ea442119cfa4d9f99e7b3b3ca6f55ddcdc1e56bc504ecce6b0481de96d1a73b,85a65f1f57cd5918e3529a1210a45ad78cb20cab8a6db637589aecc38e333336,15cd64de2c8ddb012c7001ab2b9d14b9009c3f6c85d26ac718ef884459e419c7,7021-85628-0017,7021,test-clean,2.155,20260905,positive,1,pitch_plus2,pitch,"{""family"": ""pitch"", ""id"": ""pitch_plus2"", ""semitones"": 2}",0.5,0.5,0.0,0.0021784710697829723,0,0010000001010101,0110011100100101,7,0.5625,0.4375,0,28.348743261344573,0.9992484320501399,NA,NA,NA,NA: Pitch shifting changes sample phase and content,2.155,34480,0.3477834463119507,0.0,0.0,583.6634130682796,10.016414104029536,35.94366798643023,ok,,"{""alignment_reason"": ""Pitch shifting changes sample phase and content"", ""clipping_fraction"": 0.0, ""duration_seconds"": 2.155, ""family"": ""pitch"", ""hop_length"": 512, ""id"": ""pitch_plus2"", ""implementation"": ""librosa"", ""input_samples"": 34480, ""n_fft"": 2048, ""output_peak"": 0.3477834463119507, ""output_samples"": 34480, ""pre_limiter_peak"": 0.3477834463119507, ""res_type"": ""soxr_hq"", ""sample_aligned"": false, ""sample_rate"": 16000, ""seed"": 9846837652325118180, ""semitones"": 2}",3d3bbe4a84a71037c00057421b50523000cbe80f5fabe1db664e5cbcafeca7b0
20260905T233538.930635Z,b4f3de4a4f74b8742b201c9e0941cfe5166082fc,0ea442119cfa4d9f99e7b3b3ca6f55ddcdc1e56bc504ecce6b0481de96d1a73b,85a65f1f57cd5918e3529a1210a45ad78cb20cab8a6db637589aecc38e333336,15cd64de2c8ddb012c7001ab2b9d14b9009c3f6c85d26ac718ef884459e419c7,7021-85628-0017,7021,test-clean,2.155,20260905,negative,0,pitch_plus2,pitch,"{""family"": ""pitch"", ""id"": ""pitch_plus2"", ""semitones"": 2}",0.5,0.5,0.0,0.0028391489759087563,0,0010000001010101,0110110110100101,NA,NA,NA,NA,NA,NA,NA,NA,NA,NA: Pitch shifting changes sample phase and content,2.155,34480,0.34084731340408325,0.0,0.0,NA,10.019099921919405,36.87715600244701,ok,,"{""alignment_reason"": ""Pitch shifting changes sample phase and content"", ""clipping_fraction"": 0.0, ""duration_seconds"": 2.155, ""family"": ""pitch"", ""hop_length"": 512, ""id"": ""pitch_plus2"", ""implementation"": ""librosa"", ""input_samples"": 34480, ""n_fft"": 2048, ""output_peak"": 0.34084731340408325, ""output_samples"": 34480, ""pre_limiter_peak"": 0.34084731340408325, ""res_type"": ""soxr_hq"", ""sample_aligned"": false, ""sample_rate"": 16000, ""seed"": 9846837652325118180, ""semitones"": 2}",19cab62f6aa45193ab1825ff45745e4921b7a18b1b6487d62bc448c36f2ae281
20260905T233538.930635Z,b4f3de4a4f74b8742b201c9e0941cfe5166082fc,0ea442119cfa4d9f99e7b3b3ca6f55ddcdc1e56bc504ecce6b0481de96d1a73b,85a65f1f57cd5918e3529a1210a45ad78cb20cab8a6db637589aecc38e333336,15cd64de2c8ddb012c7001ab2b9d14b9009c3f6c85d26ac718ef884459e419c7,7021-85628-0017,7021,test-clean,2.155,20260905,positive,1,stretch_09,stretch,"{""family"": ""stretch"", ""id"": ""stretch_09"", ""rate"": 0.9}",0.5,0.5,0.4353579878807068,0.44076302647590637,0,0010000001010101,0010000001010101,0,1.0,0.0,1,28.348743261344573,0.9992484320501399,NA,NA,NA,NA: Time stretching changes the temporal coordinate,2.3944375,38311,0.31052520871162415,0.0,0.0,583.6634130682796,9.292005095630884,43.61287201754749,ok,,"{""alignment_reason"": ""Time stretching changes the temporal coordinate"", ""clipping_fraction"": 0.0, ""duration_seconds"": 2.3944375, ""family"": ""stretch"", ""hop_length"": 512, ""id"": ""stretch_09"", ""implementation"": ""librosa"", ""input_samples"": 34480, ""n_fft"": 2048, ""output_peak"": 0.31052520871162415, ""output_samples"": 38311, ""pre_limiter_peak"": 0.31052520871162415, ""rate"": 0.9, ""sample_aligned"": false, ""sample_rate"": 16000, ""seed"": 17757817128791735739}",7e14f58616f7c0fa2e18a86dd9a9b2b79a300c1189cbaa264e848c48340d715a
20260905T233538.930635Z,b4f3de4a4f74b8742b201c9e0941cfe5166082fc,0ea442119cfa4d9f99e7b3b3ca6f55ddcdc1e56bc504ecce6b0481de96d1a73b,85a65f1f57cd5918e3529a1210a45ad78cb20cab8a6db637589aecc38e333336,15cd64de2c8ddb012c7001ab2b9d14b9009c3f6c85d26ac718ef884459e419c7,7021-85628-0017,7021,test-clean,2.155,20260905,negative,0,stretch_09,stretch,"{""family"": ""stretch"", ""id"": ""stretch_09"", ""rate"": 0.9}",0.5,0.5,0.0,0.0006086357170715928,0,0010000001010101,0110110110100100,NA,NA,NA,NA,NA,NA,NA,NA,NA,NA: Time stretching changes the temporal coordinate,2.3944375,38311,0.32938894629478455,0.0,0.0,NA,9.327252046205103,39.39606307540089,ok,,"{""alignment_reason"": ""Time stretching changes the temporal coordinate"", ""clipping_fraction"": 0.0, ""duration_seconds"": 2.3944375, ""family"": ""stretch"", ""hop_length"": 512, ""id"": ""stretch_09"", ""implementation"": ""librosa"", ""input_samples"": 34480, ""n_fft"": 2048, ""output_peak"": 0.32938894629478455, ""output_samples"": 38311, ""pre_limiter_peak"": 0.32938894629478455, ""rate"": 0.9, ""sample_aligned"": false, ""sample_rate"": 16000, ""seed"": 17757817128791735739}",7b123233367c28d41ab7b341cec2432a3ea4f6634fe59260aed0fd4a7e1de279
20260905T233538.930635Z,b4f3de4a4f74b8742b201c9e0941cfe5166082fc,0ea442119cfa4d9f99e7b3b3ca6f55ddcdc1e56bc504ecce6b0481de96d1a73b,85a65f1f57cd5918e3529a1210a45ad78cb20cab8a6db637589aecc38e333336,15cd64de2c8ddb012c7001ab2b9d14b9009c3f6c85d26ac718ef884459e419c7,7021-85628-0017,7021,test-clean,2.155,20260905,positive,1,stretch_11,stretch,"{""family"": ""stretch"", ""id"": ""stretch_11"", ""rate"": 1.1}",0.5,0.5,0.548827588558197,0.5803002119064331,1,0010000001010101,0010000001010101,0,1.0,0.0,1,28.348743261344573,0.9992484320501399,NA,NA,NA,NA: Time stretching changes the temporal coordinate,1.9590625,31345,0.28289899230003357,0.0,0.0,583.6634130682796,7.979686022736132,40.28714005835354,ok,,"{""alignment_reason"": ""Time stretching changes the temporal coordinate"", ""clipping_fraction"": 0.0, ""duration_seconds"": 1.9590625, ""family"": ""stretch"", ""hop_length"": 512, ""id"": ""stretch_11"", ""implementation"": ""librosa"", ""input_samples"": 34480, ""n_fft"": 2048, ""output_peak"": 0.28289899230003357, ""output_samples"": 31345, ""pre_limiter_peak"": 0.28289899230003357, ""rate"": 1.1, ""sample_aligned"": false, ""sample_rate"": 16000, ""seed"": 6239770908982659164}",ad1ac9a366b6df68c9056b64b59d981342e956d1414328f06a6180d11418151b
20260905T233538.930635Z,b4f3de4a4f74b8742b201c9e0941cfe5166082fc,0ea442119cfa4d9f99e7b3b3ca6f55ddcdc1e56bc504ecce6b0481de96d1a73b,85a65f1f57cd5918e3529a1210a45ad78cb20cab8a6db637589aecc38e333336,15cd64de2c8ddb012c7001ab2b9d14b9009c3f6c85d26ac718ef884459e419c7,7021-85628-0017,7021,test-clean,2.155,20260905,negative,0,stretch_11,stretch,"{""family"": ""stretch"", ""id"": ""stretch_11"", ""rate"": 1.1}",0.5,0.5,0.010208964347839355,0.011363917030394077,0,0010000001010101,1100110110100111,NA,NA,NA,NA,NA,NA,NA,NA,NA,NA: Time stretching changes the temporal coordinate,1.9590625,31345,0.3184817433357239,0.0,0.0,NA,7.9750880831852555,34.90010101813823,ok,,"{""alignment_reason"": ""Time stretching changes the temporal coordinate"", ""clipping_fraction"": 0.0, ""duration_seconds"": 1.9590625, ""family"": ""stretch"", ""hop_length"": 512, ""id"": ""stretch_11"", ""implementation"": ""librosa"", ""input_samples"": 34480, ""n_fft"": 2048, ""output_peak"": 0.3184817433357239, ""output_samples"": 31345, ""pre_limiter_peak"": 0.3184817433357239, ""rate"": 1.1, ""sample_aligned"": false, ""sample_rate"": 16000, ""seed"": 6239770908982659164}",723f4980ab9a07a1c85d665de31265d29fb306d7add99a3e87e33f4812cd774f
20260905T233538.930635Z,b4f3de4a4f74b8742b201c9e0941cfe5166082fc,0ea442119cfa4d9f99e7b3b3ca6f55ddcdc1e56bc504ecce6b0481de96d1a73b,85a65f1f57cd5918e3529a1210a45ad78cb20cab8a6db637589aecc38e333336,15cd64de2c8ddb012c7001ab2b9d14b9009c3f6c85d26ac718ef884459e419c7,7021-85628-0017,7021,test-clean,2.155,20260905,positive,1,crop_10,crop,"{""family"": ""crop"", ""fraction"": 0.1, ""id"": ""crop_10""}",0.5,0.5,0.9988721609115601,0.9819803237915039,1,0010000001010101,0010101100001010,9,0.4375,0.5625,0,28.348743261344573,0.9992484320501399,NA,NA,NA,NA: Contiguous crop changes length and may shift time origin,1.9395,31032,0.5467108488082886,0.0,0.0,583.6634130682796,0.2802138915285468,41.02225892711431,ok,,"{""alignment_reason"": ""Contiguous crop changes length and may shift time origin"", ""clipping_fraction"": 0.0, ""crop_end_sample"": 31497, ""crop_start_sample"": 465, ""duration_seconds"": 1.9395, ""family"": ""crop"", ""fraction"": 0.1, ""id"": ""crop_10"", ""input_samples"": 34480, ""output_peak"": 0.5467108488082886, ""output_samples"": 31032, ""pre_limiter_peak"": 0.5467108488082886, ""removed_fraction_actual"": 0.09999999999999998, ""sample_aligned"": false, ""sample_rate"": 16000, ""seed"": 10097699851546734180}",d73a6fd2788b3f43e94d514833bd970bdfdeedb7206f13ba3808c0ba2943d22f
20260905T233538.930635Z,b4f3de4a4f74b8742b201c9e0941cfe5166082fc,0ea442119cfa4d9f99e7b3b3ca6f55ddcdc1e56bc504ecce6b0481de96d1a73b,85a65f1f57cd5918e3529a1210a45ad78cb20cab8a6db637589aecc38e333336,15cd64de2c8ddb012c7001ab2b9d14b9009c3f6c85d26ac718ef884459e419c7,7021-85628-0017,7021,test-clean,2.155,20260905,negative,0,crop_10,crop,"{""family"": ""crop"", ""fraction"": 0.1, ""id"": ""crop_10""}",0.5,0.5,0.0,0.0002199817099608481,0,0010000001010101,1110110110100100,NA,NA,NA,NA,NA,NA,NA,NA,NA,NA: Contiguous crop changes length and may shift time origin,1.9395,31032,0.553619384765625,0.0,0.0,NA,0.2552859950810671,34.80425907764584,ok,,"{""alignment_reason"": ""Contiguous crop changes length and may shift time origin"", ""clipping_fraction"": 0.0, ""crop_end_sample"": 31497, ""crop_start_sample"": 465, ""duration_seconds"": 1.9395, ""family"": ""crop"", ""fraction"": 0.1, ""id"": ""crop_10"", ""input_samples"": 34480, ""output_peak"": 0.553619384765625, ""output_samples"": 31032, ""pre_limiter_peak"": 0.553619384765625, ""removed_fraction_actual"": 0.09999999999999998, ""sample_aligned"": false, ""sample_rate"": 16000, ""seed"": 10097699851546734180}",825cc3c7c6d8e453e7363d0f7af817ce8731ce288a8346a8004c21927f4edffa
20260905T233538.930635Z,b4f3de4a4f74b8742b201c9e0941cfe5166082fc,0ea442119cfa4d9f99e7b3b3ca6f55ddcdc1e56bc504ecce6b0481de96d1a73b,85a65f1f57cd5918e3529a1210a45ad78cb20cab8a6db637589aecc38e333336,15cd64de2c8ddb012c7001ab2b9d14b9009c3f6c85d26ac718ef884459e419c7,7021-85628-0017,7021,test-clean,2.155,20260905,positive,1,crop_25,crop,"{""family"": ""crop"", ""fraction"": 0.25, ""id"": ""crop_25""}",0.5,0.5,0.547370433807373,0.5627778172492981,1,0010000001010101,1000011100011100,8,0.5,0.5,0,28.348743261344573,0.9992484320501399,NA,NA,NA,NA: Contiguous crop changes length and may shift time origin,1.61625,25860,0.5467108488082886,0.0,0.0,583.6634130682796,0.2659859601408243,34.41570803988725,ok,,"{""alignment_reason"": ""Contiguous crop changes length and may shift time origin"", ""clipping_fraction"": 0.0, ""crop_end_sample"": 26201, ""crop_start_sample"": 341, ""duration_seconds"": 1.61625, ""family"": ""crop"", ""fraction"": 0.25, ""id"": ""crop_25"", ""input_samples"": 34480, ""output_peak"": 0.5467108488082886, ""output_samples"": 25860, ""pre_limiter_peak"": 0.5467108488082886, ""removed_fraction_actual"": 0.25, ""sample_aligned"": false, ""sample_rate"": 16000, ""seed"": 2214272482729182644}",42cc6246aff327a058f7b3ce6b7051160ced88841cd5220a6d2b2b07225187cc
20260905T233538.930635Z,b4f3de4a4f74b8742b201c9e0941cfe5166082fc,0ea442119cfa4d9f99e7b3b3ca6f55ddcdc1e56bc504ecce6b0481de96d1a73b,85a65f1f57cd5918e3529a1210a45ad78cb20cab8a6db637589aecc38e333336,15cd64de2c8ddb012c7001ab2b9d14b9009c3f6c85d26ac718ef884459e419c7,7021-85628-0017,7021,test-clean,2.155,20260905,negative,0,crop_25,crop,"{""family"": ""crop"", ""fraction"": 0.25, ""id"": ""crop_25""}",0.5,0.5,0.0,0.0009867283515632153,0,0010000001010101,1110110110100100,NA,NA,NA,NA,NA,NA,NA,NA,NA,NA: Contiguous crop changes length and may shift time origin,1.61625,25860,0.553619384765625,0.0,0.0,NA,0.25276094675064087,27.818836038932204,ok,,"{""alignment_reason"": ""Contiguous crop changes length and may shift time origin"", ""clipping_fraction"": 0.0, ""crop_end_sample"": 26201, ""crop_start_sample"": 341, ""duration_seconds"": 1.61625, ""family"": ""crop"", ""fraction"": 0.25, ""id"": ""crop_25"", ""input_samples"": 34480, ""output_peak"": 0.553619384765625, ""output_samples"": 25860, ""pre_limiter_peak"": 0.553619384765625, ""removed_fraction_actual"": 0.25, ""sample_aligned"": false, ""sample_rate"": 16000, ""seed"": 2214272482729182644}",989c52bce76b29e007b62fb6622e1034232d51f758080250f5574a69c4c13b04
20260905T233538.930635Z,b4f3de4a4f74b8742b201c9e0941cfe5166082fc,0ea442119cfa4d9f99e7b3b3ca6f55ddcdc1e56bc504ecce6b0481de96d1a73b,85a65f1f57cd5918e3529a1210a45ad78cb20cab8a6db637589aecc38e333336,15cd64de2c8ddb012c7001ab2b9d14b9009c3f6c85d26ac718ef884459e419c7,5105-28241-0019,5105,test-clean,5.29,20260905,positive,1,clean,clean,"{""family"": ""clean"", ""id"": ""clean""}",0.5,0.5,1.0,0.9999867081642151,1,1000110010101111,1000110010101111,0,1.0,0.0,1,23.058156555384073,0.9990584753146162,0.9990584753146162,NA,23.058156555384073,aligned_to_original,5.29,84640,0.5886124968528748,0.0,0.0,162.68846997991204,0.35152898635715246,87.64574397355318,ok,,"{""clipping_fraction"": 0.0, ""duration_seconds"": 5.29, ""family"": ""clean"", ""id"": ""clean"", ""input_samples"": 84640, ""output_peak"": 0.5886124968528748, ""output_samples"": 84640, ""pre_limiter_peak"": 0.5886124968528748, ""sample_aligned"": true, ""sample_rate"": 16000, ""seed"": 12271142431714624540}",aa1df3e76d500569a2ca39c9e90e031024425bf6f4557c2cc7c0cb02fae3f6aa
20260905T233538.930635Z,b4f3de4a4f74b8742b201c9e0941cfe5166082fc,0ea442119cfa4d9f99e7b3b3ca6f55ddcdc1e56bc504ecce6b0481de96d1a73b,85a65f1f57cd5918e3529a1210a45ad78cb20cab8a6db637589aecc38e333336,15cd64de2c8ddb012c7001ab2b9d14b9009c3f6c85d26ac718ef884459e419c7,5105-28241-0019,5105,test-clean,5.29,20260905,negative,0,clean,clean,"{""family"": ""clean"", ""id"": ""clean""}",0.5,0.5,0.0,0.009207602590322495,0,1000110010101111,0100100111110100,NA,NA,NA,NA,NA,NA,0.9999999999999997,NA,inf,aligned_to_original,5.29,84640,0.58538818359375,0.0,0.0,NA,0.35508698783814907,78.91292497515678,ok,,"{""clipping_fraction"": 0.0, ""duration_seconds"": 5.29, ""family"": ""clean"", ""id"": ""clean"", ""input_samples"": 84640, ""output_peak"": 0.58538818359375, ""output_samples"": 84640, ""pre_limiter_peak"": 0.58538818359375, ""sample_aligned"": true, ""sample_rate"": 16000, ""seed"": 12271142431714624540}",9a975ab933be439cf9354ae2e4bb0361afc3e57c4e37a574497cd3764b94d55f
20260905T233538.930635Z,b4f3de4a4f74b8742b201c9e0941cfe5166082fc,0ea442119cfa4d9f99e7b3b3ca6f55ddcdc1e56bc504ecce6b0481de96d1a73b,85a65f1f57cd5918e3529a1210a45ad78cb20cab8a6db637589aecc38e333336,15cd64de2c8ddb012c7001ab2b9d14b9009c3f6c85d26ac718ef884459e419c7,5105-28241-0019,5105,test-clean,5.29,20260905,positive,1,mp3_128,mp3,"{""bitrate_kbps"": 128, ""family"": ""mp3"", ""id"": ""mp3_128""}",0.5,0.5,1.0,0.9999861717224121,1,1000110010101111,1000110010101111,0,1.0,0.0,1,23.058156555384073,0.9990584753146162,NA,NA,NA,NA: MP3 codec delay/alignment not independently verified,5.29,84640,0.5600242018699646,0.0,0.0,162.68846997991204,21.113096037879586,69.75975504610687,ok,,"{""alignment_reason"": ""MP3 codec delay/alignment not independently verified"", ""bitrate_kbps"": 128, ""clipping_fraction"": 0.0, ""codec"": ""libmp3lame"", ""duration_seconds"": 5.29, ""family"": ""mp3"", ""id"": ""mp3_128"", ""input_samples"": 84640, ""output_peak"": 0.5600242018699646, ""output_samples"": 84640, ""pre_limiter_peak"": 0.5600242018699646, ""sample_aligned"": false, ""sample_rate"": 16000, ""seed"": 12618310155630213659}",15c228efe0dfe45ce952943b41a10e301228d56d16fa482de5fafa07e4db981a
20260905T233538.930635Z,b4f3de4a4f74b8742b201c9e0941cfe5166082fc,0ea442119cfa4d9f99e7b3b3ca6f55ddcdc1e56bc504ecce6b0481de96d1a73b,85a65f1f57cd5918e3529a1210a45ad78cb20cab8a6db637589aecc38e333336,15cd64de2c8ddb012c7001ab2b9d14b9009c3f6c85d26ac718ef884459e419c7,5105-28241-0019,5105,test-clean,5.29,20260905,negative,0,mp3_128,mp3,"{""bitrate_kbps"": 128, ""family"": ""mp3"", ""id"": ""mp3_128""}",0.5,0.5,0.0,0.010046197101473808,0,1000110010101111,0100100111110100,NA,NA,NA,NA,NA,NA,NA,NA,NA,NA: MP3 codec delay/alignment not independently verified,5.29,84640,0.5545517206192017,0.0,0.0,NA,24.20590491965413,71.65432209149003,ok,,"{""alignment_reason"": ""MP3 codec delay/alignment not independently verified"", ""bitrate_kbps"": 128, ""clipping_fraction"": 0.0, ""codec"": ""libmp3lame"", ""duration_seconds"": 5.29, ""family"": ""mp3"", ""id"": ""mp3_128"", ""input_samples"": 84640, ""output_peak"": 0.5545517206192017, ""output_samples"": 84640, ""pre_limiter_peak"": 0.5545517206192017, ""sample_aligned"": false, ""sample_rate"": 16000, ""seed"": 12618310155630213659}",f015ed59df6933b03b7b19f68abef93ffa896d35565faa11a9696c152521bb7d
20260905T233538.930635Z,b4f3de4a4f74b8742b201c9e0941cfe5166082fc,0ea442119cfa4d9f99e7b3b3ca6f55ddcdc1e56bc504ecce6b0481de96d1a73b,85a65f1f57cd5918e3529a1210a45ad78cb20cab8a6db637589aecc38e333336,15cd64de2c8ddb012c7001ab2b9d14b9009c3f6c85d26ac718ef884459e419c7,5105-28241-0019,5105,test-clean,5.29,20260905,positive,1,mp3_64,mp3,"{""bitrate_kbps"": 64, ""family"": ""mp3"", ""id"": ""mp3_64""}",0.5,0.5,1.0,0.9999862313270569,1,1000110010101111,1000110010101111,0,1.0,0.0,1,23.058156555384073,0.9990584753146162,NA,NA,NA,NA: MP3 codec delay/alignment not independently verified,5.29,84640,0.5466790795326233,0.0,0.0,162.68846997991204,26.527055073529482,80.64115501474589,ok,,"{""alignment_reason"": ""MP3 codec delay/alignment not independently verified"", ""bitrate_kbps"": 64, ""clipping_fraction"": 0.0, ""codec"": ""libmp3lame"", ""duration_seconds"": 5.29, ""family"": ""mp3"", ""id"": ""mp3_64"", ""input_samples"": 84640, ""output_peak"": 0.5466790795326233, ""output_samples"": 84640, ""pre_limiter_peak"": 0.5466790795326233, ""sample_aligned"": false, ""sample_rate"": 16000, ""seed"": 13731171815780679882}",455261db595216801a275045d5b8c2ae56ffb5f4d441ad82af2546079cd51180
20260905T233538.930635Z,b4f3de4a4f74b8742b201c9e0941cfe5166082fc,0ea442119cfa4d9f99e7b3b3ca6f55ddcdc1e56bc504ecce6b0481de96d1a73b,85a65f1f57cd5918e3529a1210a45ad78cb20cab8a6db637589aecc38e333336,15cd64de2c8ddb012c7001ab2b9d14b9009c3f6c85d26ac718ef884459e419c7,5105-28241-0019,5105,test-clean,5.29,20260905,negative,0,mp3_64,mp3,"{""bitrate_kbps"": 64, ""family"": ""mp3"", ""id"": ""mp3_64""}",0.5,0.5,0.0,0.0065703364089131355,0,1000110010101111,0100100111110100,NA,NA,NA,NA,NA,NA,NA,NA,NA,NA: MP3 codec delay/alignment not independently verified,5.29,84640,0.5529384016990662,0.0,0.0,NA,23.438754957169294,72.26726901717484,ok,,"{""alignment_reason"": ""MP3 codec delay/alignment not independently verified"", ""bitrate_kbps"": 64, ""clipping_fraction"": 0.0, ""codec"": ""libmp3lame"", ""duration_seconds"": 5.29, ""family"": ""mp3"", ""id"": ""mp3_64"", ""input_samples"": 84640, ""output_peak"": 0.5529384016990662, ""output_samples"": 84640, ""pre_limiter_peak"": 0.5529384016990662, ""sample_aligned"": false, ""sample_rate"": 16000, ""seed"": 13731171815780679882}",21b9abf47ea864599b55ba3c8fd527ee92b93c20525c08eb94f42eca4a584cbc
20260905T233538.930635Z,b4f3de4a4f74b8742b201c9e0941cfe5166082fc,0ea442119cfa4d9f99e7b3b3ca6f55ddcdc1e56bc504ecce6b0481de96d1a73b,85a65f1f57cd5918e3529a1210a45ad78cb20cab8a6db637589aecc38e333336,15cd64de2c8ddb012c7001ab2b9d14b9009c3f6c85d26ac718ef884459e419c7,5105-28241-0019,5105,test-clean,5.29,20260905,positive,1,noise_30,noise,"{""family"": ""noise"", ""id"": ""noise_30"", ""snr_db"": 30}",0.5,0.5,0.9993265867233276,0.9966473579406738,1,1000110010101111,1000110010101111,0,1.0,0.0,1,23.058156555384073,0.9990584753146162,0.9956646244289482,NA,22.259286063203337,aligned_to_original,5.29,84640,0.5891193747520447,0.0,0.0,162.68846997991204,1.8541309982538223,70.03712304867804,ok,,"{""clipping_fraction"": 0.0, ""duration_seconds"": 5.29, ""family"": ""noise"", ""id"": ""noise_30"", ""input_samples"": 84640, ""noise_snr_db"": 29.999999960632383, ""noise_snr_db_pre_clipping"": 30.0, ""output_peak"": 0.5891193747520447, ""output_samples"": 84640, ""pre_limiter_peak"": 0.5891193832072013, ""sample_aligned"": true, ""sample_rate"": 16000, ""seed"": 1725415369377769141, ""snr_db"": 30}",c963bb65515dc6054c9b191f3f0f9b1d3843c69a643c162aebfc085c444311b0
20260905T233538.930635Z,b4f3de4a4f74b8742b201c9e0941cfe5166082fc,0ea442119cfa4d9f99e7b3b3ca6f55ddcdc1e56bc504ecce6b0481de96d1a73b,85a65f1f57cd5918e3529a1210a45ad78cb20cab8a6db637589aecc38e333336,15cd64de2c8ddb012c7001ab2b9d14b9009c3f6c85d26ac718ef884459e419c7,5105-28241-0019,5105,test-clean,5.29,20260905,negative,0,noise_30,noise,"{""family"": ""noise"", ""id"": ""noise_30"", ""snr_db"": 30}",0.5,0.5,0.0,0.0045119402930140495,0,1000110010101111,0100110110100100,NA,NA,NA,NA,NA,NA,0.9965048177079114,NA,30.00000000589132,aligned_to_original,5.29,84640,0.5858379602432251,0.0,0.0,NA,1.8175309523940086,74.01099998969585,ok,,"{""clipping_fraction"": 0.0, ""duration_seconds"": 5.29, ""family"": ""noise"", ""id"": ""noise_30"", ""input_samples"": 84640, ""noise_snr_db"": 30.00000000589132, ""noise_snr_db_pre_clipping"": 30.0, ""output_peak"": 0.5858379602432251, ""output_samples"": 84640, ""pre_limiter_peak"": 0.5858379677627666, ""sample_aligned"": true, ""sample_rate"": 16000, ""seed"": 1725415369377769141, ""snr_db"": 30}",c6384bd824b59d5c213bc22663347600923c02bec94a7026de77a49ce19ba296
20260905T233538.930635Z,b4f3de4a4f74b8742b201c9e0941cfe5166082fc,0ea442119cfa4d9f99e7b3b3ca6f55ddcdc1e56bc504ecce6b0481de96d1a73b,85a65f1f57cd5918e3529a1210a45ad78cb20cab8a6db637589aecc38e333336,15cd64de2c8ddb012c7001ab2b9d14b9009c3f6c85d26ac718ef884459e419c7,5105-28241-0019,5105,test-clean,5.29,20260905,positive,1,noise_20,noise,"{""family"": ""noise"", ""id"": ""noise_20"", ""snr_db"": 20}",0.5,0.5,0.5618501901626587,0.5575545430183411,1,1000110010101111,1000110010101111,0,1.0,0.0,1,23.058156555384073,0.9990584753146162,0.9788058367838138,NA,18.29548691323352,aligned_to_original,5.29,84640,0.5915669798851013,0.0,0.0,162.68846997991204,1.795268035493791,70.24364592507482,ok,,"{""clipping_fraction"": 0.0, ""duration_seconds"": 5.29, ""family"": ""noise"", ""id"": ""noise_20"", ""input_samples"": 84640, ""noise_snr_db"": 19.9999999989087, ""noise_snr_db_pre_clipping"": 20.0, ""output_peak"": 0.5915669798851013, ""output_samples"": 84640, ""pre_limiter_peak"": 0.591566950750594, ""sample_aligned"": true, ""sample_rate"": 16000, ""seed"": 7266053494521759273, ""snr_db"": 20}",a695435d97d2e1e86059172d0912e65cca42c21493f24dfbad711110786d3b19
20260905T233538.930635Z,b4f3de4a4f74b8742b201c9e0941cfe5166082fc,0ea442119cfa4d9f99e7b3b3ca6f55ddcdc1e56bc504ecce6b0481de96d1a73b,85a65f1f57cd5918e3529a1210a45ad78cb20cab8a6db637589aecc38e333336,15cd64de2c8ddb012c7001ab2b9d14b9009c3f6c85d26ac718ef884459e419c7,5105-28241-0019,5105,test-clean,5.29,20260905,negative,0,noise_20,noise,"{""family"": ""noise"", ""id"": ""noise_20"", ""snr_db"": 20}",0.5,0.5,0.0,0.005105265416204929,0,1000110010101111,0100110101110100,NA,NA,NA,NA,NA,NA,0.9793665715061025,NA,19.9999999993708,aligned_to_original,5.29,84640,0.5875476002693176,0.0,0.0,NA,1.7859709914773703,69.94278298225254,ok,,"{""clipping_fraction"": 0.0, ""duration_seconds"": 5.29, ""family"": ""noise"", ""id"": ""noise_20"", ""input_samples"": 84640, ""noise_snr_db"": 19.9999999993708, ""noise_snr_db_pre_clipping"": 20.0, ""output_peak"": 0.5875476002693176, ""output_samples"": 84640, ""pre_limiter_peak"": 0.5875475877454245, ""sample_aligned"": true, ""sample_rate"": 16000, ""seed"": 7266053494521759273, ""snr_db"": 20}",3696c4227ff2f367d76d2b082a196f619d6b62153a14f758d2b17e037e321143
20260905T233538.930635Z,b4f3de4a4f74b8742b201c9e0941cfe5166082fc,0ea442119cfa4d9f99e7b3b3ca6f55ddcdc1e56bc504ecce6b0481de96d1a73b,85a65f1f57cd5918e3529a1210a45ad78cb20cab8a6db637589aecc38e333336,15cd64de2c8ddb012c7001ab2b9d14b9009c3f6c85d26ac718ef884459e419c7,5105-28241-0019,5105,test-clean,5.29,20260905,positive,1,resample_12000,resample,"{""family"": ""resample"", ""id"": ""resample_12000"", ""intermediate_sr"": 12000}",0.5,0.5,1.0,0.9999867081642151,1,1000110010101111,1000110010101111,0,1.0,0.0,1,23.058156555384073,0.9990584753146162,0.9990586391877802,NA,20.307578472256647,aligned_to_original,5.29,84640,0.5900998115539551,0.0,0.0,162.68846997991204,2.6994699146598577,69.96706791687757,ok,,"{""clipping_fraction"": 0.0, ""duration_seconds"": 5.29, ""family"": ""resample"", ""id"": ""resample_12000"", ""input_samples"": 84640, ""intermediate_sr"": 12000, ""output_peak"": 0.5900998115539551, ""output_samples"": 84640, ""pre_limiter_peak"": 0.5900998115539551, ""resampler"": ""scipy.signal.resample_poly"", ""resampler_window"": [""kaiser"", 5.0], ""sample_aligned"": true, ""sample_rate"": 16000, ""seed"": 14496519385017760801}",7a0dc36b634be216ccdc62c4dc6381debc55d867937c05e43c6f629fc76714e8
20260905T233538.930635Z,b4f3de4a4f74b8742b201c9e0941cfe5166082fc,0ea442119cfa4d9f99e7b3b3ca6f55ddcdc1e56bc504ecce6b0481de96d1a73b,85a65f1f57cd5918e3529a1210a45ad78cb20cab8a6db637589aecc38e333336,15cd64de2c8ddb012c7001ab2b9d14b9009c3f6c85d26ac718ef884459e419c7,5105-28241-0019,5105,test-clean,5.29,20260905,negative,0,resample_12000,resample,"{""family"": ""resample"", ""id"": ""resample_12000"", ""intermediate_sr"": 12000}",0.5,0.5,0.0,0.009180457331240177,0,1000110010101111,0100100111110100,NA,NA,NA,NA,NA,NA,0.9999999214758096,NA,23.593214609345758,aligned_to_original,5.29,84640,0.5841277837753296,0.0,0.0,NA,3.7302729906514287,75.38361300248653,ok,,"{""clipping_fraction"": 0.0, ""duration_seconds"": 5.29, ""family"": ""resample"", ""id"": ""resample_12000"", ""input_samples"": 84640, ""intermediate_sr"": 12000, ""output_peak"": 0.5841277837753296, ""output_samples"": 84640, ""pre_limiter_peak"": 0.5841277837753296, ""resampler"": ""scipy.signal.resample_poly"", ""resampler_window"": [""kaiser"", 5.0], ""sample_aligned"": true, ""sample_rate"": 16000, ""seed"": 14496519385017760801}",0f0c9d52f74f6c538f50af7c5632b5a1ef9e7f882ab4a12908fe5376d0d97fe5
20260905T233538.930635Z,b4f3de4a4f74b8742b201c9e0941cfe5166082fc,0ea442119cfa4d9f99e7b3b3ca6f55ddcdc1e56bc504ecce6b0481de96d1a73b,85a65f1f57cd5918e3529a1210a45ad78cb20cab8a6db637589aecc38e333336,15cd64de2c8ddb012c7001ab2b9d14b9009c3f6c85d26ac718ef884459e419c7,5105-28241-0019,5105,test-clean,5.29,20260905,positive,1,resample_8000,resample,"{""family"": ""resample"", ""id"": ""resample_8000"", ""intermediate_sr"": 8000}",0.5,0.5,1.0,0.9999871850013733,1,1000110010101111,1000110010101111,0,1.0,0.0,1,23.058156555384073,0.9990584753146162,0.9982619972958454,NA,15.1662408859037,aligned_to_original,5.29,84640,0.5844462513923645,0.0,0.0,162.68846997991204,2.6964849093928933,70.62226708512753,ok,,"{""clipping_fraction"": 0.0, ""duration_seconds"": 5.29, ""family"": ""resample"", ""id"": ""resample_8000"", ""input_samples"": 84640, ""intermediate_sr"": 8000, ""output_peak"": 0.5844462513923645, ""output_samples"": 84640, ""pre_limiter_peak"": 0.5844462513923645, ""resampler"": ""scipy.signal.resample_poly"", ""resampler_window"": [""kaiser"", 5.0], ""sample_aligned"": true, ""sample_rate"": 16000, ""seed"": 18177928859407241686}",0c172909819e9021c266ac4838c7066505f56e9017034a1f844baf41ae9f3d69
20260905T233538.930635Z,b4f3de4a4f74b8742b201c9e0941cfe5166082fc,0ea442119cfa4d9f99e7b3b3ca6f55ddcdc1e56bc504ecce6b0481de96d1a73b,85a65f1f57cd5918e3529a1210a45ad78cb20cab8a6db637589aecc38e333336,15cd64de2c8ddb012c7001ab2b9d14b9009c3f6c85d26ac718ef884459e419c7,5105-28241-0019,5105,test-clean,5.29,20260905,negative,0,resample_8000,resample,"{""family"": ""resample"", ""id"": ""resample_8000"", ""intermediate_sr"": 8000}",0.5,0.5,0.0,0.007043908350169659,0,1000110010101111,0100100111111100,NA,NA,NA,NA,NA,NA,0.99920370977877,NA,15.93611401573547,aligned_to_original,5.29,84640,0.5857110619544983,0.0,0.0,NA,2.709047985263169,70.31251606531441,ok,,"{""clipping_fraction"": 0.0, ""duration_seconds"": 5.29, ""family"": ""resample"", ""id"": ""resample_8000"", ""input_samples"": 84640, ""intermediate_sr"": 8000, ""output_peak"": 0.5857110619544983, ""output_samples"": 84640, ""pre_limiter_peak"": 0.5857110619544983, ""resampler"": ""scipy.signal.resample_poly"", ""resampler_window"": [""kaiser"", 5.0], ""sample_aligned"": true, ""sample_rate"": 16000, ""seed"": 18177928859407241686}",64fff3af96960b76a1e88b4465c357b42f288817feb8c83d2507b6c3699c7968
20260905T233538.930635Z,b4f3de4a4f74b8742b201c9e0941cfe5166082fc,0ea442119cfa4d9f99e7b3b3ca6f55ddcdc1e56bc504ecce6b0481de96d1a73b,85a65f1f57cd5918e3529a1210a45ad78cb20cab8a6db637589aecc38e333336,15cd64de2c8ddb012c7001ab2b9d14b9009c3f6c85d26ac718ef884459e419c7,5105-28241-0019,5105,test-clean,5.29,20260905,positive,1,pitch_minus2,pitch,"{""family"": ""pitch"", ""id"": ""pitch_minus2"", ""semitones"": -2}",0.5,0.5,0.0,0.004540391266345978,0,1000110010101111,0100110010100101,4,0.75,0.25,0,23.058156555384073,0.9990584753146162,NA,NA,NA,NA: Pitch shifting changes sample phase and content,5.29,84640,0.2578725218772888,0.0,0.0,162.68846997991204,18.75807100441307,69.70627198461443,ok,,"{""alignment_reason"": ""Pitch shifting changes sample phase and content"", ""clipping_fraction"": 0.0, ""duration_seconds"": 5.29, ""family"": ""pitch"", ""hop_length"": 512, ""id"": ""pitch_minus2"", ""implementation"": ""librosa"", ""input_samples"": 84640, ""n_fft"": 2048, ""output_peak"": 0.2578725218772888, ""output_samples"": 84640, ""pre_limiter_peak"": 0.2578725218772888, ""res_type"": ""soxr_hq"", ""sample_aligned"": false, ""sample_rate"": 16000, ""seed"": 4840043840260969966, ""semitones"": -2}",c22e575f0b87d68856bb0071eb52e691ea10e50f1ddf83bb5a97985a2e810a27
20260905T233538.930635Z,b4f3de4a4f74b8742b201c9e0941cfe5166082fc,0ea442119cfa4d9f99e7b3b3ca6f55ddcdc1e56bc504ecce6b0481de96d1a73b,85a65f1f57cd5918e3529a1210a45ad78cb20cab8a6db637589aecc38e333336,15cd64de2c8ddb012c7001ab2b9d14b9009c3f6c85d26ac718ef884459e419c7,5105-28241-0019,5105,test-clean,5.29,20260905,negative,0,pitch_minus2,pitch,"{""family"": ""pitch"", ""id"": ""pitch_minus2"", ""semitones"": -2}",0.5,0.5,0.0,0.004569717682898045,0,1000110010101111,1100111110100100,NA,NA,NA,NA,NA,NA,NA,NA,NA,NA: Pitch shifting changes sample phase and content,5.29,84640,0.23648709058761597,0.0,0.0,NA,19.418167998082936,71.10191008541733,ok,,"{""alignment_reason"": ""Pitch shifting changes sample phase and content"", ""clipping_fraction"": 0.0, ""duration_seconds"": 5.29, ""family"": ""pitch"", ""hop_length"": 512, ""id"": ""pitch_minus2"", ""implementation"": ""librosa"", ""input_samples"": 84640, ""n_fft"": 2048, ""output_peak"": 0.23648709058761597, ""output_samples"": 84640, ""pre_limiter_peak"": 0.23648709058761597, ""res_type"": ""soxr_hq"", ""sample_aligned"": false, ""sample_rate"": 16000, ""seed"": 4840043840260969966, ""semitones"": -2}",127564cd1510ee0e6e1b4bf23772099dc1d3ac45562321b563451cd856828905
20260905T233538.930635Z,b4f3de4a4f74b8742b201c9e0941cfe5166082fc,0ea442119cfa4d9f99e7b3b3ca6f55ddcdc1e56bc504ecce6b0481de96d1a73b,85a65f1f57cd5918e3529a1210a45ad78cb20cab8a6db637589aecc38e333336,15cd64de2c8ddb012c7001ab2b9d14b9009c3f6c85d26ac718ef884459e419c7,5105-28241-0019,5105,test-clean,5.29,20260905,positive,1,pitch_plus2,pitch,"{""family"": ""pitch"", ""id"": ""pitch_plus2"", ""semitones"": 2}",0.5,0.5,0.0,0.005415716208517551,0,1000110010101111,0100111010100100,6,0.625,0.375,0,23.058156555384073,0.9990584753146162,NA,NA,NA,NA: Pitch shifting changes sample phase and content,5.29,84640,0.24073195457458496,0.0,0.0,162.68846997991204,22.431647055782378,71.69172295834869,ok,,"{""alignment_reason"": ""Pitch shifting changes sample phase and content"", ""clipping_fraction"": 0.0, ""duration_seconds"": 5.29, ""family"": ""pitch"", ""hop_length"": 512, ""id"": ""pitch_plus2"", ""implementation"": ""librosa"", ""input_samples"": 84640, ""n_fft"": 2048, ""output_peak"": 0.24073195457458496, ""output_samples"": 84640, ""pre_limiter_peak"": 0.24073195457458496, ""res_type"": ""soxr_hq"", ""sample_aligned"": false, ""sample_rate"": 16000, ""seed"": 7736216070816630143, ""semitones"": 2}",c6c20a61711baff49de38bcffdf38086929b521a80480641fc9213f7da797bc3
20260905T233538.930635Z,b4f3de4a4f74b8742b201c9e0941cfe5166082fc,0ea442119cfa4d9f99e7b3b3ca6f55ddcdc1e56bc504ecce6b0481de96d1a73b,85a65f1f57cd5918e3529a1210a45ad78cb20cab8a6db637589aecc38e333336,15cd64de2c8ddb012c7001ab2b9d14b9009c3f6c85d26ac718ef884459e419c7,5105-28241-0019,5105,test-clean,5.29,20260905,negative,0,pitch_plus2,pitch,"{""family"": ""pitch"", ""id"": ""pitch_plus2"", ""semitones"": 2}",0.5,0.5,0.0,0.008386917412281036,0,1000110010101111,0100111110100101,NA,NA,NA,NA,NA,NA,NA,NA,NA,NA: Pitch shifting changes sample phase and content,5.29,84640,0.2410247027873993,0.0,0.0,NA,22.487382986582816,69.75208001676947,ok,,"{""alignment_reason"": ""Pitch shifting changes sample phase and content"", ""clipping_fraction"": 0.0, ""duration_seconds"": 5.29, ""family"": ""pitch"", ""hop_length"": 512, ""id"": ""pitch_plus2"", ""implementation"": ""librosa"", ""input_samples"": 84640, ""n_fft"": 2048, ""output_peak"": 0.2410247027873993, ""output_samples"": 84640, ""pre_limiter_peak"": 0.2410247027873993, ""res_type"": ""soxr_hq"", ""sample_aligned"": false, ""sample_rate"": 16000, ""seed"": 7736216070816630143, ""semitones"": 2}",858dc230db98b213ba447557be219d5408c08ab030a8505d64f523c6be6d8cf0
20260905T233538.930635Z,b4f3de4a4f74b8742b201c9e0941cfe5166082fc,0ea442119cfa4d9f99e7b3b3ca6f55ddcdc1e56bc504ecce6b0481de96d1a73b,85a65f1f57cd5918e3529a1210a45ad78cb20cab8a6db637589aecc38e333336,15cd64de2c8ddb012c7001ab2b9d14b9009c3f6c85d26ac718ef884459e419c7,5105-28241-0019,5105,test-clean,5.29,20260905,positive,1,stretch_09,stretch,"{""family"": ""stretch"", ""id"": ""stretch_09"", ""rate"": 0.9}",0.5,0.5,0.19412189722061157,0.23027724027633667,0,1000110010101111,1000110010101111,0,1.0,0.0,1,23.058156555384073,0.9990584753146162,NA,NA,NA,NA: Time stretching changes the temporal coordinate,5.87775,94044,0.27092573046684265,0.0,0.0,162.68846997991204,21.109730005264282,98.825623979792,ok,,"{""alignment_reason"": ""Time stretching changes the temporal coordinate"", ""clipping_fraction"": 0.0, ""duration_seconds"": 5.87775, ""family"": ""stretch"", ""hop_length"": 512, ""id"": ""stretch_09"", ""implementation"": ""librosa"", ""input_samples"": 84640, ""n_fft"": 2048, ""output_peak"": 0.27092573046684265, ""output_samples"": 94044, ""pre_limiter_peak"": 0.27092573046684265, ""rate"": 0.9, ""sample_aligned"": false, ""sample_rate"": 16000, ""seed"": 12354178813418070567}",61b3ed44b67f86e726df45ea4d5d8a5aaf3494c8ce7ba73ae6f65af0f2d7b798
20260905T233538.930635Z,b4f3de4a4f74b8742b201c9e0941cfe5166082fc,0ea442119cfa4d9f99e7b3b3ca6f55ddcdc1e56bc504ecce6b0481de96d1a73b,85a65f1f57cd5918e3529a1210a45ad78cb20cab8a6db637589aecc38e333336,15cd64de2c8ddb012c7001ab2b9d14b9009c3f6c85d26ac718ef884459e419c7,5105-28241-0019,5105,test-clean,5.29,20260905,negative,0,stretch_09,stretch,"{""family"": ""stretch"", ""id"": ""stretch_09"", ""rate"": 0.9}",0.5,0.5,0.0003934328560717404,0.006282162386924028,0,1000110010101111,0100111110100100,NA,NA,NA,NA,NA,NA,NA,NA,NA,NA: Time stretching changes the temporal coordinate,5.87775,94044,0.26711490750312805,0.0,0.0,NA,20.707022049464285,77.53749506082386,ok,,"{""alignment_reason"": ""Time stretching changes the temporal coordinate"", ""clipping_fraction"": 0.0, ""duration_seconds"": 5.87775, ""family"": ""stretch"", ""hop_length"": 512, ""id"": ""stretch_09"", ""implementation"": ""librosa"", ""input_samples"": 84640, ""n_fft"": 2048, ""output_peak"": 0.26711490750312805, ""output_samples"": 94044, ""pre_limiter_peak"": 0.26711490750312805, ""rate"": 0.9, ""sample_aligned"": false, ""sample_rate"": 16000, ""seed"": 12354178813418070567}",7fece495e227bbcf6cbf7f42c4a6078034df784df0173323320f0abfe17eee46
20260905T233538.930635Z,b4f3de4a4f74b8742b201c9e0941cfe5166082fc,0ea442119cfa4d9f99e7b3b3ca6f55ddcdc1e56bc504ecce6b0481de96d1a73b,85a65f1f57cd5918e3529a1210a45ad78cb20cab8a6db637589aecc38e333336,15cd64de2c8ddb012c7001ab2b9d14b9009c3f6c85d26ac718ef884459e419c7,5105-28241-0019,5105,test-clean,5.29,20260905,positive,1,stretch_11,stretch,"{""family"": ""stretch"", ""id"": ""stretch_11"", ""rate"": 1.1}",0.5,0.5,0.14577944576740265,0.17808254063129425,0,1000110010101111,1000110010101111,0,1.0,0.0,1,23.058156555384073,0.9990584753146162,NA,NA,NA,NA: Time stretching changes the temporal coordinate,4.8090625,76945,0.23329998552799225,0.0,0.0,162.68846997991204,17.637968994677067,79.14420403540134,ok,,"{""alignment_reason"": ""Time stretching changes the temporal coordinate"", ""clipping_fraction"": 0.0, ""duration_seconds"": 4.8090625, ""family"": ""stretch"", ""hop_length"": 512, ""id"": ""stretch_11"", ""implementation"": ""librosa"", ""input_samples"": 84640, ""n_fft"": 2048, ""output_peak"": 0.23329998552799225, ""output_samples"": 76945, ""pre_limiter_peak"": 0.23329998552799225, ""rate"": 1.1, ""sample_aligned"": false, ""sample_rate"": 16000, ""seed"": 708621230307856264}",6e065926b5840e541bd3ae7fddbd0f21e4f9f9172d821e50c6bc26f2a5a25e61
20260905T233538.930635Z,b4f3de4a4f74b8742b201c9e0941cfe5166082fc,0ea442119cfa4d9f99e7b3b3ca6f55ddcdc1e56bc504ecce6b0481de96d1a73b,85a65f1f57cd5918e3529a1210a45ad78cb20cab8a6db637589aecc38e333336,15cd64de2c8ddb012c7001ab2b9d14b9009c3f6c85d26ac718ef884459e419c7,5105-28241-0019,5105,test-clean,5.29,20260905,negative,0,stretch_11,stretch,"{""family"": ""stretch"", ""id"": ""stretch_11"", ""rate"": 1.1}",0.5,0.5,0.0,0.0029786634258925915,0,1000110010101111,0100111110100100,NA,NA,NA,NA,NA,NA,NA,NA,NA,NA: Time stretching changes the temporal coordinate,4.8090625,76945,0.2333914190530777,0.0,0.0,NA,17.809554934501648,63.31886793486774,ok,,"{""alignment_reason"": ""Time stretching changes the temporal coordinate"", ""clipping_fraction"": 0.0, ""duration_seconds"": 4.8090625, ""family"": ""stretch"", ""hop_length"": 512, ""id"": ""stretch_11"", ""implementation"": ""librosa"", ""input_samples"": 84640, ""n_fft"": 2048, ""output_peak"": 0.2333914190530777, ""output_samples"": 76945, ""pre_limiter_peak"": 0.2333914190530777, ""rate"": 1.1, ""sample_aligned"": false, ""sample_rate"": 16000, ""seed"": 708621230307856264}",4900bd36423648358fb79009662a6cce4130251a1e3511bda5a55496434f92f5
20260905T233538.930635Z,b4f3de4a4f74b8742b201c9e0941cfe5166082fc,0ea442119cfa4d9f99e7b3b3ca6f55ddcdc1e56bc504ecce6b0481de96d1a73b,85a65f1f57cd5918e3529a1210a45ad78cb20cab8a6db637589aecc38e333336,15cd64de2c8ddb012c7001ab2b9d14b9009c3f6c85d26ac718ef884459e419c7,5105-28241-0019,5105,test-clean,5.29,20260905,positive,1,crop_10,crop,"{""family"": ""crop"", ""fraction"": 0.1, ""id"": ""crop_10""}",0.5,0.5,0.9258952736854553,0.8959430456161499,1,1000110010101111,1010100110110001,7,0.5625,0.4375,0,23.058156555384073,0.9990584753146162,NA,NA,NA,NA: Contiguous crop changes length and may shift time origin,4.761,76176,0.5886124968528748,0.0,0.0,162.68846997991204,0.40124403312802315,77.57890305947512,ok,,"{""alignment_reason"": ""Contiguous crop changes length and may shift time origin"", ""clipping_fraction"": 0.0, ""crop_end_sample"": 79525, ""crop_start_sample"": 3349, ""duration_seconds"": 4.761, ""family"": ""crop"", ""fraction"": 0.1, ""id"": ""crop_10"", ""input_samples"": 84640, ""output_peak"": 0.5886124968528748, ""output_samples"": 76176, ""pre_limiter_peak"": 0.5886124968528748, ""removed_fraction_actual"": 0.09999999999999998, ""sample_aligned"": false, ""sample_rate"": 16000, ""seed"": 17219794110300472592}",c2388f15503734a76631a47f9fc0cba25be701eafb1c83b8211e44d2e5f63dd1
20260905T233538.930635Z,b4f3de4a4f74b8742b201c9e0941cfe5166082fc,0ea442119cfa4d9f99e7b3b3ca6f55ddcdc1e56bc504ecce6b0481de96d1a73b,85a65f1f57cd5918e3529a1210a45ad78cb20cab8a6db637589aecc38e333336,15cd64de2c8ddb012c7001ab2b9d14b9009c3f6c85d26ac718ef884459e419c7,5105-28241-0019,5105,test-clean,5.29,20260905,negative,0,crop_10,crop,"{""family"": ""crop"", ""fraction"": 0.1, ""id"": ""crop_10""}",0.5,0.5,0.008664146065711975,0.014613385312259197,0,1000110010101111,0101111111110000,NA,NA,NA,NA,NA,NA,NA,NA,NA,NA: Contiguous crop changes length and may shift time origin,4.761,76176,0.58538818359375,0.0,0.0,NA,0.36427401937544346,61.0350389033556,ok,,"{""alignment_reason"": ""Contiguous crop changes length and may shift time origin"", ""clipping_fraction"": 0.0, ""crop_end_sample"": 79525, ""crop_start_sample"": 3349, ""duration_seconds"": 4.761, ""family"": ""crop"", ""fraction"": 0.1, ""id"": ""crop_10"", ""input_samples"": 84640, ""output_peak"": 0.58538818359375, ""output_samples"": 76176, ""pre_limiter_peak"": 0.58538818359375, ""removed_fraction_actual"": 0.09999999999999998, ""sample_aligned"": false, ""sample_rate"": 16000, ""seed"": 17219794110300472592}",36504558f9afc37aae58a64f10c2fa6f82d059cf8530d83967feb6945eba3bfd
20260905T233538.930635Z,b4f3de4a4f74b8742b201c9e0941cfe5166082fc,0ea442119cfa4d9f99e7b3b3ca6f55ddcdc1e56bc504ecce6b0481de96d1a73b,85a65f1f57cd5918e3529a1210a45ad78cb20cab8a6db637589aecc38e333336,15cd64de2c8ddb012c7001ab2b9d14b9009c3f6c85d26ac718ef884459e419c7,5105-28241-0019,5105,test-clean,5.29,20260905,positive,1,crop_25,crop,"{""family"": ""crop"", ""fraction"": 0.25, ""id"": ""crop_25""}",0.5,0.5,0.3321676254272461,0.3550011217594147,0,1000110010101111,1010011111101111,5,0.6875,0.3125,0,23.058156555384073,0.9990584753146162,NA,NA,NA,NA: Contiguous crop changes length and may shift time origin,3.9675,63480,0.4337824583053589,0.0,0.0,162.68846997991204,0.40908902883529663,70.80154702998698,ok,,"{""alignment_reason"": ""Contiguous crop changes length and may shift time origin"", ""clipping_fraction"": 0.0, ""crop_end_sample"": 78153, ""crop_start_sample"": 14673, ""duration_seconds"": 3.9675, ""family"": ""crop"", ""fraction"": 0.25, ""id"": ""crop_25"", ""input_samples"": 84640, ""output_peak"": 0.4337824583053589, ""output_samples"": 63480, ""pre_limiter_peak"": 0.4337824583053589, ""removed_fraction_actual"": 0.25, ""sample_aligned"": false, ""sample_rate"": 16000, ""seed"": 17127449915295729858}",b8c1ca8c61164e74c445ff5b9a10416ca083e7ab5c41185e70da1c7921d0736f
20260905T233538.930635Z,b4f3de4a4f74b8742b201c9e0941cfe5166082fc,0ea442119cfa4d9f99e7b3b3ca6f55ddcdc1e56bc504ecce6b0481de96d1a73b,85a65f1f57cd5918e3529a1210a45ad78cb20cab8a6db637589aecc38e333336,15cd64de2c8ddb012c7001ab2b9d14b9009c3f6c85d26ac718ef884459e419c7,5105-28241-0019,5105,test-clean,5.29,20260905,negative,0,crop_25,crop,"{""family"": ""crop"", ""fraction"": 0.25, ""id"": ""crop_25""}",0.5,0.5,0.0,0.0030586854554712772,0,1000110010101111,0100111010100001,NA,NA,NA,NA,NA,NA,NA,NA,NA,NA: Contiguous crop changes length and may shift time origin,3.9675,63480,0.431884765625,0.0,0.0,NA,0.34411600790917873,51.879725069738925,ok,,"{""alignment_reason"": ""Contiguous crop changes length and may shift time origin"", ""clipping_fraction"": 0.0, ""crop_end_sample"": 78153, ""crop_start_sample"": 14673, ""duration_seconds"": 3.9675, ""family"": ""crop"", ""fraction"": 0.25, ""id"": ""crop_25"", ""input_samples"": 84640, ""output_peak"": 0.431884765625, ""output_samples"": 63480, ""pre_limiter_peak"": 0.431884765625, ""removed_fraction_actual"": 0.25, ""sample_aligned"": false, ""sample_rate"": 16000, ""seed"": 17127449915295729858}",3dc9d18799a877f522be58c660f44d25a83bf0ca82c86d9a35aefee68e214e8a
